Track name,Artist name,Album,Spotify Popularity,Spotify Release Date,Spotify Release Year,Track Age,Tags,Genres,bpm,energy,danceability,mood,Track Artist,Update_date
...Baby One More Time (from Kung Fu Panda 4),Tenacious D,...Baby One More Time (from Kung Fu Panda 4),66.0,2024-03-08,2024,0,"'cover', 'Soundtrack', 'Britney Spears'",'Soundtrack',100.0,0.1805,0.9332,neutral,...Baby One More Time (from Kung Fu Panda 4) Tenacious D,2025/11/30
100 Bad - Charli XCX Remix,Tommy Genesis,Tommy Genesis,43.0,2018-11-09,2018,5,"'rap', 'Hip-Hop', 'cloud rap', 'electronic', 'hip hop'","'rap', 'Hip-Hop', 'electronic'",165.0,0.3258,1.2229,energetic,100 Bad - Charli XCX Remix Tommy Genesis,2025/11/30
151 RUM,Max Wassen,151 RUM,23.0,2023-11-02,2023,1,"'hip hop', 'rap', 'hiphop', 'party', 'music'",'rap',161.0,0.2674,1.3027,energetic,151 RUM Max Wassen,2025/11/30
2002,Anne-Marie,Speak Your Mind (Deluxe),83.0,2018-04-27,2018,5,"'pop', 'rnb', 'seen live', 'british', 'electronic'","'pop', 'electronic'",128.0,0.3065,1.1985,energetic,2002 Anne-Marie,2025/11/30
2009,Ralph Kaminski,Młodość,48.0,2019-11-22,2019,5,,,125.0,0.1643,0.9176,energetic,2009 Ralph Kaminski,2025/11/30
25,The Pretty Reckless,25,43.0,2021-02-12,2021,3,"'hard rock', 'rock', 'alternative rock', 'arena rock', 'Ballad'","'hard rock', 'rock', 'alternative rock', 'arena rock'",152.0,0.2119,1.0084,energetic,25 The Pretty Reckless,2025/11/30
2:00,sanah,Irenka,55.0,2021-05-06,2021,2,'polish',,120.0,0.1112,0.9465,neutral,2:00 sanah,2025/11/30
3D (feat. Jack Harlow),Jung Kook,3D : The Remixes,79.0,2023-10-02,2023,1,"'pop', 'k-pop', 'Korean', 'bot', 'worst of 2024'","'pop', 'k-pop'",108.0,0.2839,1.2915,bright,3D (feat. Jack Harlow) Jung Kook,2025/11/30
500lbs,Lil Tecca,TEC,83.0,2023-09-22,2023,1,"'rap', 'Hip-Hop', 'trap', 'hip hop', 'new york'","'rap', 'Hip-Hop', 'trap'",122.0,0.3201,1.2139,energetic,500lbs Lil Tecca,2025/11/30
7 Years,Lukas Graham,Lukas Graham (Blue Album),85.0,2016-04-01,2016,7,"'pop', 'soul', 'danish', 'seen live', 'retro pop'","'pop', 'soul'",120.0,0.1879,1.1421,neutral,7 Years Lukas Graham,2025/11/30
A Bar Song (Tipsy),Shaboozey,"Where I've Been, Isn't Where I'm Going",88.0,2024-04-12,2024,0,"'country', 'rap', 'Hip-Hop', 'pop', 'seen live'","'country', 'rap', 'Hip-Hop', 'pop'",161.0,0.2391,1.1213,energetic,A Bar Song (Tipsy) Shaboozey,2025/11/30
A Sky Full of Stars,Coldplay,Ghost Stories,90.0,2014-05-16,2014,9,"'pop', 'alternative rock', 'electronic', '2014', 'eletronic'","'pop', 'alternative rock', 'electronic'",125.0,0.2181,1.0121,energetic,A Sky Full of Stars Coldplay,2025/11/30
A World Not so Beautiful [A Song 4 the Emperor],Ordo Rosarius Equilibrio,Songs 4 Hate & Devotion,28.0,2010-10-29,2010,14,"'punishment and pleasure', 'alternative rock', 'industrial', 'neoclassical', 'apocalyptic folk'","'alternative rock', 'industrial'",120.0,0.2129,0.9725,neutral,A World Not so Beautiful [A Song 4 the Emperor] Ordo Rosarius Equilibrio,2025/11/30
Aaj,Bloodywood,Rakshak,51.0,2022-02-18,2022,2,"'folk metal', 'neofolk', 'Nu Metal', 'personal favourites', 'groove metal'","'folk metal', 'neofolk', 'Nu Metal', 'groove metal'",120.0,0.3465,1.1345,bright,Aaj Bloodywood,2025/11/30
About Damn Time,Lizzo,Special,77.0,2022-07-15,2022,1,"'seen live', 'Hip-Hop', 'pop', 'rnb', 'rap'","'Hip-Hop', 'pop', 'rap'",108.0,0.1099,1.289,bright,About Damn Time Lizzo,2025/11/30
Absolute Zero,Stone Sour,"House of Gold & Bones, Part 1",68.0,2012-10-17,2012,12,"'alternative metal', 'hard rock', 'rock', 'Nu-metal', 'Stone Sour'","'hard rock', 'rock'",141.0,0.2317,1.0892,energetic,Absolute Zero Stone Sour,2025/11/30
Activate,Oscillian,"Pure Darkwave, Vol. 1",28.0,2019-07-13,2019,5,,,100.0,0.342,1.2516,neutral,Activate Oscillian,2025/11/30
Activate ,Oscillian,"Pure Darkwave, Vol. 1",28.0,2019-07-13,2019,5,,,100.0,0.342,1.2516,neutral,Activate  Oscillian,2025/11/30
Adrenalize,In This Moment,Blood,60.0,2012-08-14,2012,12,"'metalcore', 'female vocalists', 'alternative metal', 'metal', 'industrial metal'","'metalcore', 'metal', 'industrial metal'",131.0,0.2829,1.0355,energetic,Adrenalize In This Moment,2025/11/30
Afraid,The Neighbourhood,I Love You.,79.0,2013-04-22,2013,11,"'indie', 'indie rock', 'alternative', 'rock', 'chill'","'indie rock', 'alternative', 'rock'",112.0,0.2689,1.0104,neutral,Afraid The Neighbourhood,2025/11/30
After Dark - 2015 Remaster,Tito & Tarantula,Tarantism (2015 Remaster),58.0,1997-01-01,1997,27,"'rock', 'blues', 'Southern Rock', 'Garage Rock', 'alternative'","'rock', 'blues', 'Southern Rock', 'alternative'",100.0,0.2502,1.0864,neutral,After Dark - 2015 Remaster Tito & Tarantula,2025/11/30
Agora Hills,Doja Cat,Scarlet,79.0,2023-09-22,2023,1,"'pop', 'rnb', 'rap', 'Hip-Hop', 'hip hop'","'pop', 'rap', 'Hip-Hop'",122.0,0.2181,1.1902,energetic,Agora Hills Doja Cat,2025/11/30
Ain't No Sun Since You've Been Gone,Dusty Springfield,Dusty... Definitely (Expanded Edtion),28.0,1968-11-22,1968,55,"'soul', 'female vocalists', '60s', 'pop', 'oldies'","'soul', 'pop'",148.0,0.2311,0.9843,energetic,Ain't No Sun Since You've Been Gone Dusty Springfield,2025/11/30
Ale jazz!,sanah,Irenka,57.0,2021-05-06,2021,2,,,102.0,0.2469,1.2335,neutral,Ale jazz! sanah,2025/11/30
Alive,Sia,This Is Acting,60.0,2016-01-29,2016,7,"'pop', 'Ballad', 'female', 'female vocalists', 'australian'",'pop',100.0,0.1602,0.9216,neutral,Alive Sia,2025/11/30
All Eyes,Imagine Dragons,Hell And Silence EP,47.0,2010-06-01,2010,14,"'alternative', 'alternative rock', 'indie rock', 'indie', 'indie pop'","'alternative', 'alternative rock', 'indie rock', 'indie pop'",137.0,0.2091,1.0694,energetic,All Eyes Imagine Dragons,2025/11/30
All Eyes on You,Smash Into Pieces,Arcadia,73.0,2015-06-29,2015,9,"'alternative rock', 'rock', 'hard rock', 'seen live', 'swedish'","'alternative rock', 'rock', 'hard rock'",91.0,0.2916,1.102,neutral,All Eyes on You Smash Into Pieces,2025/11/30
All Good Things (Come To An End),Nelly Furtado,Loose,71.0,2006-01-01,2006,17,"'pop', 'female vocalists', 'Canadian', 'folk', 'singer-songwriter'",'pop',100.0,0.222,1.084,bright,All Good Things (Come To An End) Nelly Furtado,2025/11/30
All I Need (feat. Beth Hirsch),Air,Moon Safari,70.0,1998-01-16,1998,26,"'electronic', 'chillout', 'ambient', 'french', 'electronica'","'electronic', 'ambient', 'electronica'",95.0,0.208,0.9044,neutral,All I Need (feat. Beth Hirsch) Air,2025/11/30
All I Wanna Do,Sheryl Crow,Tuesday Night Music Club,75.0,1993-08-03,1993,31,"'female vocalists', 'rock', 'pop', 'singer-songwriter', 'alternative'","'rock', 'pop', 'alternative'",120.0,0.2473,1.1876,neutral,All I Wanna Do Sheryl Crow,2025/11/30
All the Clowns,Edguy,Mandrake,41.0,2001-09-24,2001,23,"'Power metal', 'heavy metal', 'metal', 'melodic metal', 'edguy'","'Power metal', 'heavy metal', 'metal'",104.0,0.1507,1.044,neutral,All the Clowns Edguy,2025/11/30
Allentown Jail (Remastered),Dusty Springfield,50 Hits With “The Springfields” (Remastered),1.0,2019-12-11,2019,4,"'soul', 'female vocalists', '60s', 'pop', 'oldies'","'soul', 'pop'",,0.1756,1.0323,unknown,Allentown Jail (Remastered) Dusty Springfield,2025/11/30
Always Forever,Cults,Static,83.0,2013-10-15,2013,10,"'indie pop', 'Lo-Fi', 'experimental', 'seen live', 'noise'","'indie pop', 'Lo-Fi', 'noise'",161.0,0.1944,1.0206,energetic,Always Forever Cults,2025/11/30
Always Remember Us This Way,Lady Gaga,A Star Is Born Soundtrack (Without Dialogue),86.0,2018-10-05,2018,6,"'Love', 'best of 2018', 'Soundtrack', 'pop', 'country'","'Soundtrack', 'pop', 'country'",131.0,0.1088,0.9556,energetic,Always Remember Us This Way Lady Gaga,2025/11/30
Andrew,Julia Marcell,Proxy,24.0,2016-04-12,2016,7,"'polish', 'indie', 'alternative', 'art pop', '2016 single'",'alternative',128.0,0.2394,0.9701,energetic,Andrew Julia Marcell,2025/11/30
Anioły i Demony,Farben Lehre,Achtung 2012,60.0,2020-03-19,2020,3,"'punk rock', 'punk', 'polish', 'polish punk', 'rock'","'punk', 'rock'",170.0,0.251,1.1257,energetic,Anioły i Demony Farben Lehre,2025/11/30
Ann Wants to Dance,Papooz,Green Juice,49.0,2016-06-03,2016,8,"'indie pop', 'french', 'pop', 'indie', 'france'","'indie pop', 'pop'",100.0,0.185,1.0579,neutral,Ann Wants to Dance Papooz,2025/11/30
Another Love,Tom Odell,Long Way Down (Deluxe),89.0,2013-06-24,2013,11,"'indie', 'seen live', 'folk', 'british', 'singer-songwriter'",,122.0,0.1443,0.8706,energetic,Another Love Tom Odell,2025/11/30
Anti-Hero,Taylor Swift,Midnights,84.0,2022-10-21,2022,1,"'country', 'pop', 'female vocalists', 'singer-songwriter', 'acoustic'","'country', 'pop'",131.0,0.0973,1.1107,energetic,Anti-Hero Taylor Swift,2025/11/30
Anyone,Justin Bieber,Justice,28.0,2018-11-06,2018,5,"'pop', 'black metal', 'justin bieber', 'rnb', 'Hip-Hop'","'pop', 'black metal', 'Hip-Hop'",117.0,0.1182,0.9371,neutral,Anyone Justin Bieber,2025/11/30
Anywayz,Esthero,Breath From Another,26.0,2020-05-01,2020,4,"'trip-hop', 'female vocalists', 'downtempo', 'electronic', 'electronica'","'trip-hop', 'downtempo', 'electronic', 'electronica'",170.0,0.1601,1.0503,energetic,Anywayz Esthero,2025/11/30
Arizona,BARANOVSKI,BARANOVSKI 2,32.0,2021-10-22,2021,3,,,112.0,0.2562,1.277,neutral,Arizona BARANOVSKI,2025/11/30
Arrival to Earth,Steve Jablonsky,Transformers: The Score,64.0,2007-10-01,2007,16,"'Soundtrack', 'instrumental', 'composer', 'score', 'movie score composers'","'Soundtrack', 'instrumental'",108.0,0.1014,0.8259,neutral,Arrival to Earth Steve Jablonsky,2025/11/30
Aruarian Dance (interlude),Kapa Boy,Aruarian Dance (interlude),37.0,2023-08-18,2023,1,"'ambient', 'japan', 'electronic', 'instrumental', 'downtempo'","'ambient', 'electronic', 'instrumental', 'downtempo'",84.0,0.1285,0.7065,neutral,Aruarian Dance (interlude) Kapa Boy,2025/11/30
As It Was,Harry Styles,Harry's House,90.0,2022-05-20,2022,1,"'pop', 'seen live', 'rock', 'pop rock', 'alternative'","'pop', 'rock', 'alternative'",117.0,0.3434,1.2041,neutral,As It Was Harry Styles,2025/11/30
Astrolog,Jacek Kaczmarski,Wojna Postu Z Karnawalem,21.0,2002-09-07,2002,21,"'polish', 'poezja spiewana', 'poetry', 'bard', 'singer-songwriter'",,115.0,0.0502,0.8625,neutral,Astrolog Jacek Kaczmarski,2025/11/30
At Last,Etta James,At Last!,78.0,1960,1960,63,"'blues', 'jazz', 'soul', 'female vocalists', 'rhythm and blues'","'blues', 'jazz', 'soul'",128.0,0.0706,0.891,energetic,At Last Etta James,2025/11/30
At The Break Of Dawn,Arion,At The Break Of Dawn (feat. Elize Ryd),52.0,2018-10-19,2018,6,,,122.0,0.2681,1.0471,energetic,At The Break Of Dawn Arion,2025/11/30
Atlantis,Seafret,Tell Me It's Real (Expanded Edition),86.0,2016-01-29,2016,8,"'british', 'duo', 'numetal', 'd', '2015 single'",,110.0,0.197,1.0071,neutral,Atlantis Seafret,2025/11/30
Atoma,Dark Tranquillity,Atoma,53.0,2016-11-04,2016,8,"'Melodic Death Metal', 'metal', 'death metal', 'chillout', 'pop'","'metal', 'death metal', 'pop'",148.0,0.2526,0.9955,energetic,Atoma Dark Tranquillity,2025/11/30
Atomic - Remastered/2001,Blondie,Eat To The Beat,47.0,1979-10-01,1979,44,"'new wave', '80s', 'rock', 'female vocalists', 'pop'","'new wave', 'rock', 'pop'",134.0,0.2108,1.0837,energetic,Atomic - Remastered/2001 Blondie,2025/11/30
Aunt Rhody,The Springfields,Silver Threads & Golden Needles,4.0,2017,2017,6,"'Sarah Records', 'twee', 'indie pop', 'pop', '60s'","'indie pop', 'pop'",125.0,0.2319,0.8685,energetic,Aunt Rhody The Springfields,2025/11/30
Austin (Boots Stop Workin'),Dasha,What Happens Now?,88.0,2024-02-16,2024,0,"'country', 'cuntry', 'tvx core'",'country',115.0,0.2591,1.1889,neutral,Austin (Boots Stop Workin') Dasha,2025/11/30
B012,Bletka,B012,64.0,2024-03-27,2024,0,"'pop', 'female vocalists', 'polish', 'poland'",'pop',100.0,0.1721,1.2262,neutral,B012 Bletka,2025/11/30
BANDIT,Don Toliver,Bandit,82.0,2024-06-14,2024,0,"'rap', 'trap', 'Hip-Hop', 'seen live', 'rnb'","'rap', 'trap', 'Hip-Hop'",131.0,0.2782,1.1573,energetic,BANDIT Don Toliver,2025/11/30
BIRDS OF A FEATHER,Billie Eilish,HIT ME HARD AND SOFT,100.0,2024-05-17,2024,0,"'pop', 'indie pop', 'seen live', 'electropop', 'indie'","'pop', 'indie pop', 'electropop'",104.0,0.2345,1.1589,neutral,BIRDS OF A FEATHER Billie Eilish,2025/11/30
BTW,Max Wassen,BTW,41.0,2003,2003,21,"'hip hop', 'rap', 'hiphop', 'party', 'music'",'rap',144.0,0.2723,1.2731,energetic,BTW Max Wassen,2025/11/30
BTW (Mamy tylko siebie),Strachy Na Lachy,Grabaż i Strachy na Lachy,41.0,2003,2003,21,"'rock', 'alternative rock', 'alternative', 'polish', 'seen live'","'rock', 'alternative rock', 'alternative'",128.0,0.0454,1.1284,neutral,BTW (Mamy tylko siebie) Strachy Na Lachy,2025/11/30
BUBBLETEA,Quebonafide,ROMANTIC PSYCHO,64.0,2020-04-02,2020,3,"'rap', 'Hip-Hop', 'seen live', 'polish', ':v'","'rap', 'Hip-Hop'",99.0,0.1577,1.1647,neutral,BUBBLETEA Quebonafide,2025/11/30
BURN,¥$,VULTURES 1,62.0,2025-04-04,2025,0,"'rap', 'Hip-Hop', 'hip hop', 'trap', 'Kanye West'","'rap', 'Hip-Hop', 'trap'",117.0,0.2847,1.0511,bright,BURN ¥$,2025/11/30
BaRock,Jelonek,Jelonek,33.0,2007,2007,17,"'instrumental metal', 'instrumental', 'symphonic metal', 'polish', 'Classical'","'instrumental', 'symphonic metal', 'Classical'",108.0,0.1196,0.9201,neutral,BaRock Jelonek,2025/11/30
Babooshka,Kate Bush,Never for Ever,61.0,1980-09-08,1980,43,"'female vocalists', 'singer-songwriter', 'pop', 'alternative', '80s'","'pop', 'alternative'",108.0,0.044,0.9565,neutral,Babooshka Kate Bush,2025/11/30
Baby Don't Hurt Me,David Guetta,Baby Don't Hurt Me,82.0,2023-04-06,2023,1,"'dance', 'C', 'remix', 'f', 'E'",,128.0,0.3309,1.091,energetic,Baby Don't Hurt Me David Guetta,2025/11/30
Bad Dream,Wallows,Bad Dream,65.0,2024-05-24,2024,0,"'indie', 'indie rock', 'rock and roll over', 'jaq claims', 'WSUM 91.7 FM Madison'",'indie rock',88.0,0.21,0.9497,neutral,Bad Dream Wallows,2025/11/30
Bad Habit,Steve Lacy,Gemini Rights,85.0,2022-07-15,2022,2,"'jazz', 'free jazz', 'Avant-Garde Jazz', 'saxophone', 'soprano sax'","'jazz', 'free jazz', 'Avant-Garde Jazz'",170.0,0.3053,1.0816,energetic,Bad Habit Steve Lacy,2025/11/30
Bad Habits,Ed Sheeran,Bad Habits,84.0,2021-10-25,2021,3,"'acoustic', 'british', 'singer-songwriter', 'easy-listening', 'pop'",'pop',125.0,0.2658,1.22,energetic,Bad Habits Ed Sheeran,2025/11/30
Bad Romance,Lady Gaga,The Fame Monster (Deluxe Edition),88.0,2009-11-05,2009,14,"'pop', 'Lady Gaga', 'dance', 'female vocalists', 'addictive'",'pop',120.0,0.2688,1.1235,bright,Bad Romance Lady Gaga,2025/11/30
Bal u Senatora '93,Pidżama Porno,Złodzieje zapalniczek (Reedycja),47.0,2007,2007,17,"'punk rock', 'rock', 'punk', 'polish', 'alternative'","'rock', 'punk', 'alternative'",152.0,0.3046,1.0193,energetic,Bal u Senatora '93 Pidżama Porno,2025/11/30
Bam Bam (feat. Ed Sheeran),Camila Cabello,Familia,75.0,2022-03-04,2022,1,"'pop', 'female vocalists', 'cuba', 'cuban', 'seen live'",'pop',95.0,0.1784,1.3033,bright,Bam Bam (feat. Ed Sheeran) Camila Cabello,2025/11/30
Bang Bang,Dalida,L'Intégrale Des Enregistrements Orlando,78.0,2016-12-13,2016,7,"'french', 'female vocalists', 'chanson francaise', 'pop', 'arabic'",'pop',152.0,0.1767,0.965,energetic,Bang Bang Dalida,2025/11/30
Bankierzy,Jacek Kaczmarski,Wojna Postu Z Karnawalem,22.0,2002-09-07,2002,21,"'polish', 'poezja spiewana', 'poetry', 'bard', 'singer-songwriter'",,161.0,0.0862,1.1175,energetic,Bankierzy Jacek Kaczmarski,2025/11/30
Barbie World (with Aqua) [From Barbie The Album],Nicki Minaj,Barbie World (with Aqua) [From Barbie The Album],73.0,2023-06-23,2023,1,"'Hip-Hop', 'rap', 'rnb', 'pop', 'hip hop'","'Hip-Hop', 'rap', 'pop'",115.0,0.2321,1.4891,bright,Barbie World (with Aqua) [From Barbie The Album] Nicki Minaj,2025/11/30
Bartzabel,Behemoth,I Loved You at Your Darkest,33.0,2018-10-05,2018,6,"'black metal', 'Blackened Death Metal', 'Progressive metal', 'death metal', 'progressive black metal'","'black metal', 'Progressive metal', 'death metal'",110.0,0.2629,0.9781,neutral,Bartzabel Behemoth,2025/11/30
Battle I,Yasunori Nishiki,OCTOPATH TRAVELER Original Soundtrack,37.0,2018-07-13,2018,6,,,156.0,0.1893,1.0451,energetic,Battle I Yasunori Nishiki,2025/11/30
Be Mine,Ofenbach,Be Mine,76.0,2016-11-25,2016,7,"'electronic', 'dance', 'pop', 'House', 'french'","'electronic', 'pop', 'House'",122.0,0.2437,1.1432,energetic,Be Mine Ofenbach,2025/11/30
Be My Queen,Seafret,Most of Us Are Strangers,49.0,2020-03-13,2020,4,,,110.0,0.2569,1.0632,bright,Be My Queen Seafret,2025/11/30
Beautiful People (feat. Khalid),Ed Sheeran,No.6 Collaborations Project,73.0,2019-06-28,2019,4,"'acoustic', 'british', 'singer-songwriter', 'easy-listening', 'pop'",'pop',125.0,0.1373,1.076,energetic,Beautiful People (feat. Khalid) Ed Sheeran,2025/11/30
Beautiful Things,Benson Boone,Beautiful Things,89.0,2024-01-18,2024,0,"'pop', 'pop rock', 'seen live', 'rock', 'USA'","'pop', 'rock'",106.0,0.1823,1.0113,neutral,Beautiful Things Benson Boone,2025/11/30
Beggin',Måneskin,Chosen,86.0,2017-12-08,2017,7,"'rock', 'glam rock', 'italian', 'seen live', 'alternative rock'","'rock', 'glam rock', 'alternative rock'",134.0,0.2493,1.0959,energetic,Beggin' Måneskin,2025/11/30
Behind the Moon,K!llx,Behind the Moon,50.0,2022-07-14,2022,1,,,125.0,0.3385,1.2061,energetic,Behind the Moon K!llx,2025/11/30
Beksa,Artur Rojek,Składam się z ciągłych powtórzeń,52.0,2014-04-04,2014,10,"'polish', 'alternative', '2014', 'psychodelic', 'artur rojek'",'alternative',144.0,0.1841,0.9777,energetic,Beksa Artur Rojek,2025/11/30
Belfast,Boney M.,The Essential Boney M.,51.0,1991-01-01,1991,32,"'Disco', 'pop', '80s', 'dance', '70s'","'Disco', 'pop'",131.0,0.1628,1.0633,energetic,Belfast Boney M.,2025/11/30
Believer,Imagine Dragons,Evolve,89.0,2017-06-23,2017,7,"'rock', 'pop rock', '2017', 'pop', 'alternative'","'rock', 'pop', 'alternative'",125.0,0.2169,1.2265,energetic,Believer Imagine Dragons,2025/11/30
Believer,Joel Marques,Believer,21.0,2024-01-12,2024,0,"'Eurovision Song Contest', 'Eurovision', 'Luxembourg', 'ESC', 'preselection'",,128.0,0.1325,1.0227,energetic,Believer Joel Marques,2025/11/30
"Bemidji, MN (Fargo Series Main Theme)",Jeff Russo,Fargo (An Original MGM / FXP Television Series),38.0,2014-06-27,2014,9,"'Soundtrack', 'instrumental', 'composer', 'Classical', 'score'","'Soundtrack', 'instrumental', 'Classical'",120.0,0.0796,0.6583,neutral,"Bemidji, MN (Fargo Series Main Theme) Jeff Russo",2025/11/30
"Bemidji, MN (Reprise)",Jeff Russo,Fargo (An Original MGM / FXP Television Series),22.0,2014-06-27,2014,9,"'Soundtrack', 'instrumental', 'composer', 'Classical', 'score'","'Soundtrack', 'instrumental', 'Classical'",122.0,0.0556,0.5401,energetic,"Bemidji, MN (Reprise) Jeff Russo",2025/11/30
Bez końca,Artur Rojek,Kundel,52.0,2020-03-13,2020,4,"'polish', 'seen live', 'alternative', 'alternative rock', 'rock'","'alternative', 'alternative rock', 'rock'",122.0,0.2512,1.1351,energetic,Bez końca Artur Rojek,2025/11/30
Beze mnie,Dawid Kwiatkowski,Beze mnie,46.0,2024-07-09,2024,0,"'muzyka dla dzieci', 'brutal deathcore', 'pop', 'polish', 'pedau'",'pop',134.0,0.2349,1.1112,energetic,Beze mnie Dawid Kwiatkowski,2025/11/30
Bezpieczny Lot,KARAŚ/ROGUCKI,Czułe Kontyngenty,43.0,2022-09-23,2022,1,,,128.0,0.223,1.2318,energetic,Bezpieczny Lot KARAŚ/ROGUCKI,2025/11/30
Beztrosko,Voo Voo,Premiera,27.0,2022-10-28,2022,1,"'polish', 'alternative', 'seen live', 'jazz', 'rock'","'alternative', 'jazz', 'rock'",117.0,0.1894,1.1474,neutral,Beztrosko Voo Voo,2025/11/30
Biegnij Dalej Sam,Fisz Emade Tworzywo,Biegnij Dalej Sam,45.0,2016-09-05,2016,7,"'seen live', 'alternative', 'Hip-Hop', 'polish', 'experimental'","'alternative', 'Hip-Hop'",87.0,0.2835,1.1108,neutral,Biegnij Dalej Sam Fisz Emade Tworzywo,2025/11/30
Big Hoops (Bigger The Better),Nelly Furtado,The Spirit Indestructible (Deluxe),38.0,2022-06-24,2022,1,"'pop', 'female vocalists', 'Canadian', 'folk', 'singer-songwriter'",'pop',120.0,0.1387,1.1938,bright,Big Hoops (Bigger The Better) Nelly Furtado,2025/11/30
Bird Set Free,Sia,This Is Acting,62.0,2016-01-29,2016,7,"'love at first listen', 'pop', 'female vocalists', 'australian', 'beautiful'",'pop',148.0,0.258,0.9828,energetic,Bird Set Free Sia,2025/11/30
Birna,Wardruna,Birna,45.0,2025-01-24,2025,0,,,108.0,0.1745,0.9232,neutral,Birna Wardruna,2025/11/30
Bisschen Spaß,HBz,Bisschen Spaß,59.0,2024-06-28,2024,0,,,152.0,0.2766,1.2828,energetic,Bisschen Spaß HBz,2025/11/30
Black Betty,Caravan Palace,Black Betty,49.0,2017-05-26,2017,7,"'cover', 'covers', 'electro-swing', 'colours', 'fire'",'electro-swing',122.0,0.2825,1.4185,energetic,Black Betty Caravan Palace,2025/11/30
Black Wedding (feat. Rob Halford),In This Moment,Ritual,61.0,2017-07-21,2017,7,"'hard rock', 'alternative metal', 'Gothic Metal', 'Gothic Rock', 'metalcore'","'hard rock', 'Gothic Metal', 'metalcore'",137.0,0.2746,1.0758,energetic,Black Wedding (feat. Rob Halford) In This Moment,2025/11/30
Blackbird Song,Lee DeWyze,Blackbird Song,51.0,2015-03-27,2015,8,"'American Idol', 'folk', 'alternative', 'pop', 'Lee DeWyze'","'alternative', 'pop'",148.0,0.1025,0.8353,energetic,Blackbird Song Lee DeWyze,2025/11/30
Blame It on the Boom Boom,Black Stone Cherry,Between the Devil & the Deep Blue Sea (Special Edition),56.0,2011-01-01,2011,13,"'hard rock', 'Stoner Rock', 'Southern Rock', 'Southern metal', 'heavy metal'","'hard rock', 'Southern Rock', 'heavy metal'",117.0,0.2792,1.06,bright,Blame It on the Boom Boom Black Stone Cherry,2025/11/30
Blank Space,Taylor Swift,1989 (Deluxe),83.0,2014-01-01,2014,10,"'country', 'pop', 'female vocalists', 'singer-songwriter', 'acoustic'","'country', 'pop'",95.0,0.1674,1.1151,bright,Blank Space Taylor Swift,2025/11/30
Bleed Away,Wax Tailor,By Any Beats Necessary,31.0,2016-10-14,2016,8,"'trip-hop', 'downtempo', 'electronic', 'Hip-Hop', 'french'","'trip-hop', 'downtempo', 'electronic', 'Hip-Hop'",144.0,0.2339,1.0432,energetic,Bleed Away Wax Tailor,2025/11/30
Blind and Frozen,Beast In Black,Berserker,64.0,2017-11-03,2017,7,"'Power metal', 'heavy metal', 'metal', 'love at first listen', '2010s'","'Power metal', 'heavy metal', 'metal'",144.0,0.2243,1.0866,energetic,Blind and Frozen Beast In Black,2025/11/30
Blinding Lights,The Weeknd,After Hours,90.0,2020-03-20,2020,3,"'rnb', 'electronic', 'Canadian', 'dubstep', 'prog-rnb'","'electronic', 'dubstep'",115.0,0.2081,1.0436,neutral,Blinding Lights The Weeknd,2025/11/30
Blood,Breaking Benjamin,Ember,63.0,2018-04-13,2018,6,"'rock', 'alternative rock', 'alternative metal', 'Favorite', 'Heavy Metal of the 21st century'","'rock', 'alternative rock'",120.0,0.0871,1.0319,bright,Blood Breaking Benjamin,2025/11/30
Bluey Theme Tune - Extended,Bluey,Bluey The Album,65.0,2021-01-22,2021,3,"'Classical', 'Soundtracks', 'Television Music', 'western classical', 'Cinematic Classical'",'Classical',117.0,0.068,1.1148,bright,Bluey Theme Tune - Extended Bluey,2025/11/30
Bobby Sox,Green Day,Saviors,45.0,2025-06-06,2025,0,"'punk', '2024', '2020s', 'rock', 'punk rock'","'punk', 'rock'",106.0,0.3228,1.0077,neutral,Bobby Sox Green Day,2025/11/30
Bolesne strzały w serce,KARAŚ/ROGUCKI,Ostatni Bastion Romantyzmu,40.0,2020-02-14,2020,3,"'duo', 'polish'",,110.0,0.2391,1.1726,bright,Bolesne strzały w serce KARAŚ/ROGUCKI,2025/11/30
Bones,Imagine Dragons,Mercury - Acts 1 & 2,78.0,2022-03-11,2022,2,"'indie', 'indie rock', 'alternative', 'rock', 'indie pop'","'indie rock', 'alternative', 'rock', 'indie pop'",115.0,0.2262,1.1646,neutral,Bones Imagine Dragons,2025/11/30
Book of the Month,Lovage,Lovage: Music to Make Love to Your Old Lady By,39.0,2001-11-06,2001,23,"'trip-hop', 'downtempo', 'electronic', 'mike patton', 'chillout'","'trip-hop', 'downtempo', 'electronic'",91.0,0.2229,1.0558,neutral,Book of the Month Lovage,2025/11/30
Borgin & Burkes,Szymi Szyms,STAYPE2.,30.0,2024-05-17,2024,0,,,115.0,0.2291,1.3173,neutral,Borgin & Burkes Szymi Szyms,2025/11/30
Boy's a liar Pt. 2,PinkPantheress,Boy's a liar Pt. 2,75.0,2023-02-03,2023,1,"'electronic', 'rnb', 'pop', 'british', 'seen live'","'electronic', 'pop'",134.0,0.252,1.2003,energetic,Boy's a liar Pt. 2 PinkPantheress,2025/11/30
Break The Silence,Saint Chaos,Ghosts & Monsters,23.0,2024-06-21,2024,0,,,128.0,0.2894,1.0932,energetic,Break The Silence Saint Chaos,2025/11/30
Breathe,Yeat,2093,79.0,2014-01-01,2014,10,"'trap', 'rap', 'rage', 'cloud rap', 'plugg'","'trap', 'rap'",117.0,0.3234,1.2621,neutral,Breathe Yeat,2025/11/30
Brokat,Baasch,Noc,26.0,2020-08-28,2020,4,"'alternative', 'House'","'alternative', 'House'",122.0,0.3066,1.2115,energetic,Brokat Baasch,2025/11/30
Brother,Kodaline,Politics of Living,74.0,2018-09-28,2018,6,"'irish', 'indie', 'pop rock', 'Love', 'Ballad'",,120.0,0.2085,0.9906,neutral,Brother Kodaline,2025/11/30
Brother Louie,VIZE,Brother Louie,73.0,1998-05-11,1998,25,"'House', 'electronic', 'german', 'EDM', 'breaks'","'House', 'electronic'",117.0,0.3257,1.4109,bright,Brother Louie VIZE,2025/11/30
Brunatny,KARAŚ/ROGUCKI,Czułe Kontyngenty,34.0,2022-09-23,2022,1,"'duo', 'polish'",,120.0,0.2355,1.0723,neutral,Brunatny KARAŚ/ROGUCKI,2025/11/30
Burning Down the House,Paramore,Burning Down the House,60.0,2024-01-31,2024,0,"'cover', 'pop rock', 'new wave', 'synth funk', 'Post punk'","'new wave', 'Post punk'",106.0,0.2356,1.2011,neutral,Burning Down the House Paramore,2025/11/30
Bursztynowe Koraliki,Pan Savyan,Bursztynowe Koraliki,56.0,2024-10-03,2024,0,,,106.0,0.2335,1.1137,neutral,Bursztynowe Koraliki Pan Savyan,2025/11/30
Butterfly,Swingrowers,Butterfly,40.0,2018-02-23,2018,6,'imported by drip.feed',,125.0,0.2607,1.0983,energetic,Butterfly Swingrowers,2025/11/30
Bułgarskie Centrum Hujo**,Pidżama Porno,Bułgarskie centrum,49.0,2016-04-01,2016,8,,,134.0,0.2581,1.0778,energetic,Bułgarskie Centrum Hujo** Pidżama Porno,2025/11/30
Byłominęło,Kwiat Jabłoni,Byłominęło,54.0,2023-10-12,2023,1,"'seen live', 'folk', 'polish', 'indie', 'pop'",'pop',165.0,0.2903,1.1354,energetic,Byłominęło Kwiat Jabłoni,2025/11/30
Ból i Drama,Rozen,Ból i Drama,24.0,2024-03-22,2024,0,,,144.0,0.202,1.0125,energetic,Ból i Drama Rozen,2025/11/30
Będziesz moją panią,Marek Grechuta,Marek Grechuta - 40 piosenek,51.0,2010-12-15,2010,13,"'polish', 'poezja spiewana', 'poetry', 'poezja śpiewana', 'polskie'",,131.0,0.0828,0.9438,energetic,Będziesz moją panią Marek Grechuta,2025/11/30
Błyski,Hurrockaine,Memo,31.0,2018-11-16,2018,5,"'metal', 'rock', 'Grunge', 'alternative rock', 'hard rock'","'metal', 'rock', 'Grunge', 'alternative rock', 'hard rock'",128.0,0.2449,1.0367,energetic,Błyski Hurrockaine,2025/11/30
CARNIVAL,¥$,VULTURES 1,63.0,2024-02-08,2024,0,"'rap', 'Hip-Hop', 'hip hop', 'trap', 'Kanye West'","'rap', 'Hip-Hop', 'trap'",148.0,0.2074,1.1796,energetic,CARNIVAL ¥$,2025/11/30
CASTLE OF GLASS,Linkin Park,LIVING THINGS,76.0,2012-06-19,2012,12,"'rock', 'Nu Metal', 'alternative rock', 'alternative', 'metal'","'rock', 'Nu Metal', 'alternative rock', 'alternative', 'metal'",108.0,0.1615,0.7687,neutral,CASTLE OF GLASS Linkin Park,2025/11/30
CLICK BOOM!,Rose Villain,CLICK BOOM!,64.0,2024-03-08,2024,0,"'pop', 'female vocalists', 'italian', 'sanremo', 'onomatopeia'",'pop',125.0,0.241,1.0962,energetic,CLICK BOOM! Rose Villain,2025/11/30
COME VUOI,Geolier,IL CORAGGIO DEI BAMBINI,65.0,2023-01-06,2023,1,"'MySpotigramBot', '-1001747063611', '-1001479216684', '-1001333387036', '-1001686404118'",,131.0,0.2263,1.2156,energetic,COME VUOI Geolier,2025/11/30
CONTIGO (with Tiësto),KAROL G,CONTIGO (with Tiësto),77.0,2024-02-15,2024,0,"'Reggaeton', 'pop', 'latin', 'latin pop', 'Colombia'","'pop', 'latin', 'latin pop'",122.0,0.2117,1.1226,energetic,CONTIGO (with Tiësto) KAROL G,2025/11/30
Café de Paris,Dawid Kwiatkowski,Café de Paris,48.0,2023-04-18,2023,0,"'polish', 'wake-up song', 'greatest polish hits', 'playlista rmf fm'",,122.0,0.2934,1.1914,energetic,Café de Paris Dawid Kwiatkowski,2025/11/30
California Dreamin',Bobby Womack,The Best Of Bobby Womack - The Soul Years,75.0,2001-08-28,2001,22,"'soul', 'funk', 'rhythm and blues', 'rnb', 'oldies'","'soul', 'funk'",112.0,0.1858,1.1145,neutral,California Dreamin' Bobby Womack,2025/11/30
California Dreamin',Scala & Kolacny Brothers,Circle,75.0,2001-08-28,2001,22,"'choir', 'Classical', 'female vocalists', 'belgian', 'piano'",'Classical',120.0,0.0721,0.6948,neutral,California Dreamin' Scala & Kolacny Brothers,2025/11/30
Call The Police,G-Girls,Call the Police,42.0,2016-08-09,2016,7,"'dance', 'House', 'euro', 'eurodance', 'Romanian'","'House', 'eurodance'",110.0,0.3035,1.3148,neutral,Call The Police G-Girls,2025/11/30
Calm Down (with Selena Gomez),Rema,Rave & Roses Ultra,83.0,2022-08-25,2022,1,"'afrobeats', 'seen live', 'trap', 'pop', 'nigerian'","'trap', 'pop'",144.0,0.2818,1.2541,energetic,Calm Down (with Selena Gomez) Rema,2025/11/30
Can You Feel It,Matthew Schultz,Can You Feel It,54.0,2025-01-14,2025,0,"'ambient', 'dark ambient', 'electronic', 'drone', 'experimental'","'ambient', 'dark ambient', 'electronic', 'drone'",120.0,0.2,1.1457,bright,Can You Feel It Matthew Schultz,2025/11/30
Can You Feel My Heart,Varien,Can You Feel My Heart,51.0,2019-03-01,2019,5,,,128.0,0.2352,0.9994,energetic,Can You Feel My Heart Varien,2025/11/30
Can't Help Falling in Love,Haley Reinhart,Better,82.0,1961-10-20,1961,62,"'soul', 'jazz', 'female vocalists', 'American Idol', 'blues'","'soul', 'jazz', 'blues'",125.0,0.1169,0.8019,energetic,Can't Help Falling in Love Haley Reinhart,2025/11/30
Can't Let Go,Caught A Ghost,Human Nature,55.0,2013-10-09,2013,11,"'soul', 'electronic', 'Hip-Hop', 'indie', 'suits'","'soul', 'electronic', 'Hip-Hop'",122.0,0.2824,0.984,energetic,Can't Let Go Caught A Ghost,2025/11/30
Can't Stop,Max Wassen,Can't Stop,59.0,2002-07-09,2002,22,"'hip hop', 'rap', 'hiphop', 'party', 'music'",'rap',110.0,0.2663,1.1609,neutral,Can't Stop Max Wassen,2025/11/30
Capricho Árabe,Francisco Tárrega,Alma Española,41.0,2011-08-02,2011,12,"'classical guitar', 'Classical', 'spanish', 'guitar', 'romantic'",'Classical',122.0,0.0454,0.5737,neutral,Capricho Árabe Francisco Tárrega,2025/11/30
Capricho árabe,Francisco Tárrega,Tárrega: Guitar Edition,41.0,2011-08-02,2011,12,"'classical guitar', 'Classical', 'spanish', 'guitar', 'romantic'",'Classical',131.0,0.0799,0.5408,energetic,Capricho árabe Francisco Tárrega,2025/11/30
Cara Mia,BLANKA,Cara Mia,43.0,2024-02-14,2024,0,"'psytrance', 'swedish', 'psychedelic', 'psychedelic trance', 'polish'",'psychedelic',120.0,0.2612,1.2664,bright,Cara Mia BLANKA,2025/11/30
Casa Mia,Ghali,Casa Mia,62.0,2024-02-07,2024,0,"'MySpotigramBot', 'sanremo 2024', 'instrumental', 'spoken', 'loud'",'instrumental',120.0,0.3055,1.1483,neutral,Casa Mia Ghali,2025/11/30
Caught In The Rain,Revis,Places For Breathing,49.0,2003-05-20,2003,21,"'rock', 'alternative rock', 'alternative', 'hard rock', 'Love'","'rock', 'alternative rock', 'alternative', 'hard rock'",106.0,0.1488,0.9945,neutral,Caught In The Rain Revis,2025/11/30
Całkiem Nowa Bajka,Kleks,Akademia Pana Kleksa,56.0,2023-12-01,2023,1,'polish',,122.0,0.202,1.1361,energetic,Całkiem Nowa Bajka Kleks,2025/11/30
Cały czas,Oskar Cyms,Cały czas,60.0,2024-05-24,2024,0,"'party', 'polish', 'wake-up song', 'greatest polish hits', 'my top songs'",,120.0,0.1833,1.0569,bright,Cały czas Oskar Cyms,2025/11/30
Chakall,Rhove,Di Rho,35.0,2024-07-04,2024,0,,,108.0,0.2566,1.562,bright,Chakall Rhove,2025/11/30
Chasing Cars,Snow Patrol,Eyes Open,85.0,2006-01-01,2006,17,"'indie', 'alternative', 'rock', 'indie rock', 'britpop'","'alternative', 'rock', 'indie rock', 'britpop'",104.0,0.1978,0.925,neutral,Chasing Cars Snow Patrol,2025/11/30
"Chciałbym, żeby",Strachy Na Lachy,Piekło,29.0,2021-10-01,2021,3,"'rock', 'polish', 'alternative', 'alternative rock', 'punk rock'","'rock', 'alternative', 'alternative rock'",108.0,0.2244,1.2183,neutral,"Chciałbym, żeby Strachy Na Lachy",2025/11/30
Chemical,Post Malone,Chemical,47.0,2017-08-04,2017,7,"'Hip-Hop', 'rap', 'trap', 'cloud rap', 'pop'","'Hip-Hop', 'rap', 'trap', 'pop'",112.0,0.2572,0.9841,neutral,Chemical Post Malone,2025/11/30
Chemistry,Remy Cooper,Chemistry,73.0,2025-02-28,2025,0,,,122.0,0.216,1.1779,energetic,Chemistry Remy Cooper,2025/11/30
Chodź Ze Mną,Power Of Trinity,Loccomotiv,40.0,2024-06-12,2024,0,"'reggae', 'rock', 'seen live', 'polish', 'Raggacore'","'reggae', 'rock', 'Raggacore'",152.0,0.3015,1.1348,energetic,Chodź Ze Mną Power Of Trinity,2025/11/30
Chodźmy do mnie,Pola Chobot & Adam Baran,Chodźmy do mnie,35.0,2024-04-26,2024,0,,,106.0,0.2152,0.9633,neutral,Chodźmy do mnie Pola Chobot & Adam Baran,2025/11/30
Chory na Polskę,Dr Misio,Chory na Polskę,26.0,2023-03-16,2023,0,"'seen live', 'rock', 'polish', 'alternative rock', 'Rock and Roll'","'rock', 'alternative rock'",148.0,0.3097,1.0711,energetic,Chory na Polskę Dr Misio,2025/11/30
Christmas Kaboom,Naeleck,Christmas Kaboom,38.0,2022-11-25,2022,2,,,95.0,0.2727,1.163,bright,Christmas Kaboom Naeleck,2025/11/30
Chrono Trigger & Chrono Cross,Nobuo Uematsu,Game Music,17.0,2012-10-23,2012,12,,,131.0,0.2484,1.0325,energetic,Chrono Trigger & Chrono Cross Nobuo Uematsu,2025/11/30
Chyba że z Tobą,MODELKI,Chyba że z Tobą,67.0,2024-04-04,2024,0,"'hip-hopolo', 'pop', 'Disco', 'shit', 'pop rap'","'pop', 'Disco', 'pop rap'",128.0,0.1732,1.178,energetic,Chyba że z Tobą MODELKI,2025/11/30
Chłodno,Stach Bukowski,Chłodno,38.0,2021-04-14,2021,3,,,115.0,0.2599,1.1671,neutral,Chłodno Stach Bukowski,2025/11/30
Chłopcy,Myslovitz,Miłość w czasach popkultury,43.0,2015-12-10,2015,8,"'polish', 'rock', 'alternative rock', 'alternative', 'polish rock'","'rock', 'alternative rock', 'alternative'",102.0,0.1409,0.9148,neutral,Chłopcy Myslovitz,2025/11/30
Chłopcy idą na wojnę,Pidżama Porno,Marchef w butonierce,45.0,2016-04-01,2016,8,"'punk rock', 'polish', 'rock', 'alternative rock', 'pidżama porno'","'rock', 'alternative rock'",128.0,0.1903,1.0313,energetic,Chłopcy idą na wojnę Pidżama Porno,2025/11/30
Ci pensiamo domani,Angelina Mango,Ci pensiamo domani,63.0,2023-05-12,2023,1,"'my top songs', 'MySpotigramBot', '-1001819731063'",,122.0,0.2553,1.2984,energetic,Ci pensiamo domani Angelina Mango,2025/11/30
Ciepły Wiatr,Natalia Przybysz,Jak Malować Ogień,44.0,2019-10-25,2019,5,,,128.0,0.2163,1.1611,energetic,Ciepły Wiatr Natalia Przybysz,2025/11/30
Cieszyn to nie San Francisco,8 Lat W Tybecie,Cieszyn to nie San Francisco,26.0,2024-03-22,2024,0,"'seen live', 'indie', 'rock', 'alternative', 'under 2000 listeners'","'rock', 'alternative'",91.0,0.2657,1.1437,neutral,Cieszyn to nie San Francisco 8 Lat W Tybecie,2025/11/30
Cień,Rozen,Rozen,19.0,2021-04-16,2021,3,,,128.0,0.2178,1.0157,energetic,Cień Rozen,2025/11/30
Circles,Post Malone,Circles,87.0,2019-09-06,2019,5,"'Hip-Hop', 'rap', 'trap', 'cloud rap', 'pop'","'Hip-Hop', 'rap', 'trap', 'pop'",120.0,0.3304,1.1097,neutral,Circles Post Malone,2025/11/30
Citizen Radio,Egypt Central,Murder in the French Quarter,44.0,2014-08-19,2014,10,,,94.0,0.2501,1.0701,bright,Citizen Radio Egypt Central,2025/11/30
City Ruins (Rays of Light),岡部啓一,NieR:Automata Original Soundtrack,52.0,2017-03-29,2017,7,'MySpotigramBot',,100.0,0.1713,0.9061,neutral,City Ruins (Rays of Light) 岡部啓一,2025/11/30
City of the Dead,Hollywood Undead,Hotel Kalifornia,51.0,2022-08-12,2022,2,"'rapcore', 'rap', 'hardcore', 'screamo', 'emo'","'rap', 'hardcore'",141.0,0.2888,1.0504,energetic,City of the Dead Hollywood Undead,2025/11/30
Clint Eastwood,Electronic Swing Orchestra,...and the Mysterious Chaos Machine,37.0,2012-08-28,2012,12,"'cover', 'lounge'",'lounge',170.0,0.1664,1.2001,energetic,Clint Eastwood Electronic Swing Orchestra,2025/11/30
Club Foot,Kasabian,Kasabian,58.0,2004,2004,20,"'indie', 'indie rock', 'rock', 'alternative', 'british'","'indie rock', 'rock', 'alternative'",134.0,0.1831,0.9785,energetic,Club Foot Kasabian,2025/11/30
Co ja robię tu,Lanberry,Co ja robię tu,48.0,2024-03-20,2024,0,"'pop', 'polish', 'seen live', 'female vocalist', 'poland'",'pop',165.0,0.2022,1.1359,energetic,Co ja robię tu Lanberry,2025/11/30
Codzienna motywacja,Pięć Dwa Dębiec,0323,26.0,2023-11-08,2023,1,,,161.0,0.2433,1.2032,energetic,Codzienna motywacja Pięć Dwa Dębiec,2025/11/30
Cold Heart - PNAU Remix,Elton John,The Lockdown Sessions,83.0,2021-08-13,2021,3,"'pop', 'classic rock', 'singer-songwriter', 'rock', 'piano'","'pop', 'rock'",117.0,0.204,1.0703,neutral,Cold Heart - PNAU Remix Elton John,2025/11/30
"Colombia, Mi Encanto",Carlos Vives,Nasze Magiczne Encanto (Muzyka z filmu),30.0,2021-11-19,2021,3,"'Soundtrack', 'Soundtracks', 'Disney'","'Soundtrack', 'Disney'",125.0,0.1263,1.2568,energetic,"Colombia, Mi Encanto Carlos Vives",2025/11/30
Coney Island Princess,Yaëlzoë,Coney Island Princess,11.0,2020-11-06,2020,3,,,122.0,0.2155,1.0642,energetic,Coney Island Princess Yaëlzoë,2025/11/30
Counting Stars,OneRepublic,Native,89.0,2013-01-01,2013,10,"'rock', 'pop rock', 'alternative', 'alternative rock', 'indie'","'rock', 'alternative', 'alternative rock'",122.0,0.1242,1.1119,energetic,Counting Stars OneRepublic,2025/11/30
Cover Me In Sunshine,P!nk,All I Know So Far: Setlist,74.0,2021-02-12,2021,2,"'pop', 'duet', 'my top songs', '2020s', '2021'",'pop',106.0,0.1995,1.0672,bright,Cover Me In Sunshine P!nk,2025/11/30
Crawling In The Dark,Hoobastank,Hoobastank (Expanded Edition),68.0,2001,2001,23,"'rock', 'alternative rock', 'alternative', 'hoobastank', 'punk'","'rock', 'alternative rock', 'alternative', 'punk'",125.0,0.2637,1.1146,energetic,Crawling In The Dark Hoobastank,2025/11/30
Creature - Acoustic,half•alive,At Fingerprints (Acoustic),31.0,2024-04-19,2024,0,,,110.0,0.1891,0.9424,neutral,Creature - Acoustic half•alive,2025/11/30
Creep,Radiohead,Pablo Honey,91.0,1993-02-22,1993,30,"'alternative', 'alternative rock', 'rock', 'indie', 'electronic'","'alternative', 'alternative rock', 'rock', 'electronic'",92.0,0.1328,1.0218,bright,Creep Radiohead,2025/11/30
Creepin' (with The Weeknd & 21 Savage),Metro Boomin,HEROES & VILLAINS,84.0,2022-12-02,2022,1,"'trap', 'Hip-Hop', 'rap', 'hip hop', 'Southern Hip Hop'","'trap', 'Hip-Hop', 'rap'",99.0,0.2893,1.1823,neutral,Creepin' (with The Weeknd & 21 Savage) Metro Boomin,2025/11/30
Criminal,Britney Spears,Femme Fatale (Deluxe Version),76.0,2011-03-28,2011,13,"'pop', 'dance', 'female vocalists', 'Britney Spears', 'legend'",'pop',108.0,0.1636,1.0698,bright,Criminal Britney Spears,2025/11/30
Cruel Summer,Taylor Swift,Lover,91.0,2019-08-23,2019,5,"'country', 'pop', 'female vocalists', 'singer-songwriter', 'acoustic'","'country', 'pop'",112.0,0.25,1.1326,neutral,Cruel Summer Taylor Swift,2025/11/30
Cul-De-Sac,Krzysztof Komeda,Cul-De-Sac & Knife In The Water,24.0,2005,2005,18,"'jazz', 'polish', 'Soundtrack', 'polish jazz', 'composer'","'jazz', 'Soundtrack'",122.0,0.127,0.9938,energetic,Cul-De-Sac Krzysztof Komeda,2025/11/30
Cupid - Twin Ver.,FIFTY FIFTY,The Beginning: Cupid,78.0,2023-09-22,2023,1,"'k-pop', 'pop', 'Korean', 'Kpop', 'girl group'","'k-pop', 'pop'",120.0,0.1985,1.1038,neutral,Cupid - Twin Ver. FIFTY FIFTY,2025/11/30
Cut the Cord,Shinedown,Threat to Survival,71.0,2015-09-18,2015,9,"'rock', 'hard rock', '2015', 'alternative', 'alternative rock'","'rock', 'hard rock', 'alternative', 'alternative rock'",89.0,0.2182,1.0722,bright,Cut the Cord Shinedown,2025/11/30
Czarny blues o czwartej nad ranem - wersja koncertowa,Stare Dobre Małżeństwo,Urodzony w środę,47.0,2019-10-24,2019,5,,,120.0,0.0703,0.944,neutral,Czarny blues o czwartej nad ranem - wersja koncertowa Stare Dobre Małżeństwo,2025/11/30
Czarownicy pies,Happysad,Wszystko jedno,39.0,2004,2004,19,"'rock', 'polish', 'alternative', 'polish rock', 'punk rock'","'rock', 'alternative'",120.0,0.2243,1.052,neutral,Czarownicy pies Happysad,2025/11/30
Czereśnie i dzieci,Łucja Prus,Bal Baloników,14.0,2001-12-31,2001,22,,,120.0,0.1289,1.0268,neutral,Czereśnie i dzieci Łucja Prus,2025/11/30
"Cześć, jak się masz?",Sobel,PUŁAPKA NA MOTYLE (DELUXE EDITION),60.0,2021-11-25,2021,2,'pop','pop',110.0,0.2287,1.0626,bright,"Cześć, jak się masz? Sobel",2025/11/30
Czuję Cię Obok,FANKA,Czuję Cię Obok,55.0,2024-09-05,2024,0,,,141.0,0.1588,1.1095,energetic,Czuję Cię Obok FANKA,2025/11/30
Czuję Miętę,Gabor,Czuję Miętę,20.0,2023-09-15,2023,1,"'poland', 'Eurovision Song Contest', 'Eurovision', 'ESC', 'preselection'",,122.0,0.2114,1.156,energetic,Czuję Miętę Gabor,2025/11/30
DJ Is Your Second Name,C-BooL,DJ Is Your Second Name,44.0,2017,2017,6,"'techno', 'dance', 'trance', 'electronic', 'club'","'techno', 'trance', 'electronic'",122.0,0.2486,1.2974,energetic,DJ Is Your Second Name C-BooL,2025/11/30
DOM - STAMINA,Cleo,DOM (STAMINA),44.0,2019-11-07,2019,5,,,112.0,0.2378,1.1038,bright,DOM - STAMINA Cleo,2025/11/30
DOPO LE 4 (feat. Bresh & Tedua),Tony Effe,ICON,67.0,2024-12-09,2024,0,,,92.0,0.3422,1.3881,neutral,DOPO LE 4 (feat. Bresh & Tedua) Tony Effe,2025/11/30
Daddy Cool,Boney M.,Take The Heat Off Me,77.0,1976,1976,47,"'Disco', 'pop', '80s', 'dance', '70s'","'Disco', 'pop'",125.0,0.1184,1.1059,energetic,Daddy Cool Boney M.,2025/11/30
Daddy Was Her First Man,Haggard,Progressive,17.0,1993-05-10,1993,31,"'Melodic Death Metal', 'death metal', 'symphonic metal'","'death metal', 'symphonic metal'",110.0,0.1349,1.109,bright,Daddy Was Her First Man Haggard,2025/11/30
Damy radę,Happysad,Nieprzygoda,49.0,2007,2007,17,"'rock', 'polish', 'alternative', 'polish rock', 'punk rock'","'rock', 'alternative'",144.0,0.0942,1.0378,energetic,Damy radę Happysad,2025/11/30
Dana-Dan,Bloodywood,Rakshak,51.0,2022-02-18,2022,2,"'metal', 'folk metal', 'alternative metal', 'Indian', 'neofolk'","'metal', 'folk metal', 'neofolk'",161.0,0.3084,1.0949,energetic,Dana-Dan Bloodywood,2025/11/30
Dance Mode,Bluey,Dance Mode!,67.0,2023-04-21,2023,1,,,137.0,0.2353,1.2311,energetic,Dance Mode Bluey,2025/11/30
Dance Monkey,Tones And I,Dance Monkey,71.0,2019-08-29,2019,5,"'pop', 'australian', 'indie pop', 'female vocalists', 'alternative'","'pop', 'indie pop', 'alternative'",99.0,0.095,1.0698,neutral,Dance Monkey Tones And I,2025/11/30
Dance The Night - From Barbie The Album,Dua Lipa,Dance The Night (From Barbie The Album),85.0,2023-05-25,2023,1,"'pop', 'seen live', 'electropop', 'synthpop', 'british'","'pop', 'electropop', 'synthpop'",110.0,0.2357,1.1892,bright,Dance The Night - From Barbie The Album Dua Lipa,2025/11/30
Dance With Me,Nouvelle Vague,Bande à Part,73.0,2024-08-16,2024,0,"'Bossa Nova', 'french', 'female vocalists', 'chillout', 'indie'",'Bossa Nova',125.0,0.2587,0.9165,energetic,Dance With Me Nouvelle Vague,2025/11/30
Dark Red,Steve Lacy,Dark Red,87.0,2017-02-20,2017,7,"'jazz', 'free jazz', 'Avant-Garde Jazz', 'saxophone', 'soprano sax'","'jazz', 'free jazz', 'Avant-Garde Jazz'",170.0,0.2732,1.0415,energetic,Dark Red Steve Lacy,2025/11/30
Daylight,Bobby Womack,The Best Of Bobby Womack - The Soul Years,65.0,2023-04-14,2023,0,"'soul', 'funk', 'rhythm and blues', 'rnb', 'oldies'","'soul', 'funk'",102.0,0.1114,1.0686,neutral,Daylight Bobby Womack,2025/11/30
Daylight,David Kushner,Daylight,65.0,2023-04-14,2023,1,"'indie', 'alternative', 'singer-songwriter', 'pop', 'folk'","'alternative', 'pop'",122.0,0.1754,0.9049,energetic,Daylight David Kushner,2025/11/30
Dear Hearts And Gentle People,The Springfields,Kinda Folksy,52.0,2004,2004,19,"'Sarah Records', 'twee', 'indie pop', 'pop', '60s'","'indie pop', 'pop'",134.0,0.1836,1.0243,energetic,Dear Hearts And Gentle People The Springfields,2025/11/30
Death Diviner,Soilwork,Death Diviner,51.0,2020-12-04,2020,4,"'metal', 'Melodic Death Metal'",'metal',106.0,0.2491,1.0127,neutral,Death Diviner Soilwork,2025/11/30
Deep Down,Mike Patton,Mondo cane,56.0,2023-10-13,2023,1,"'experimental', 'Avant-Garde', 'mike patton', 'alternative', 'rock'","'Avant-Garde', 'alternative', 'rock'",110.0,0.1303,1.0596,neutral,Deep Down Mike Patton,2025/11/30
Delight,Jamie Berry,Delight,49.0,2012-11-01,2012,12,,,120.0,0.2927,1.167,neutral,Delight Jamie Berry,2025/11/30
Die For You (with Ariana Grande) - Remix,The Weeknd,Starboy (Deluxe),79.0,2023-03-14,2023,1,"'rnb', 'electronic', 'Canadian', 'dubstep', 'prog-rnb'","'electronic', 'dubstep'",131.0,0.2766,1.0958,energetic,Die For You (with Ariana Grande) - Remix The Weeknd,2025/11/30
Die With A Smile,Lady Gaga,Die With A Smile,99.0,2024-08-16,2024,0,"'Bruno Mars', 'pop', 'soft rock', 'pop rock', 'Ballad'","'pop', 'soft rock'",156.0,0.1598,0.9681,energetic,Die With A Smile Lady Gaga,2025/11/30
Dilemma,Green Day,Saviors,45.0,2025-06-06,2025,0,"'punk', 'punk rock', 'alternative rock', 'power pop', 'pop punk'","'punk', 'alternative rock', 'power pop', 'pop punk'",120.0,0.2899,1.0468,bright,Dilemma Green Day,2025/11/30
Dizzy - Radio Edit,Balduin,Dizzy,43.0,2017-02-03,2017,7,,,125.0,0.3281,1.2828,energetic,Dizzy - Radio Edit Balduin,2025/11/30
Do It To Me,Lionel Richie,Back To Front,57.0,1992-01-01,1992,32,"'soul', 'pop', '80s', 'rnb', 'motown'","'soul', 'pop', 'motown'",92.0,0.1671,1.1215,neutral,Do It To Me Lionel Richie,2025/11/30
Do śmierci mamy czas,Kasia Lins,OMEN,42.0,2023-10-26,2023,1,"'alternative', 'seen live', 'jazz', 'indie', 'folk'","'alternative', 'jazz'",115.0,0.2455,1.0814,neutral,Do śmierci mamy czas Kasia Lins,2025/11/30
"Dobrze Wiesz, Że Tęsknię",Wiktor Dyduła,Pal Licho!,52.0,2023-03-17,2023,1,"'polish', 'talent show', 'playlista rmf fm'",,134.0,0.1803,1.2282,energetic,"Dobrze Wiesz, Że Tęsknię Wiktor Dyduła",2025/11/30
Does It Rain (Where You Are),Madi Diaz,Does It Rain (Where You Are),9.0,2012-12-04,2012,12,"'indie', 'Nashville', 'americana', 'Alt-country', 'kickasstic'",'americana',122.0,0.147,1.0215,energetic,Does It Rain (Where You Are) Madi Diaz,2025/11/30
Dog Like Vultures,Haste The Day,Attack Of The Wolf King,31.0,2010-01-01,2010,14,"'metalcore', 'christian metal', 'rock band', 'FUCKING AWESOME', 'melodic metalcore'","'metalcore', 'christian metal'",141.0,0.3282,1.0789,energetic,Dog Like Vultures Haste The Day,2025/11/30
Dolly Song (Devil's Cup),VIZE,Dolly Song (Devil's Cup),51.0,2020-09-11,2020,3,"'House', 'electronic', 'german', 'EDM', 'breaks'","'House', 'electronic'",115.0,0.2359,1.2588,bright,Dolly Song (Devil's Cup) VIZE,2025/11/30
Dom,Bitamina,Kawalerka,54.0,2017-03-21,2017,7,,,125.0,0.1272,1.0173,energetic,Dom Bitamina,2025/11/30
Dom,Kwiat Jabłoni,Pokaz slajdów,70.0,2022-12-06,2022,2,"'seen live', 'folk', 'polish', 'indie', 'pop'",'pop',95.0,0.2066,1.0319,neutral,Dom Kwiat Jabłoni,2025/11/30
Don't Let Me Be Misunderstood,Santa Esmeralda,Kill Bill Vol. 1 Original Soundtrack (PA Version),45.0,1969-05-01,1969,54,"'Disco', 'latin', '70s', 'Soundtrack', 'rock'","'Disco', 'latin', 'Soundtrack', 'rock'",120.0,0.096,1.2254,bright,Don't Let Me Be Misunderstood Santa Esmeralda,2025/11/30
Don't Start Now,Dua Lipa,Don't Start Now,83.0,2020-03-27,2020,4,"'pop', 'seen live', 'electropop', 'synthpop', 'british'","'pop', 'electropop', 'synthpop'",125.0,0.2296,1.272,energetic,Don't Start Now Dua Lipa,2025/11/30
Don't Stop The Music,Rihanna,Good Girl Gone Bad,85.0,2008-06-02,2008,15,"'pop', 'rnb', 'female vocalists', 'dance', 'Hip-Hop'","'pop', 'Hip-Hop'",122.0,0.082,1.302,energetic,Don't Stop The Music Rihanna,2025/11/30
Don’t Wake Me Up,Jonas Blue,Don’t Wake Me Up,71.0,2025-03-21,2025,0,"'electronic', 'House', 'tropical house', 'british', 'seen live'","'electronic', 'House', 'tropical house'",125.0,0.2287,1.0408,energetic,Don’t Wake Me Up Jonas Blue,2025/11/30
Doomlord,Dream Evil,United ,19.0,2006-07-13,2006,18,"'Power metal', 'metal', 'melodic heavy metal', 'swedish', 'Sweden'","'Power metal', 'metal'",148.0,0.2946,1.0581,energetic,Doomlord Dream Evil,2025/11/30
Down for Life,Testament,The Gathering,60.0,1999-06-08,1999,25,"'thrash metal', 'metal', 'heavy metal', 'thrash', 'death metal'","'thrash metal', 'metal', 'heavy metal', 'death metal'",112.0,0.1956,1.2046,bright,Down for Life Testament,2025/11/30
Dream A Little Dream Of Me,The Mamas & The Papas,The Papas & The Mamas,75.0,1968-05-01,1968,56,"'classic rock', '60s', 'oldies', 'rock', 'pop'","'rock', 'pop'",137.0,0.097,0.9571,energetic,Dream A Little Dream Of Me The Mamas & The Papas,2025/11/30
Dreamer,Ozzy Osbourne,Down To Earth,65.0,2001-10-16,2001,23,"'rock', 'heavy metal', 'classic rock', 'hard rock', 'metal'","'rock', 'heavy metal', 'hard rock', 'metal'",161.0,0.1363,0.9212,energetic,Dreamer Ozzy Osbourne,2025/11/30
Drive,Gibbs,SAFE,67.0,2023-10-24,2023,1,,,115.0,0.2763,1.3886,neutral,Drive Gibbs,2025/11/30
Drogi proste,Kwiat Jabłoni,Drogi proste,44.0,2021-07-23,2021,2,"'seen live', 'folk', 'polish', 'indie', 'pop'",'pop',122.0,0.1802,1.1147,energetic,Drogi proste Kwiat Jabłoni,2025/11/30
Drop Dead Cynical,Amaranthe,MASSIVE ADDICTIVE,63.0,2014-10-17,2014,10,"'heavy metal', 'Female fronted metal', 'Melodic Death Metal', 'Power metal', 'metal'","'heavy metal', 'Power metal', 'metal'",141.0,0.1604,1.1267,energetic,Drop Dead Cynical Amaranthe,2025/11/30
Drunken Dwarves,Wind Rose,Drunken Dwarves,55.0,2019-09-27,2019,5,"'folk metal', 'dwarf', 'italian metal', 'heavy mithril', 'dwarf metal'",'folk metal',161.0,0.2772,1.0932,energetic,Drunken Dwarves Wind Rose,2025/11/30
Duch,izdeb,Duch,12.0,2023-09-28,2023,1,,,117.0,0.1581,1.0999,neutral,Duch izdeb,2025/11/30
Duchy,Rozen,Rozen,17.0,2021-04-16,2021,3,,,100.0,0.1218,0.886,neutral,Duchy Rozen,2025/11/30
Dziewczyno Piękna,Skolim,Dziewczyno Piękna,52.0,2024-10-09,2024,0,"'disco polo', 'seen live', 'pop', 'shit', 'polish'",'pop',104.0,0.2269,1.3109,neutral,Dziewczyno Piękna Skolim,2025/11/30
Dzikie Psy,WASABI,Dzikie Psy,51.0,2024-07-25,2024,0,"'russian alternative', 'emocore', 'alternative', 'female vocalists', 'emo'",'alternative',91.0,0.2632,1.0755,neutral,Dzikie Psy WASABI,2025/11/30
"Dzięki, że jesteś",Lanberry,"Dzięki, że jesteś",61.0,2023-10-05,2023,1,"'pop', 'polish', 'seen live', 'female vocalist', 'poland'",'pop',128.0,0.3098,1.2242,energetic,"Dzięki, że jesteś Lanberry",2025/11/30
Dzwony,Rozen,Dzwony,20.0,2024-03-22,2024,0,,,148.0,0.1293,0.8822,energetic,Dzwony Rozen,2025/11/30
Długi film,Stach Bukowski,Długi film,30.0,2021-11-15,2021,3,,,156.0,0.3057,1.1732,energetic,Długi film Stach Bukowski,2025/11/30
Długość dźwięku samotności,Myslovitz,Miłość w czasach popkultury,65.0,1999,1999,25,"'polish', 'rock', 'alternative rock', 'myslovitz', 'alternative'","'rock', 'alternative rock', 'alternative'",99.0,0.2052,1.0141,neutral,Długość dźwięku samotności Myslovitz,2025/11/30
EL MATADOR (From the Netflix Rap Show “Nuova Scena”),Elmatadormc7,EL MATADOR (From the Netflix Rap Show “Nuova Scena”),54.0,2024-03-05,2024,0,'MySpotigramBot',,104.0,0.2332,1.4186,neutral,EL MATADOR (From the Netflix Rap Show “Nuova Scena”) Elmatadormc7,2025/11/30
EL PIBE DE ORO,Geolier,EL PIBE DE ORO,68.0,2024-06-07,2024,0,'MySpotigramBot',,141.0,0.2832,1.3969,energetic,EL PIBE DE ORO Geolier,2025/11/30
EMOCJE,eM,EMOCJE,0.0,2022-06-24,2022,2,,,144.0,0.2156,0.9841,energetic,EMOCJE eM,2025/11/30
EN GÅNG TILL,Hooja,EN GÅNG TILL,47.0,2024-05-10,2024,0,,,120.0,0.1815,1.1049,bright,EN GÅNG TILL Hooja,2025/11/30
Earned It (Fifty Shades Of Grey),The Weeknd,Beauty Behind The Madness,78.0,2021-02-05,2021,2,"'rnb', 'electronic', 'Canadian', 'dubstep', 'prog-rnb'","'electronic', 'dubstep'",120.0,0.1859,1.0114,neutral,Earned It (Fifty Shades Of Grey) The Weeknd,2025/11/30
Easy On Me,Adele,Easy On Me,85.0,2021-11-19,2021,3,"'soul', 'female vocalists', 'british', 'singer-songwriter', 'indie'",'soul',137.0,0.1027,0.9444,energetic,Easy On Me Adele,2025/11/30
"Ech, poleczko",Guzowianki,"Ech, poleczko",47.0,2021-03-31,2021,3,"'seen live', 'folklore', 'poland', 'slavic', 'Slavonic'",,134.0,0.1732,1.1425,energetic,"Ech, poleczko Guzowianki",2025/11/30
Echo,Julia Marcell,June,22.0,2011-11-07,2011,12,"'polish', 'piano', 'singer-songwriter', 'songs i never get sick of', 'alternative'",'alternative',141.0,0.1769,0.9739,energetic,Echo Julia Marcell,2025/11/30
Echo Sax End,Caleb Arredondo,Echo Sax End,63.0,2024-03-15,2024,0,"'chill', 'instrumental', 'USA', 'saxophone', 'jazz'","'instrumental', 'jazz'",117.0,0.0978,0.8269,neutral,Echo Sax End Caleb Arredondo,2025/11/30
Egzystencjalny paw,Pidżama Porno,Bułgarskie centrum,39.0,2016-04-01,2016,8,"'punk rock', 'polish', 'polish rock', 'punk', 'rock'","'punk', 'rock'",95.0,0.2998,1.054,neutral,Egzystencjalny paw Pidżama Porno,2025/11/30
El Condor Pasa,Los Caballeros,Native Music From Machu Picchu,64.0,1970-01-26,1970,53,"'andes', 'folk', 'pan flute', 'traditional', 'andina'",,141.0,0.0877,1.0175,energetic,El Condor Pasa Los Caballeros,2025/11/30
Elastic Heart,Sia,1000 Forms Of Fear,81.0,2014-07-04,2014,9,"'pop', 'soul', 'r&b', 'sia', 'I love this song'","'pop', 'soul'",131.0,0.2187,1.0519,energetic,Elastic Heart Sia,2025/11/30
Eldorado,sanah,UCZTA,56.0,2022-04-14,2022,1,,,137.0,0.2045,0.9708,energetic,Eldorado sanah,2025/11/30
Ella Baila Sola,Eslabon Armado,DESVELADO,79.0,2023-03-16,2023,1,"'Corridos tumbados', 'Sierreno', 'corrido', 'corridos', 'sad sierreno'",,148.0,0.2491,1.2307,energetic,Ella Baila Sola Eslabon Armado,2025/11/30
Empire State Of Mind,JAY-Z,The Blueprint 3,84.0,2009-09-08,2009,14,"'Hip-Hop', 'rap', 'hip hop', 'east coast rap', 'jay-z'","'Hip-Hop', 'rap'",115.0,0.1474,1.2301,bright,Empire State Of Mind JAY-Z,2025/11/30
Empire of Angels,Thomas Bergersen,Sun,54.0,2020-06-08,2020,3,"'Soundtrack', 'epic', 'Trailer Music', 'composer', 'instrumental'","'Soundtrack', 'instrumental'",137.0,0.1689,0.8763,energetic,Empire of Angels Thomas Bergersen,2025/11/30
Empty Souls ,Manic Street Preachers,Lifeblood 20,29.0,2004-11-01,2004,20,,,131.0,0.2763,1.0752,energetic,Empty Souls  Manic Street Preachers,2025/11/30
Empty Souls - Remastered,Manic Street Preachers,Lifeblood 20,18.0,2024-04-12,2024,0,,,131.0,0.3522,1.0694,energetic,Empty Souls - Remastered Manic Street Preachers,2025/11/30
End of Beginning,Djo,DECIDE,91.0,2022-09-16,2022,2,"'psychedelic pop', 'indie rock', 'seen live', 'indie', 'indie pop'","'psychedelic pop', 'indie rock', 'indie pop'",161.0,0.2139,1.0331,energetic,End of Beginning Djo,2025/11/30
Enemy (with JID) - from the series Arcane League of Legends,Imagine Dragons,Enemy (with JID) [from the series Arcane League of Legends],82.0,2022-07-01,2022,2,"'indie', 'indie rock', 'alternative', 'rock', 'indie pop'","'indie rock', 'alternative', 'rock', 'indie pop'",152.0,0.0708,1.3309,energetic,Enemy (with JID) - from the series Arcane League of Legends Imagine Dragons,2025/11/30
Enjoy the Silence ,Lacuna Coil,Karmacode,57.0,2006,2006,18,,,112.0,0.2114,0.9078,neutral,Enjoy the Silence  Lacuna Coil,2025/11/30
Enjoy the Silence - cover version,Lacuna Coil,Karmacode,57.0,2006,2006,18,"'cover', 'metal', 'Gothic Metal'","'metal', 'Gothic Metal'",112.0,0.2114,0.9078,neutral,Enjoy the Silence - cover version Lacuna Coil,2025/11/30
Ephemeral,Insomnium,Shadows of the Dying Sun,45.0,2014-04-29,2014,10,"'Melodic Death Metal', 'metal', 'death metal', 'finnish', 'finnish metal'","'metal', 'death metal'",128.0,0.2978,1.0255,energetic,Ephemeral Insomnium,2025/11/30
Erotyczne Pif-Paf,Figo i Samogony,Erotyczne Pif-Paf,59.0,2022-08-11,2022,2,"'indie', 'indie pop', 'funny', 'polish', 'poland'",'indie pop',141.0,0.2222,1.2471,energetic,Erotyczne Pif-Paf Figo i Samogony,2025/11/30
Esja,Hania Rani,Esja,52.0,2019-04-05,2019,5,,,141.0,0.0842,0.5353,energetic,Esja Hania Rani,2025/11/30
Eso Es El Amor,The Springfields,Kinda Folksy,11.0,1999-06-16,1999,24,"'Sarah Records', 'twee', 'indie pop', 'pop', '60s'","'indie pop', 'pop'",134.0,0.2134,1.1279,energetic,Eso Es El Amor The Springfields,2025/11/30
Espresso,Sabrina Carpenter,Espresso,71.0,2024-06-06,2024,0,"'pop', 'indie pop', 'folk', 'alternative', 'pop rock'","'pop', 'indie pop', 'alternative'",106.0,0.2602,1.1692,bright,Espresso Sabrina Carpenter,2025/11/30
Et si tu n'existais pas,Joe Dassin,Joe Dassin,64.0,1975-11-22,1975,48,"'french', 'chanson', 'chanson francaise', 'pop', 'francais'","'chanson', 'pop'",99.0,0.1552,1.0975,bright,Et si tu n'existais pas Joe Dassin,2025/11/30
Everlong,Foo Fighters,The Colour And The Shape,86.0,1997-05-20,1997,27,"'rock', 'alternative rock', 'alternative', 'foo fighters', '90s'","'rock', 'alternative rock', 'alternative'",106.0,0.2545,0.9822,neutral,Everlong Foo Fighters,2025/11/30
Everybody (feat. Lil Uzi Vert),Nicki Minaj,Pink Friday 2,69.0,2023-12-08,2023,1,"'Hip-Hop', 'rap', 'rnb', 'pop', 'hip hop'","'Hip-Hop', 'rap', 'pop'",137.0,0.3409,1.2568,energetic,Everybody (feat. Lil Uzi Vert) Nicki Minaj,2025/11/30
Everyday Normal Guy 2,Jon Lajoie,You Want Some of This?,75.0,2009-03-18,2009,14,"'comedy', 'best shit ever existing in the whole world makes me vomit over my daddys pussy while i listen to the popes earcream following the dark lord to my grandmummies treassure in an iland of dicksucking faggot frogs having silver eyebrows', 'humour', 'it is so fucking best it makes me wanna put cooked cauliflower into my ears and scream pope sucks my dick', 'acoustic'",'comedy',181.0,0.1618,1.3572,energetic,Everyday Normal Guy 2 Jon Lajoie,2025/11/30
Everyone Has a Summer,Lovage,Lovage: Music to Make Love to Your Old Lady By,31.0,2001-11-06,2001,22,"'trip-hop', 'downtempo', 'electronic', 'mike patton', 'chillout'","'trip-hop', 'downtempo', 'electronic'",170.0,0.1688,1.1173,energetic,Everyone Has a Summer Lovage,2025/11/30
Evidence,Faith No More,"King for a Day, Fool for a Lifetime",55.0,1995,1995,29,"'rock', 'alternative rock', 'alternative', '90s', 'mike patton'","'rock', 'alternative rock', 'alternative'",99.0,0.1183,1.1545,neutral,Evidence Faith No More,2025/11/30
Explosivo,Tenacious D,Tenacious D,46.0,2001-09-25,2001,23,"'rock', 'comedy', 'tenacious d', 'Comedy Rock', 'hard rock'","'rock', 'comedy', 'hard rock'",125.0,0.2287,1.106,energetic,Explosivo Tenacious D,2025/11/30
Eyes Closed,Ed Sheeran,- (Deluxe),74.0,2024-06-28,2024,0,"'acoustic', 'british', 'singer-songwriter', 'easy-listening', 'pop'",'pop',108.0,0.2586,1.1764,neutral,Eyes Closed Ed Sheeran,2025/11/30
Eyes Closed,Imagine Dragons,Eyes Closed,76.0,2024-06-28,2024,0,"'MySpotigramBot', 'makars semyons boryas favorite', 'indie', 'pop', 'rock'","'pop', 'rock'",176.0,0.1782,1.1434,energetic,Eyes Closed Imagine Dragons,2025/11/30
F**kin' Perfect - Radio Edit,P!nk,F**kin' Perfect (Radio Edit),69.0,2010-12-15,2010,13,,,92.0,0.2226,1.0449,bright,F**kin' Perfect - Radio Edit P!nk,2025/11/30
F.E.V.E.R,Orden Ogan,Ravenhead,48.0,2015-01-16,2015,9,"'metal', 'folk metal', 'german', 'Power metal', 'melodic metal'","'metal', 'folk metal', 'Power metal'",95.0,0.262,1.0784,bright,F.E.V.E.R Orden Ogan,2025/11/30
FAIRY TAIL メインテーマ,Yasuharu Takanashi,「FAIRY TAIL」ORIGINAL SOUNDTRACK VOL.1,39.0,2015-05-13,2015,8,"'Soundtrack', 'japanese', 'instrumental', 'anime', 'composers'","'Soundtrack', 'instrumental', 'anime'",110.0,0.2709,1.0067,neutral,FAIRY TAIL メインテーマ Yasuharu Takanashi,2025/11/30
FAIRY TAIL メインテーマ -Piano ver.-,Yasuharu Takanashi,「FAIRY TAIL」ORIGINAL SOUNDTRACK VOL.2,30.0,2015-05-13,2015,8,"'Soundtrack', 'japanese', 'instrumental', 'anime', 'composers'","'Soundtrack', 'instrumental', 'anime'",110.0,0.1848,0.9752,neutral,FAIRY TAIL メインテーマ -Piano ver.- Yasuharu Takanashi,2025/11/30
FE!N (feat. Playboi Carti),Travis Scott,UTOPIA,88.0,2023-07-28,2023,1,"'Hip-Hop', 'rap', 'trap', 'hip hop', 'american'","'Hip-Hop', 'rap', 'trap'",148.0,0.326,1.0689,energetic,FE!N (feat. Playboi Carti) Travis Scott,2025/11/30
Faded,Alan Walker,Different World,83.0,2018-12-14,2018,5,"'electronic', 'House', 'EDM', 'dance', 'norwegian'","'electronic', 'House'",91.0,0.2486,1.0109,bright,Faded Alan Walker,2025/11/30
Fairy Glitter,Yasuharu Takanashi,FAIRY TAIL SOUNDTRACK ARCHIVES 2009-2013,28.0,2022-03-16,2022,1,"'Soundtrack', 'japanese', 'instrumental', 'anime', 'composers'","'Soundtrack', 'instrumental', 'anime'",161.0,0.1193,0.916,energetic,Fairy Glitter Yasuharu Takanashi,2025/11/30
Falling,MoonSun,Falling,13.0,2021-02-19,2021,3,,,131.0,0.1824,1.0596,energetic,Falling MoonSun,2025/11/30
Falling to Pieces,Faith No More,The Real Thing,54.0,1989,1989,35,"'alternative rock', 'rock', 'alternative', 'metal', 'seen live'","'alternative rock', 'rock', 'alternative', 'metal'",104.0,0.1034,1.1086,bright,Falling to Pieces Faith No More,2025/11/30
Falochrony,Roxie,Falochrony,66.0,2024-08-23,2024,0,"'polish', 'doujin ongaku', 'pop', 'under 2000 listeners', 'electronic'","'pop', 'electronic'",141.0,0.2013,1.1969,energetic,Falochrony Roxie,2025/11/30
Fantasy,Mariah Carey,Daydream,72.0,2018-04-12,2018,5,"'pop', 'rnb', 'female vocalists', 'soul', 'Mariah Carey'","'pop', 'soul'",102.0,0.1404,1.1265,bright,Fantasy Mariah Carey,2025/11/30
Far from Any Road,The Handsome Family,Singing Bones,61.0,2003,2003,20,"'Alt-country', 'country', 'folk', 'americana', 'southern gothic'","'country', 'americana'",120.0,0.1854,1.1618,neutral,Far from Any Road The Handsome Family,2025/11/30
Fast Car,Luke Combs,Gettin' Old,70.0,2015-12-04,2015,9,"'country', 'contemporary country', 'seen live', 'americana', 'male vocalists'","'country', 'contemporary country', 'americana'",99.0,0.1816,1.0365,neutral,Fast Car Luke Combs,2025/11/30
Fear Of The Dark,Van Canto,Hero,41.0,2011,2011,13,"'cover', 'a capella metal', 'metal', 'Power metal', 'a cappella'","'metal', 'Power metal', 'a cappella'",112.0,0.182,1.1286,neutral,Fear Of The Dark Van Canto,2025/11/30
Feather,Sabrina Carpenter,emails i can’t send fwd:,87.0,2023-03-17,2023,1,"'pop', 'indie pop', 'folk', 'alternative', 'pop rock'","'pop', 'indie pop', 'alternative'",122.0,0.1263,1.1584,energetic,Feather Sabrina Carpenter,2025/11/30
Feel Good Inc.,Gorillaz,Demon Days,90.0,2005-05-23,2005,18,"'alternative', 'electronic', 'Hip-Hop', 'rock', 'indie'","'alternative', 'electronic', 'Hip-Hop', 'rock'",137.0,0.1336,1.2215,energetic,Feel Good Inc. Gorillaz,2025/11/30
Film,KARAŚ/ROGUCKI,Czułe Kontyngenty,36.0,2022-09-23,2022,1,,,112.0,0.2617,1.0945,neutral,Film KARAŚ/ROGUCKI,2025/11/30
"Fire, Walk with Me",Harakiri for the Sky,Arson,38.0,2018-02-16,2018,6,"'black metal', 'post-hardcore', 'title is a full sentence', 'Post-Metal', 'blackgaze'",'black metal',144.0,0.2821,1.0188,energetic,"Fire, Walk with Me Harakiri for the Sky",2025/11/30
First Class,Jack Harlow,First Class,78.0,2022-05-06,2022,2,"'rap', 'Hip-Hop', 'trap', 'pop rap', 'hip hop'","'rap', 'Hip-Hop', 'trap', 'pop rap'",106.0,0.2329,1.4959,bright,First Class Jack Harlow,2025/11/30
Flames,David Guetta,Flames,66.0,2018-03-22,2018,6,"'pop', 'sia', 'electronica', 'french', 'dance'","'pop', 'electronica'",94.0,0.2747,1.1462,bright,Flames David Guetta,2025/11/30
Flashing Lights,Kanye West,Graduation,87.0,2007-09-11,2007,17,"'Hip-Hop', 'rap', 'hip hop', 'rnb', 'Kanye West'","'Hip-Hop', 'rap'",91.0,0.1115,1.0974,bright,Flashing Lights Kanye West,2025/11/30
"Flightless Bird, American Mouth",Iron & Wine,The Shepherd's Dog,70.0,2007-09-25,2007,16,"'folk', 'indie', 'singer-songwriter', 'acoustic', 'indie rock'",'indie rock',152.0,0.1761,0.8615,energetic,"Flightless Bird, American Mouth Iron & Wine",2025/11/30
Flowers,Miley Cyrus,Endless Summer Vacation,89.0,2023-08-18,2023,0,"'pop', 'female vocalists', 'Disney', 'dance', 'better than selena gomez'","'pop', 'Disney'",117.0,0.2914,1.1774,neutral,Flowers Miley Cyrus,2025/11/30
Fly Away,Tones And I,Welcome To The Madhouse,78.0,1998-05-12,1998,25,"'pop', 'australian', 'indie pop', 'female vocalists', 'alternative'","'pop', 'indie pop', 'alternative'",125.0,0.2414,1.1258,energetic,Fly Away Tones And I,2025/11/30
For Those About to Fight for Metal,Ensiferum,Two Paths,34.0,2017-09-15,2017,7,"'folk metal', 'metal', 'viking metal', 'Melodic Death Metal', 'finnish'","'folk metal', 'metal', 'viking metal'",97.0,0.2479,1.1012,bright,For Those About to Fight for Metal Ensiferum,2025/11/30
For the Worst,Wax Tailor,By Any Beats Necessary,44.0,2016-10-14,2016,8,"'trip-hop', 'downtempo', 'electronic', 'Hip-Hop', 'french'","'trip-hop', 'downtempo', 'electronic', 'Hip-Hop'",89.0,0.1851,1.1097,neutral,For the Worst Wax Tailor,2025/11/30
Fortnight (feat. Post Malone),Taylor Swift,THE TORTURED POETS DEPARTMENT,85.0,2024-04-18,2024,0,"'country', 'pop', 'female vocalists', 'singer-songwriter', 'acoustic'","'country', 'pop'",95.0,0.0974,1.0323,neutral,Fortnight (feat. Post Malone) Taylor Swift,2025/11/30
Fourth of July,Sufjan Stevens,Carrie & Lowell,81.0,2015-03-31,2015,9,"'folk', 'singer-songwriter', 'indie', 'indie folk', 'Heartbreaking'",'indie folk',122.0,0.0909,0.871,energetic,Fourth of July Sufjan Stevens,2025/11/30
Fragile Heart,Charlie Dée,Husbands and Wives,0.0,2025-04-21,2025,0,"'seen live', 'singer-songwriter', 'dutch', 'female vocalists', 'Rotterdam'",,117.0,0.1605,0.8501,neutral,Fragile Heart Charlie Dée,2025/11/30
Freaks,Surf Curse,Freaks,86.0,2021-05-15,2021,3,"'Lo-Fi', 'Surf', 'Garage Rock', 'indie', 'indie rock'","'Lo-Fi', 'Surf', 'indie rock'",89.0,0.1225,1.0115,bright,Freaks Surf Curse,2025/11/30
Freed from Desire (feat. Indiiana),Drenchill,Freed from Desire (feat. Indiiana),64.0,2018-11-09,2018,5,"'Portugal', 'portuguese'",,125.0,0.2553,1.2763,energetic,Freed from Desire (feat. Indiiana) Drenchill,2025/11/30
Freeze,Cellar Darling,The Spell,46.0,2019-03-22,2019,5,,,134.0,0.304,1.028,energetic,Freeze Cellar Darling,2025/11/30
Friday I'm In Love,The Cure,Wish,79.0,1992-01-01,1992,32,"'post-punk', 'new wave', 'alternative', '80s', 'rock'","'new wave', 'alternative', 'rock'",137.0,0.1178,1.0513,energetic,Friday I'm In Love The Cure,2025/11/30
From Hell With Love,Beast In Black,From Hell With Love,61.0,2019-02-08,2019,5,"'Power metal', 'heavy metal', 'metal', '2010s', '2019'","'Power metal', 'heavy metal', 'metal'",120.0,0.2269,1.0887,neutral,From Hell With Love Beast In Black,2025/11/30
Frozen Garden,Emily Jane White,They Moved In Shadow All Together,41.0,2016-04-29,2016,8,"'chillout', 'pop', 'japanese', 'emo', 'female vocalists'",'pop',117.0,0.2796,1.016,neutral,Frozen Garden Emily Jane White,2025/11/30
Full Circle,Five Finger Death Punch,Full Circle,61.0,2020-02-28,2020,4,'heavy metal','heavy metal',148.0,0.3686,1.1167,energetic,Full Circle Five Finger Death Punch,2025/11/30
Fury Of The Storm,DragonForce,Sonic Firestorm,59.0,2004-01-01,2004,20,"'Power metal', 'speed metal', 'metal', 'DragonForce', 'heavy metal'","'Power metal', 'speed metal', 'metal', 'heavy metal'",100.0,0.2779,1.1405,bright,Fury Of The Storm DragonForce,2025/11/30
Futurismo,Vito Bambino,Pracownia,37.0,2023-04-27,2023,0,,,120.0,0.1783,1.1166,neutral,Futurismo Vito Bambino,2025/11/30
Fylgjutal,Wardruna,Kvitravn,36.0,2021-01-22,2021,3,,,131.0,0.2235,0.9519,energetic,Fylgjutal Wardruna,2025/11/30
GOSSIP (feat. Tom Morello),Måneskin,RUSH!,76.0,2023-01-20,2023,0,"'rock', 'glam rock', 'italian', 'seen live', 'alternative rock'","'rock', 'glam rock', 'alternative rock'",141.0,0.2215,1.1413,energetic,GOSSIP (feat. Tom Morello) Måneskin,2025/11/30
Gabriel,Lamb,What Sound,45.0,1964-01-01,1964,60,"'trip-hop', 'electronic', 'chillout', 'female vocalists', 'electronica'","'trip-hop', 'electronic', 'electronica'",165.0,0.0567,0.9754,energetic,Gabriel Lamb,2025/11/30
Gaddaar,Bloodywood,Rakshak,55.0,2022-02-18,2022,2,"'heavy metal', 'metal', 'folk metal', 'Indian', 'male vocalists'","'heavy metal', 'metal', 'folk metal'",104.0,0.3123,1.1857,bright,Gaddaar Bloodywood,2025/11/30
Gata Only,FloyyMenor,EL COMIENZO,89.0,2024-02-02,2024,0,"'Reggaeton', 'chile', 'reggaeton chileno', 'LPF', 'malianteo'",,100.0,0.2388,1.174,neutral,Gata Only FloyyMenor,2025/11/30
Gdy nie ma dzieci,Kult,Ostateczny krach systemu korporacji,57.0,1998,1998,25,"'rock', 'polish', 'alternative', 'punk rock', 'polish rock'","'rock', 'alternative'",112.0,0.0397,1.0249,neutral,Gdy nie ma dzieci Kult,2025/11/30
Gdzie jest biały węgorz ? (Zejście),Cypis,Narkotyki są nielegalne,59.0,2023-10-06,2023,1,"'polish', 'Hip-Hop', 'alternative', 'white rappers', '10s'","'Hip-Hop', 'alternative'",120.0,0.2297,1.4393,neutral,Gdzie jest biały węgorz ? (Zejście) Cypis,2025/11/30
Genie In a Bottle,Christina Aguilera,Christina Aguilera (Expanded Edition),81.0,1999,1999,24,"'pop', 'female vocalists', 'soul', 'rnb', 'dance'","'pop', 'soul'",117.0,0.131,1.3478,bright,Genie In a Bottle Christina Aguilera,2025/11/30
Genziara,GENZIE,Genziara,62.0,2024-03-10,2024,0,"'rap', 'polish', 'polska', 'poland', 'polskie'",'rap',115.0,0.2739,1.3179,neutral,Genziara GENZIE,2025/11/30
Geraldines Routine,Tape Five,Swing Patrol,48.0,2015-08-17,2015,9,"'swing', 'electro swing', 'jazz', 'dance', 'clarinet'","'swing', 'jazz'",120.0,0.2264,1.2421,neutral,Geraldines Routine Tape Five,2025/11/30
Get Down On It - Single Version,Kool & The Gang,The Very Best Of Kool & The Gang (Reissue),72.0,2018-05-25,2018,5,"'funk', 'soul', 'Disco', '70s', '80s'","'funk', 'soul', 'Disco'",110.0,0.0681,1.3153,bright,Get Down On It - Single Version Kool & The Gang,2025/11/30
Get Free,Major Lazer,Free the Universe,61.0,2013-04-15,2013,11,"'seen live', 'dancehall', 'electronic', 'reggae', 'dub'","'dancehall', 'electronic', 'reggae', 'dub'",117.0,0.1236,1.1023,neutral,Get Free Major Lazer,2025/11/30
Get Naked,Max Wassen,Get Naked,47.0,1999-05-02,1999,25,"'hip hop', 'rap', 'hiphop', 'party', 'music'",'rap',120.0,0.2666,1.4102,bright,Get Naked Max Wassen,2025/11/30
"Get Up, Stand Up",Lee Ritenour,The Very Best Of Lee Ritenour,58.0,2024-02-09,2024,0,"'jazz', 'Smooth Jazz', 'Fusion', 'guitar', 'jazz guitar'","'jazz', 'Smooth Jazz', 'Fusion'",91.0,0.0394,1.0692,neutral,"Get Up, Stand Up Lee Ritenour",2025/11/30
Get the Party Started,P!nk,M!ssundaztood (Expanded Edition),72.0,2001,2001,22,"'pop', 'pink', 'dance', 'female vocalists', 'rock'","'pop', 'rock'",128.0,0.1855,1.3408,energetic,Get the Party Started P!nk,2025/11/30
Ghost,ConKi,Ghost,85.0,2021-03-19,2021,2,,,120.0,0.2843,1.1104,bright,Ghost ConKi,2025/11/30
Ghost,Justin Bieber,Justice,85.0,2021-03-19,2021,3,"'pop', 'black metal', 'justin bieber', 'rnb', 'Hip-Hop'","'pop', 'black metal', 'Hip-Hop'",102.0,0.1805,0.9858,neutral,Ghost Justin Bieber,2025/11/30
Ghost in the Mist,Lacuna Coil,Delirium,30.0,2016-05-27,2016,8,"'Gothic Metal', 'alternative metal', 'heavy metal', 'metal', 'Passionate'","'Gothic Metal', 'heavy metal', 'metal'",137.0,0.3098,1.0476,energetic,Ghost in the Mist Lacuna Coil,2025/11/30
Girl In The Red Dress,Gregg Karukas,Looking Up,55.0,2005-01-01,2005,19,"'Smooth Jazz', 'piano', 'jazz', 'ambient', 'Gregg Karukas'","'Smooth Jazz', 'jazz', 'ambient'",120.0,0.143,1.2035,bright,Girl In The Red Dress Gregg Karukas,2025/11/30
Girl on Fire,Alicia Keys,Girl on Fire (Remixes) - EP,79.0,2012-11-18,2012,12,"'pop', 'soul', 'rnb', 'female vocalists', '2012'","'pop', 'soul'",131.0,0.2169,0.9918,energetic,Girl on Fire Alicia Keys,2025/11/30
Glimpse of Us,Joji,Glimpse of Us,84.0,2022-11-04,2022,2,"'Lo-Fi', 'rnb', 'Hip-Hop', 'alternative rnb', 'japanese'","'Lo-Fi', 'Hip-Hop'",122.0,0.1535,0.803,energetic,Glimpse of Us Joji,2025/11/30
Glitter & Gold,Rebecca Ferguson,Heaven (Deluxe),71.0,2017-09-29,2017,6,"'soul', 'british', 'female vocalists', 'pop', 'jazz'","'soul', 'pop', 'jazz'",88.0,0.2661,1.1127,neutral,Glitter & Gold Rebecca Ferguson,2025/11/30
"Gloria, RV 589: I. Gloria in excelsis Deo. Allegro",Antonio Vivaldi,Vivaldi: Gloria,18.0,2009-08-24,2009,14,"'Classical', 'baroque', 'instrumental', 'composers', 'classic'","'Classical', 'baroque', 'instrumental', 'classic'",122.0,0.0962,0.9071,energetic,"Gloria, RV 589: I. Gloria in excelsis Deo. Allegro Antonio Vivaldi",2025/11/30
Glory Box,Portishead,Dummy,77.0,1994-01-01,1994,29,"'trip-hop', 'electronic', 'female vocalists', 'chillout', 'trip hop'","'trip-hop', 'electronic', 'trip hop'",120.0,0.2875,1.1687,neutral,Glory Box Portishead,2025/11/30
Gloryhammer,Gloryhammer,Legends from Beyond the Galactic Terrorvortex,50.0,2019-05-31,2019,5,"'Power metal', '2010s', '2019'",'Power metal',137.0,0.2272,1.0558,energetic,Gloryhammer Gloryhammer,2025/11/30
Glycerine - Remastered,Bush,Sixteen Stone (Remastered),75.0,1994-12-06,1994,30,"'Grunge', 'post-grunge'",'Grunge',115.0,0.1515,0.8556,neutral,Glycerine - Remastered Bush,2025/11/30
Gods of War,Brothers of Metal,Prophecy of Ragnarök,44.0,2017-04-01,2017,7,,,156.0,0.2528,1.075,energetic,Gods of War Brothers of Metal,2025/11/30
Goldeneye,Tina Turner,Goldeneye,54.0,1995-01-01,1995,29,"'pop', 'female vocalists', 'rock', 'soul', '80s'","'pop', 'rock', 'soul'",102.0,0.1056,1.0717,neutral,Goldeneye Tina Turner,2025/11/30
"Good Luck, Babe!",Chappell Roan,"Good Luck, Babe!",95.0,2024-04-05,2024,0,"'pop', 'seen live', 'indie pop', 'synthpop', 'electropop'","'pop', 'indie pop', 'synthpop', 'electropop'",117.0,0.2405,1.1182,neutral,"Good Luck, Babe! Chappell Roan",2025/11/30
Granda,Brodka,Granda,49.0,2010-09-20,2010,14,"'alternative', 'polish', 'electronic', 'folk', 'female vocalists'","'alternative', 'electronic'",131.0,0.2342,1.1702,energetic,Granda Brodka,2025/11/30
Gravity,Sara Bareilles,Little Voice,55.0,2024-01-12,2024,0,"'female vocalists', 'pop', 'singer-songwriter', 'piano', 'acoustic'",'pop',125.0,0.1674,0.8304,energetic,Gravity Sara Bareilles,2025/11/30
Grażka,Domowe Melodie,Domowe Melodie,42.0,2013-11-20,2013,11,"'polish', 'ok'",,122.0,0.2167,1.1102,energetic,Grażka Domowe Melodie,2025/11/30
Green Green Grass,George Ezra,Gold Rush Kid,54.0,2022-04-22,2022,1,"'indie', 'folk', 'singer-songwriter', 'british', 'seen live'",,112.0,0.2077,1.1547,bright,Green Green Grass George Ezra,2025/11/30
Guasto D'Amore,Bresh,Guasto D'Amore,61.0,2025-06-06,2025,0,"'MySpotigramBot', '-1001747063611', '-1001854528204', '-1001578764788', '-1001819731063'",,104.0,0.1975,1.0527,neutral,Guasto D'Amore Bresh,2025/11/30
Gumisie,Andrzej Zaucha,The Best Disney... Ever!,39.0,2011-01-01,2011,12,"'jazz', 'polish', 'swing', 'funk', 'poetry'","'jazz', 'swing', 'funk'",137.0,0.2118,1.0477,energetic,Gumisie Andrzej Zaucha,2025/11/30
Gunfight,SICK PUPPIES,Connect,58.0,2013-01-01,2013,11,"'rock', 'alternative rock', 'hard rock', 'alternative', 'australian'","'rock', 'alternative rock', 'hard rock', 'alternative'",115.0,0.302,1.0493,neutral,Gunfight SICK PUPPIES,2025/11/30
Gwiazdozbiór Strzelca,Snowman,Gwiazdozbiór,14.0,2017,2017,7,"'polish', '2017 single'",,92.0,0.2166,0.9569,neutral,Gwiazdozbiór Strzelca Snowman,2025/11/30
HERO,Kizo,HERO,58.0,2024-06-19,2024,0,,,144.0,0.2224,1.1738,energetic,HERO Kizo,2025/11/30
HIPNOZA,NIKOŚ,HIPNOZA,61.0,2023-12-30,2023,1,"'polish', 'poland', 'polskie'",,170.0,0.1302,1.3977,energetic,HIPNOZA NIKOŚ,2025/11/30
HISS,Megan Thee Stallion,HISS,66.0,2024-01-26,2024,0,"'rap', 'Hip-Hop', 'trap', 'hip hop', 'american'","'rap', 'Hip-Hop', 'trap'",112.0,0.3225,1.4989,bright,HISS Megan Thee Stallion,2025/11/30
Half On A Baby,Shivaree,Tainted Love: Mating Calls And Fight Songs,26.0,2007-07-31,2007,17,"'female vocalists', 'indie', 'alternative', 'rock', 'pop'","'alternative', 'rock', 'pop'",115.0,0.2199,1.0817,bright,Half On A Baby Shivaree,2025/11/30
Halo 3: One Final Effort,Marty O’Donnel,Game Music,11.0,2012-10-23,2012,12,,,125.0,0.1102,0.8262,energetic,Halo 3: One Final Effort Marty O’Donnel,2025/11/30
Hand in My Pocket - 2015 Remaster,Alanis Morissette,Jagged Little Pill (2015 Remaster),74.0,1995,1995,29,"'rock', 'alternative rock', 'Canadian', 'mistagged', '1990s'","'rock', 'alternative rock'",92.0,0.1467,0.9369,neutral,Hand in My Pocket - 2015 Remaster Alanis Morissette,2025/11/30
Handwritten,The Gaslight Anthem,Handwritten (Deluxe Version),44.0,2012-01-01,2012,12,"'alternative rock', 'punk rock', 'Rock and Roll', 'seen live', 'pop'","'alternative rock', 'pop'",112.0,0.2242,0.9483,neutral,Handwritten The Gaslight Anthem,2025/11/30
Happy Together,Trouvere,Happy Together,77.0,1967,1967,57,"'medieval', 'medieval folk', 'folk', 'early music', 'Mittelalter'","'medieval', 'early music'",125.0,0.2102,1.1481,energetic,Happy Together Trouvere,2025/11/30
Happy?,Mudvayne,Lost and Found,70.0,2005,2005,19,"'Nu Metal', 'metal', 'alternative metal', 'rock', 'mudvayne'","'Nu Metal', 'metal', 'rock'",100.0,0.2555,1.1114,bright,Happy? Mudvayne,2025/11/30
Havana (feat. Young Thug),Camila Cabello,Camila,84.0,2018-01-12,2018,6,"'pop', 'female vocalists', 'cuba', 'cuban', 'dance'",'pop',104.0,0.2436,1.1396,neutral,Havana (feat. Young Thug) Camila Cabello,2025/11/30
Head & Heart (feat. MNEK),Joel Corry,Head & Heart (feat. MNEK),79.0,2020-07-03,2020,3,"'electronic', 'House', 'dance', 'EDM', 'british'","'electronic', 'House'",122.0,0.2961,1.2033,energetic,Head & Heart (feat. MNEK) Joel Corry,2025/11/30
Heartbreak Anthem (with David Guetta & Little Mix),Galantis,Heartbreak Anthem (with David Guetta & Little Mix),73.0,2021-05-20,2021,2,"'House', 'electronic', 'pop', 'dance', 'swedish'","'House', 'electronic', 'pop'",125.0,0.2091,1.0248,energetic,Heartbreak Anthem (with David Guetta & Little Mix) Galantis,2025/11/30
Heat Waves,Glass Animals,Dreamland (+ Bonus Levels),88.0,2020-08-07,2020,4,"'electronic', 'seen live', 'trip-hop', 'indie', 'british'","'electronic', 'trip-hop'",161.0,0.277,1.1875,energetic,Heat Waves Glass Animals,2025/11/30
Heathens,Twenty One Pilots,Heathens,84.0,2016-06-16,2016,7,"'electronic', 'alternative', 'indie pop', 'seen live', 'indie'","'electronic', 'alternative', 'indie pop'",91.0,0.2035,1.0993,neutral,Heathens Twenty One Pilots,2025/11/30
Heather,Conan Gray,Kid Krow,86.0,2020-03-20,2020,4,"'seen live', 'indie', 'pop', 'indie pop', 'american'","'pop', 'indie pop'",137.0,0.2271,0.9549,energetic,Heather Conan Gray,2025/11/30
Heaven Can Wait ,Gamma Ray,Heading for Tomorrow ,37.0,2015-01-30,2015,9,,,99.0,0.2071,1.0747,neutral,Heaven Can Wait  Gamma Ray,2025/11/30
Heaven Can Wait - Remastered in 2015,Gamma Ray,Heading for Tomorrow (Anniversary Edition),27.0,2015-07-24,2015,9,,,99.0,0.2392,1.091,bright,Heaven Can Wait - Remastered in 2015 Gamma Ray,2025/11/30
Heaven Knows,The Pretty Reckless,Going to Hell,82.0,1984,1984,40,"'rock', 'alternative', 'female vocalists', 'post-grunge', 'indie rock'","'rock', 'alternative', 'indie rock'",112.0,0.2214,1.0262,neutral,Heaven Knows The Pretty Reckless,2025/11/30
Hej Hej!,Daria Zawiałow,Helsinki,57.0,2019-03-08,2019,4,"'polish', 'electronic', 'pop', 'seen live', 'alternative'","'electronic', 'pop', 'alternative'",137.0,0.2481,1.1492,energetic,Hej Hej! Daria Zawiałow,2025/11/30
Hej panie!,Cyrk Deriglasoff,Magia y tresura,27.0,2019-04-01,2019,4,"'rock', 'alternative', 'alternative rock', 'Post punk', 'folk rock'","'rock', 'alternative', 'alternative rock', 'Post punk'",108.0,0.1484,1.1101,neutral,Hej panie! Cyrk Deriglasoff,2025/11/30
Hej!,Sosnowski,Tylko się nie denerwuj,44.0,2021-10-08,2021,2,"'electronica', 'minimal', 'Progressive', 'Progressive House', 'electronic'","'electronica', 'minimal', 'Progressive', 'Progressive House', 'electronic'",104.0,0.2739,1.0621,neutral,Hej! Sosnowski,2025/11/30
Hel,Brothers of Metal,Emblas Saga,48.0,2020-01-10,2020,4,,,144.0,0.0779,1.0094,energetic,Hel Brothers of Metal,2025/11/30
Her morning elegance,Pidżama Porno,Her morning elegance,35.0,2023-11-17,2023,1,"'punk rock', 'polish', 'rock', 'alternative', 'punk'","'rock', 'alternative', 'punk'",100.0,0.1728,0.9513,bright,Her morning elegance Pidżama Porno,2025/11/30
"Herbs, Good Hygiene and Socks",Lovage,Lovage: Music to Make Love to Your Old Lady By,30.0,2001-11-06,2001,23,"'trip-hop', 'downtempo', 'electronic', 'mike patton', 'chillout'","'trip-hop', 'downtempo', 'electronic'",131.0,0.1846,1.0672,energetic,"Herbs, Good Hygiene and Socks Lovage",2025/11/30
Here I Go,eM,Here I Go,48.0,2025-05-09,2025,0,,,122.0,0.0487,0.9189,neutral,Here I Go eM,2025/11/30
Here I Go - Peaceful Mind Remix,eM,Here I Go,0.0,2012-10-08,2012,12,,,125.0,0.2984,1.6942,energetic,Here I Go - Peaceful Mind Remix eM,2025/11/30
Here With Me,d4vd,Petals to Thorns,34.0,2005-06-13,2005,19,"'rnb', 'pop', 'rock', 'dream pop', 'seen live'","'pop', 'rock', 'dream pop'",131.0,0.1489,0.9571,energetic,Here With Me d4vd,2025/11/30
Herr Mannelig ,Garmarna,Guds spelemän ,51.0,1996-02-14,1996,28,,,156.0,0.1358,0.9528,energetic,Herr Mannelig  Garmarna,2025/11/30
Herr Mannelig - 2023 Remastered,Garmarna,Guds spelemän (2023 Remastered),51.0,1996-02-14,1996,28,,,156.0,0.186,0.9432,energetic,Herr Mannelig - 2023 Remastered Garmarna,2025/11/30
Hey Driver (feat. The War and Treaty),Zach Bryan,Zach Bryan,77.0,2023-08-25,2023,1,"'country', 'singer-songwriter', 'americana', 'Alt-country', 'country rock'","'country', 'americana', 'country rock'",108.0,0.2147,0.951,neutral,Hey Driver (feat. The War and Treaty) Zach Bryan,2025/11/30
Hideaway,Kiesza,Sound Of A Woman,70.0,2014-10-17,2014,10,"'dance', 'electronic', 'deep house', 'House', '2014'","'electronic', 'deep house', 'House'",122.0,0.0976,1.2902,energetic,Hideaway Kiesza,2025/11/30
Higher,Remy Cooper,Higher,65.0,2010-01-01,2010,14,,,110.0,0.2463,1.2351,bright,Higher Remy Cooper,2025/11/30
Highschool Lover,Air,The Virgin Suicides (Original Motion Picture Score),61.0,2000-02-25,2000,24,"'electronic', 'chillout', 'ambient', 'french', 'electronica'","'electronic', 'ambient', 'electronica'",131.0,0.127,0.7777,energetic,Highschool Lover Air,2025/11/30
Himinndotter,Wardruna,Birna,42.0,2025-01-24,2025,0,"'folk', 'neo-pagan folk'",,120.0,0.16,0.8159,neutral,Himinndotter Wardruna,2025/11/30
Hits 2000',Trinix Remix,Hits 2000',59.0,2023-02-07,2023,1,,,120.0,0.1984,1.1713,neutral,Hits 2000' Trinix Remix,2025/11/30
Hits 2023,Trinix Remix,Hits 2023,59.0,2024-02-05,2024,0,,,128.0,0.2157,1.1793,energetic,Hits 2023 Trinix Remix,2025/11/30
Hold Me,Delta Heavy,Overkill / Hold Me,34.0,2011-10-24,2011,13,"'dubstep', 'neurofunk', 'hipsters', 'Brostep'","'dubstep', 'neurofunk', 'Brostep'",141.0,0.2815,1.0828,energetic,Hold Me Delta Heavy,2025/11/30
Holding My Breath (feat. Estel Luz),The Sweet Life Society,Swing circus,6.0,2014-07-15,2014,10,,,108.0,0.2734,1.2293,bright,Holding My Breath (feat. Estel Luz) The Sweet Life Society,2025/11/30
Hollow Knight Piano Collections,Christopher Larkin,Hollow Knight Piano Collections,36.0,2019-11-28,2019,5,,,131.0,0.0367,0.4079,neutral,Hollow Knight Piano Collections Christopher Larkin,2025/11/30
Holy (feat. Chance The Rapper),Justin Bieber,Justice,70.0,2020-09-18,2020,3,"'pop', 'black metal', 'justin bieber', 'rnb', 'Hip-Hop'","'pop', 'black metal', 'Hip-Hop'",125.0,0.0939,1.0945,energetic,Holy (feat. Chance The Rapper) Justin Bieber,2025/11/30
Home,Edward Sharpe & The Magnetic Zeros,Up From Below,68.0,2009-07-14,2009,14,"'folk', 'indie', 'indie folk', 'seen live', 'indie pop'","'indie folk', 'indie pop'",112.0,0.222,0.9659,neutral,Home Edward Sharpe & The Magnetic Zeros,2025/11/30
Home,Good Neighbours,Home,68.0,2009-07-14,2009,15,"'indie', 'indie pop', 'dance', 'british', 'ambient'","'indie pop', 'ambient'",152.0,0.2656,0.9704,energetic,Home Good Neighbours,2025/11/30
Houdini,Dua Lipa,Houdini,81.0,2024-05-31,2024,0,"'pop', 'seen live', 'electropop', 'synthpop', 'british'","'pop', 'electropop', 'synthpop'",117.0,0.2546,1.1708,bright,Houdini Dua Lipa,2025/11/30
How Did You Love,Shinedown,Threat to Survival,64.0,2015-09-18,2015,9,"'rock', 'alternative', 'alternative rock', 'hard rock', 'pop rock'","'rock', 'alternative', 'alternative rock', 'hard rock'",125.0,0.2476,1.0274,energetic,How Did You Love Shinedown,2025/11/30
Hunger,Ross Copperman,Hunger,56.0,2015-04-21,2015,8,"'singer-songwriter', 'acoustic', 'pop rock', 'piano rock', 'pop'",'pop',156.0,0.2017,0.8375,energetic,Hunger Ross Copperman,2025/11/30
Hungry Heart,Declan J Donovan,Hungry Heart,45.0,2024-01-05,2024,0,"'one track mind', 'good left undone'",,131.0,0.2366,1.1748,energetic,Hungry Heart Declan J Donovan,2025/11/30
Hurt,OneRepublic,Artificial Paradise (Deluxe),52.0,2024-07-12,2024,0,,,91.0,0.2668,1.0932,neutral,Hurt OneRepublic,2025/11/30
Hush the Storms Away,Varien,Hush the Storms Away,41.0,2019-05-15,2019,5,,,112.0,0.1931,1.0661,bright,Hush the Storms Away Varien,2025/11/30
Hymn (J. Słowacki),sanah,sanah śpiewa Poezyje,53.0,2022-11-25,2022,1,'slowacki',,134.0,0.0984,1.0015,energetic,Hymn (J. Słowacki) sanah,2025/11/30
Hymn for the Weekend,Coldplay,A Head Full of Dreams,86.0,2015-12-04,2015,9,"'rock', 'alternative', 'britpop', 'alternative rock', 'indie'","'rock', 'alternative', 'britpop', 'alternative rock'",91.0,0.135,1.0031,bright,Hymn for the Weekend Coldplay,2025/11/30
Hypnotized,Purple Disco Machine,Exotica,76.0,2025-01-10,2025,0,"'House', 'deep house', 'electronic', 'Disco', 'german'","'House', 'deep house', 'electronic', 'Disco'",108.0,0.2792,1.1791,neutral,Hypnotized Purple Disco Machine,2025/11/30
Hysteria,Muse,Absolution,78.0,2003-09-15,2003,20,"'alternative rock', 'rock', 'Muse', 'alternative', 'Progressive rock'","'alternative rock', 'rock', 'alternative', 'Progressive rock'",125.0,0.1939,1.0276,energetic,Hysteria Muse,2025/11/30
I Ain't Worried,OneRepublic,I Ain’t Worried (Music From The Motion Picture Top Gun: Maverick),85.0,2022-05-13,2022,2,"'rock', 'pop rock', 'alternative', 'alternative rock', 'indie'","'rock', 'alternative', 'alternative rock'",141.0,0.232,1.1826,energetic,I Ain't Worried OneRepublic,2025/11/30
"I Ciebie też, bardzo (feat. Daria Zawiałow, Dawid Podsiadło & Vito Bambino)",Męskie Granie Orkiestra,"I Ciebie też, bardzo (feat. Daria Zawiałow, Dawid Podsiadło & Vito Bambino)",65.0,2021-06-30,2021,2,"'seen live', 'polish', 'rock', 'alternative rock', 'polish rock'","'rock', 'alternative rock'",117.0,0.2558,1.1201,neutral,"I Ciebie też, bardzo (feat. Daria Zawiałow, Dawid Podsiadło & Vito Bambino) Męskie Granie Orkiestra",2025/11/30
I Close My Eyes,Shivaree,Who's Got Trouble?,69.0,2018-03-16,2018,6,"'female vocalists', 'indie', 'alternative', 'rock', 'pop'","'alternative', 'rock', 'pop'",128.0,0.1911,1.14,energetic,I Close My Eyes Shivaree,2025/11/30
I Don't Wanna Wait,David Guetta,I Don't Wanna Wait,87.0,2024-04-05,2024,0,"'sample', 'the worst thing ever to happen to music', 'lazy remake', 'DAVID GUETTA - TOP HITS'",,131.0,0.2997,1.0784,energetic,I Don't Wanna Wait David Guetta,2025/11/30
I Don't Want To Hear It Anymore,Dusty Springfield,Dusty In Memphis,42.0,2008,2008,15,"'soul', 'female vocalists', '60s', 'pop', 'oldies'","'soul', 'pop'",122.0,0.0786,0.9284,energetic,I Don't Want To Hear It Anymore Dusty Springfield,2025/11/30
I Had Some Help (Feat. Morgan Wallen),Post Malone,F-1 Trillion,85.0,2024-05-10,2024,0,"'Hip-Hop', 'rap', 'trap', 'cloud rap', 'pop'","'Hip-Hop', 'rap', 'trap', 'pop'",128.0,0.222,1.0586,energetic,I Had Some Help (Feat. Morgan Wallen) Post Malone,2025/11/30
I Just Can't Wait to Be King,Jason Weaver,The Lion King,74.0,1994-01-01,1994,29,"'Soundtrack', 'Disney', 'Lion King', 'mr bean', 'pop'","'Soundtrack', 'Disney', 'pop'",99.0,0.0735,1.2132,bright,I Just Can't Wait to Be King Jason Weaver,2025/11/30
I KNOW ?,Travis Scott,UTOPIA,83.0,2023-07-28,2023,1,"'Hip-Hop', 'rap', 'trap', 'hip hop', 'american'","'Hip-Hop', 'rap', 'trap'",117.0,0.2359,1.1861,neutral,I KNOW ? Travis Scott,2025/11/30
I Like You (A Happier Song) (with Doja Cat),Post Malone,Twelve Carat Toothache,79.0,2022-06-03,2022,2,"'Hip-Hop', 'rap', 'trap', 'cloud rap', 'pop'","'Hip-Hop', 'rap', 'trap', 'pop'",100.0,0.2387,1.1921,neutral,I Like You (A Happier Song) (with Doja Cat) Post Malone,2025/11/30
I Love You So,The Walters,I Love You So,89.0,2014-11-28,2014,10,"'indie rock', 'indie', 'indie pop', 'blues rock', 'USA'","'indie rock', 'indie pop', 'blues rock'",152.0,0.2224,0.9229,energetic,I Love You So The Walters,2025/11/30
I Miss the Misery,Halestorm,The Strange Case of...,67.0,2012-04-03,2012,12,"'metal', 'rock', 'hard rock', 'female vocalists', 'female vocalist'","'metal', 'rock', 'hard rock'",110.0,0.2846,0.9823,neutral,I Miss the Misery Halestorm,2025/11/30
I Need A Dollar,Aloe Blacc,Good Things,71.0,2010-09-28,2010,14,"'soul', 'Hip-Hop', 'Neo-Soul', 'Stones throw', 'seen live'","'soul', 'Hip-Hop', 'Neo-Soul'",95.0,0.196,1.1455,neutral,I Need A Dollar Aloe Blacc,2025/11/30
I Put A Spell On You (Fifty Shades of Grey) - From Fifty Shades Of Grey Soundtrack,Annie Lennox,Fifty Shades Of Grey (Original Motion Picture Soundtrack),66.0,2015-02-09,2015,8,"'female vocalists', 'pop', '80s', 'singer-songwriter', 'rock'","'pop', 'rock'",176.0,0.1825,1.0384,energetic,I Put A Spell On You (Fifty Shades of Grey) - From Fifty Shades Of Grey Soundtrack Annie Lennox,2025/11/30
"I P’ ME, TU P’ TE",Geolier,"I P’ ME, TU P’ TE",66.0,2024-06-07,2024,0,'MySpotigramBot',,117.0,0.2447,1.1237,bright,"I P’ ME, TU P’ TE Geolier",2025/11/30
I Remember Everything (feat. Kacey Musgraves),Zach Bryan,I Remember Everything (feat. Kacey Musgraves),88.0,2023-08-25,2023,1,"'country', 'singer-songwriter', 'americana', 'Alt-country', 'country rock'","'country', 'americana', 'country rock'",156.0,0.2104,0.9306,energetic,I Remember Everything (feat. Kacey Musgraves) Zach Bryan,2025/11/30
I See Fire - From The Hobbit - The Desolation Of Smaug,Ed Sheeran,The Hobbit - The Desolation Of Smaug (Original Motion Picture Soundtrack / Special Edition),40.0,2022-02-11,2022,1,"'acoustic', 'british', 'singer-songwriter', 'easy-listening', 'pop'",'pop',152.0,0.0716,0.8758,energetic,I See Fire - From The Hobbit - The Desolation Of Smaug Ed Sheeran,2025/11/30
I Swear,The Minions,Despicable Me 2 (Original Motion Picture Soundtrack),61.0,2013-06-18,2013,11,"'beautiful', 'funny', 'love at first listen'",,165.0,0.1033,0.9461,energetic,I Swear The Minions,2025/11/30
I WANNA BE YOUR SLAVE,Måneskin,Teatro d'ira - Vol. I,84.0,2021-03-19,2021,2,"'rock', 'glam rock', 'italian', 'seen live', 'alternative rock'","'rock', 'glam rock', 'alternative rock'",134.0,0.2152,1.2359,energetic,I WANNA BE YOUR SLAVE Måneskin,2025/11/30
I Wanna Be Yours,Arctic Monkeys,AM,93.0,2013-09-09,2013,11,"'indie rock', 'indie', 'british', 'rock', 'alternative'","'indie rock', 'rock', 'alternative'",134.0,0.1772,0.9252,energetic,I Wanna Be Yours Arctic Monkeys,2025/11/30
I Was Made For Lovin' You,KISS,Dynasty,86.0,1979-03-23,1979,44,"'hard rock', 'classic rock', 'glam rock', 'rock', '80s'","'hard rock', 'glam rock', 'rock'",128.0,0.1797,1.2295,energetic,I Was Made For Lovin' You KISS,2025/11/30
I wszystko dobrze już,"Hurra, śpiewamy",I wszystko dobrze już,30.0,2023-02-17,2023,0,,,165.0,0.1582,1.171,energetic,"I wszystko dobrze już Hurra, śpiewamy",2025/11/30
I'm Good (Blue),David Guetta,I'm Good (Blue),88.0,2022-08-26,2022,1,"'House', 'dance', 'electronic', 'club', 'techno'","'House', 'electronic', 'techno'",128.0,0.2932,1.0161,energetic,I'm Good (Blue) David Guetta,2025/11/30
I'm Not Okay (I Promise),My Chemical Romance,Three Cheers for Sweet Revenge,79.0,2004-06-08,2004,20,"'emo', 'rock', 'my chemical romance', 'alternative', 'punk'","'rock', 'alternative', 'punk'",120.0,0.2132,1.0239,neutral,I'm Not Okay (I Promise) My Chemical Romance,2025/11/30
IMMORTALI,Mr.Rain,Pianeta di Miller,26.0,2024-03-01,2024,0,,,115.0,0.2879,1.2338,bright,IMMORTALI Mr.Rain,2025/11/30
INDUSTRY BABY (feat. Jack Harlow),Lil Nas X,INDUSTRY BABY (feat. Jack Harlow),77.0,2021-07-23,2021,3,"'Hip-Hop', 'rap', 'trap', 'country rap', 'seen live'","'Hip-Hop', 'rap', 'trap', 'country rap'",148.0,0.1687,1.1946,energetic,INDUSTRY BABY (feat. Jack Harlow) Lil Nas X,2025/11/30
IO T’O GIUR’ (feat. Sfera Ebbasta),Geolier,DIO LO SA,68.0,2024-06-07,2024,0,,,120.0,0.2459,1.0686,bright,IO T’O GIUR’ (feat. Sfera Ebbasta) Geolier,2025/11/30
ITALODISCO,The Kolors,ITALODISCO,71.0,2023-05-05,2023,0,"'funk', 'italian', 'pop', 'indie pop', 'electronic'","'funk', 'pop', 'indie pop', 'electronic'",122.0,0.2641,1.257,energetic,ITALODISCO The Kolors,2025/11/30
Igual Que Un Ángel (with Peso Pluma),Kali Uchis,ORQUÍDEAS,80.0,2024-01-12,2024,0,"'rnb', 'Neo-Soul', 'soul', 'seen live', 'pop'","'Neo-Soul', 'soul', 'pop'",108.0,0.1981,1.1548,bright,Igual Que Un Ángel (with Peso Pluma) Kali Uchis,2025/11/30
Il cielo in una stanza,Mike Patton,Mondo cane,48.0,2011-03-01,2011,13,"'experimental', 'Avant-Garde', 'mike patton', 'alternative', 'rock'","'Avant-Garde', 'alternative', 'rock'",120.0,0.1099,1.0276,neutral,Il cielo in una stanza Mike Patton,2025/11/30
In Italia 2024 (feat. Emma & Baby Gang),Fabri Fibra,In Italia 2024 (feat. Emma & Baby Gang),61.0,2024-02-23,2024,0,'MySpotigramBot',,161.0,0.2486,1.1604,energetic,In Italia 2024 (feat. Emma & Baby Gang) Fabri Fibra,2025/11/30
In Private,Dusty Springfield,Reputation & Rarities,52.0,1990,1990,33,"'soul', 'female vocalists', '60s', 'pop', 'oldies'","'soul', 'pop'",128.0,0.0575,1.1011,energetic,In Private Dusty Springfield,2025/11/30
In The Kitchen,Giulio Cercato,In The Kitchen,66.0,2022-11-11,2022,2,"'electrofunk', 'electrodisco', 'seek-cantfind'",,125.0,0.1456,1.5637,energetic,In The Kitchen Giulio Cercato,2025/11/30
In a Manner of Speaking,Nouvelle Vague,Nouvelle vague,69.0,2004-05-11,2004,20,"'Bossa Nova', 'french', 'female vocalists', 'chillout', 'indie'",'Bossa Nova',120.0,0.1485,1.1102,neutral,In a Manner of Speaking Nouvelle Vague,2025/11/30
In the Night,Saun & Starr,Look Closer,75.0,2015-08-28,2015,9,"'soul', 'rhythm and blues', 'USA', 'Daptone Records', 'indie'",'soul',99.0,0.1431,0.9715,neutral,In the Night Saun & Starr,2025/11/30
Inferno,Amaranthe,Inferno,44.0,2018-10-19,2018,6,"'heavy metal', 'Awesome', 'Favorite', 'Power metal', '2010s'","'heavy metal', 'Power metal'",134.0,0.2304,1.192,energetic,Inferno Amaranthe,2025/11/30
Intolewd,Matt Maltese,Krystal,67.0,2020-11-20,2020,4,"'pop', 'indie pop', 'singer-songwriter', 'indie', 'british'","'pop', 'indie pop'",85.0,0.1427,0.965,neutral,Intolewd Matt Maltese,2025/11/30
Introduction,Jane Austen,Pride and Prejudice (Unabridged),0.0,2012-04-28,2012,12,,,125.0,0.0538,1.3483,energetic,Introduction Jane Austen,2025/11/30
Ironic - 2015 Remaster,Alanis Morissette,Jagged Little Pill (2015 Remaster),77.0,1995,1995,29,"'rock', 'alternative rock', 'pop rock', 'a', 'if this were a pokemon i would catch it'","'rock', 'alternative rock'",115.0,0.1052,1.0604,neutral,Ironic - 2015 Remaster Alanis Morissette,2025/11/30
Is It Over Now? (Taylor's Version) (From The Vault),Taylor Swift,1989 (Taylor's Version) [Deluxe],78.0,2023-10-26,2023,1,"'country', 'pop', 'female vocalists', 'singer-songwriter', 'acoustic'","'country', 'pop'",100.0,0.1228,1.0432,neutral,Is It Over Now? (Taylor's Version) (From The Vault) Taylor Swift,2025/11/30
Island of Dreams,The Springfields,Silver Threads and Golden Needles (Singles & EPs 1961-1962),32.0,1980-01-01,1980,43,"'Sarah Records', 'twee', 'indie pop', 'pop', '60s'","'indie pop', 'pop'",128.0,0.2607,0.9904,energetic,Island of Dreams The Springfields,2025/11/30
It Ain't Right,Jenova Collective,Champagne Machine,17.0,2014-02-17,2014,10,,,122.0,0.1956,1.2217,energetic,It Ain't Right Jenova Collective,2025/11/30
It Don’t Matter - Spotify Singles,Alok,It Don’t Matter - Spotify Singles,55.0,2021-05-07,2021,2,"'electronic', 'brazilian', 'EDM', 'dance', 'House'","'electronic', 'brazilian', 'House'",117.0,0.2685,1.2016,bright,It Don’t Matter - Spotify Singles Alok,2025/11/30
It's Amazing - (Album Version),Jem,Down to Earth,38.0,2008,2008,15,"'female vocalists', 'pop', 'indie', 'alternative', 'electronic'","'pop', 'alternative', 'electronic'",99.0,0.2052,0.9731,neutral,It's Amazing - (Album Version) Jem,2025/11/30
"Ivan, Boris et moi",Marie Laforêt,Marie,40.0,2020-03-19,2020,3,"'french', 'female vocalists', 'chanson francaise', 'ye-ye', 'french 60s'",,131.0,0.1156,1.1507,energetic,"Ivan, Boris et moi Marie Laforêt",2025/11/30
Jailhouse Blues,Smokey Joe & The Kid,Smokid Inc.,40.0,2015-07-14,2015,9,,,148.0,0.2518,1.0869,energetic,Jailhouse Blues Smokey Joe & The Kid,2025/11/30
Jak dobrze,Krzysztof Zalewski,Złoto,32.0,2016-11-18,2016,7,"'seen live', 'rock', 'polish', 'hard rock', 'alternative rock'","'rock', 'hard rock', 'alternative rock'",161.0,0.1941,1.1173,energetic,Jak dobrze Krzysztof Zalewski,2025/11/30
Jak w filmie,Sarsa,Jak w filmie,49.0,2024-12-30,2024,0,"'pop', 'polish', 'female vocalists', 'poland', 'seen live'",'pop',102.0,0.1724,1.1398,bright,Jak w filmie Sarsa,2025/11/30
Jarzębina,Łucja Prus,Bal Baloników,17.0,2001-12-31,2001,22,,,128.0,0.1338,0.7992,energetic,Jarzębina Łucja Prus,2025/11/30
Jason,The Midnight,Endless Summer,56.0,2016-08-01,2016,8,"'pop', 'synthpop'","'pop', 'synthpop'",108.0,0.1793,1.1828,bright,Jason The Midnight,2025/11/30
Jeden Taki Dzień,Slums Attack,Fturując,35.0,2003-11-01,2003,20,"'Hip-Hop', 'rap', 'polish', 'polish hip-hop', 'hip hop'","'Hip-Hop', 'rap'",115.0,0.2145,1.1738,neutral,Jeden Taki Dzień Slums Attack,2025/11/30
Jelonek,Jelonek,Jelonek,2.0,2014-03-21,2014,10,,,125.0,0.111,1.0829,energetic,Jelonek Jelonek,2025/11/30
Jesień – Tańcuj (z filmu „Chłopi”),L.U.C.,Jesień – Tańcuj (z filmu „Chłopi”),55.0,2023-10-06,2023,1,"'trip-hop', 'experimental', 'jazz', 'polish', 'hip hop'","'trip-hop', 'jazz'",131.0,0.2216,1.0302,energetic,Jesień – Tańcuj (z filmu „Chłopi”) L.U.C.,2025/11/30
"Jesień, Jesień, Jesieniucha",Łucja Prus,Bal Baloników,21.0,2001-12-31,2001,22,,,,0.1354,0.9421,unknown,"Jesień, Jesień, Jesieniucha Łucja Prus",2025/11/30
Jest nas więcej,Agnieszka Chylińska,Never Ending Sorry,33.0,2022-10-28,2022,1,"'rock', 'polish', 'female vocalists', 'hard rock', 'polish rock'","'rock', 'hard rock'",110.0,0.258,1.0834,neutral,Jest nas więcej Agnieszka Chylińska,2025/11/30
Jest tylko teraz,Męskie Granie Orkiestra,"Jest tylko teraz (feat. Bedoes, Krzysztof Zalewski & Kwiat Jabłoni)",48.0,2022-05-31,2022,1,"'seen live', 'polish', 'rock', 'alternative rock', 'polish rock'","'rock', 'alternative rock'",110.0,0.1881,1.2367,bright,Jest tylko teraz Męskie Granie Orkiestra,2025/11/30
Jestem Twoją Bajką,Kleks,Jestem Twoją Bajką,57.0,2023-12-01,2023,0,,,106.0,0.1335,0.9221,neutral,Jestem Twoją Bajką Kleks,2025/11/30
Jeszcze będzie przepięknie,Tilt,Czad Kommando Tilt,46.0,2000-12-31,2000,23,"'punk rock', 'punk', 'polish', 'trance', 'rock'","'punk', 'trance', 'rock'",152.0,0.1629,1.0151,energetic,Jeszcze będzie przepięknie Tilt,2025/11/30
Jeszcze w zielone gramy - piosenka z filmu Plan B,Daria Zawiałow,Jeszcze w zielone gramy - piosenka z filmu Plan B,44.0,2017-12-01,2017,6,"'polish', 'electronic', 'pop', 'seen live', 'alternative'","'electronic', 'pop', 'alternative'",141.0,0.2546,1.0281,energetic,Jeszcze w zielone gramy - piosenka z filmu Plan B Daria Zawiałow,2025/11/30
Jeśli nie rozjadą nas czołgi,Happysad,Wszystko jedno,36.0,2004,2004,19,"'rock', 'polish', 'alternative', 'polish rock', 'punk rock'","'rock', 'alternative'",104.0,0.1908,1.0169,neutral,Jeśli nie rozjadą nas czołgi Happysad,2025/11/30
Joker And The Thief,Wolfmother,Wolfmother,64.0,2005-01-01,2005,19,"'rock', 'hard rock', 'Stoner Rock', 'seen live', 'australian'","'rock', 'hard rock'",152.0,0.3451,1.0261,energetic,Joker And The Thief Wolfmother,2025/11/30
Jump Around,House Of Pain,House of Pain (Fine Malt Lyrics),78.0,2022-07-22,2022,1,"'Hip-Hop', 'rap', 'old school', 'hip hop', 'alternative'","'Hip-Hop', 'rap', 'alternative'",106.0,0.2183,1.2957,bright,Jump Around House Of Pain,2025/11/30
Junk Of The Heart (Happy),The Kooks,Junk Of The Heart,65.0,2011-01-01,2011,13,"'indie', 'indie rock', 'british', 'makes me happy', 'happy'",'indie rock',144.0,0.2088,1.0039,energetic,Junk Of The Heart (Happy) The Kooks,2025/11/30
Just A Girl,No Doubt,Tragic Kingdom,77.0,1995-10-10,1995,28,"'rock', 'pop', 'ska', 'alternative', 'female vocalists'","'rock', 'pop', 'ska', 'alternative'",108.0,0.2115,1.0684,neutral,Just A Girl No Doubt,2025/11/30
Just Give Me a Reason (feat. Nate Ruess),P!nk,The Truth About Love,87.0,2012-09-18,2012,11,"'pop', '2013', 'P!nk', 'best of 2012', 'Ballad'",'pop',95.0,0.1573,0.9997,neutral,Just Give Me a Reason (feat. Nate Ruess) P!nk,2025/11/30
Just Like a Pill,P!nk,M!ssundaztood (Expanded Edition),72.0,2001,2001,22,"'pop', 'pop rock', 'rock', 'female vocalists', 'pink'","'pop', 'rock'",102.0,0.1915,1.1038,bright,Just Like a Pill P!nk,2025/11/30
Just My Imagination,The Cranberries,Bury The Hatchet,66.0,1999-04-19,1999,24,"'rock', 'female vocalists', 'irish', 'alternative', '90s'","'rock', 'alternative'",100.0,0.2016,0.9966,bright,Just My Imagination The Cranberries,2025/11/30
Just The Two of Us,Kauai45,Just The Two of Us,62.0,2020-11-20,2020,4,,,110.0,0.1447,1.0181,neutral,Just The Two of Us Kauai45,2025/11/30
Just Wanna Rock,Lil Uzi Vert,Just Wanna Rock,74.0,2022-10-17,2022,2,"'trap', 'rap', 'Hip-Hop', 'hip hop', 'emo rap'","'trap', 'rap', 'Hip-Hop'",148.0,0.2107,1.0611,energetic,Just Wanna Rock Lil Uzi Vert,2025/11/30
Jutro Spróbujemy Jeszcze Raz,KARAŚ/ROGUCKI,Czułe Kontyngenty,44.0,2022-09-23,2022,1,,,131.0,0.0819,1.0941,energetic,Jutro Spróbujemy Jeszcze Raz KARAŚ/ROGUCKI,2025/11/30
Kai Tangata,Alien Weaponry,Tū,51.0,2018-06-01,2018,6,"'heavy metal', 'maori', 'thrash metal', 'music to hunt people for sport to'","'heavy metal', 'thrash metal'",122.0,0.2457,1.0478,energetic,Kai Tangata Alien Weaponry,2025/11/30
Kaktus,Bovska,Kaktus,43.0,2016-03-11,2016,8,"'polish', 'movie song', '2016 single'",,134.0,0.2158,1.1101,energetic,Kaktus Bovska,2025/11/30
Kara,Rozen,Rozen,12.0,2021-04-16,2021,3,,,144.0,0.1439,0.9012,energetic,Kara Rozen,2025/11/30
Katchi - Ofenbach vs. Nick Waterhouse,Ofenbach,Katchi (Ofenbach vs. Nick Waterhouse),67.0,2017-08-25,2017,6,"'electronic', 'dance', 'pop', 'House', 'french'","'electronic', 'pop', 'House'",125.0,0.2477,1.2194,energetic,Katchi - Ofenbach vs. Nick Waterhouse Ofenbach,2025/11/30
Kids in Love,P!nk,TRUSTFALL,56.0,2023-02-17,2023,0,"'folk', 'folk-pop'",,102.0,0.2202,1.0877,neutral,Kids in Love P!nk,2025/11/30
Kiedy płyną,My Riot,Sweet Noise,6.0,2011-09-13,2011,13,"'electronic', 'punk', 'alternative', 'polish', 'My Riot'","'electronic', 'punk', 'alternative'",112.0,0.2205,1.239,bright,Kiedy płyną My Riot,2025/11/30
Kilka westchnień,KARAŚ/ROGUCKI,Ostatni Bastion Romantyzmu,53.0,2020-02-14,2020,3,"'alternative', 'seen live', 'polish', 'poland', 'polskie'",'alternative',128.0,0.0396,1.2518,neutral,Kilka westchnień KARAŚ/ROGUCKI,2025/11/30
Kill Bill,Daria ze Śląska,Tu była,50.0,2023-04-21,2023,1,,,88.0,0.189,1.1117,neutral,Kill Bill Daria ze Śląska,2025/11/30
Kill Bill,SZA,SOS,81.0,2022-12-09,2022,2,"'rnb', 'soul', 'electronic', 'alternative rnb', 'female vocalists'","'soul', 'electronic'",102.0,0.1261,1.1161,neutral,Kill Bill SZA,2025/11/30
King for a Day,Battle Beast,Bringer of Pain,56.0,2017-02-17,2017,7,"'heavy metal', 'metal', '80s', 'finnish', 'Power metal'","'heavy metal', 'metal', 'Power metal'",104.0,0.1772,0.961,neutral,King for a Day Battle Beast,2025/11/30
Kings & Queens,Ava Max,Heaven & Hell,81.0,2020-09-18,2020,3,"'pop', 'electropop', 'female vocalists', 'american', 'electronic'","'pop', 'electropop', 'electronic'",131.0,0.3047,1.1669,energetic,Kings & Queens Ava Max,2025/11/30
Kiss,Prince,Parade - Music from the Motion Picture Under the Cherry Moon,65.0,2021-10-01,2021,2,"'funk', 'pop', 'soul', '80s', 'rock'","'funk', 'pop', 'soul', 'rock'",112.0,0.0874,1.5248,bright,Kiss Prince,2025/11/30
Kiss Me,Ed Sheeran,+,86.0,1997-11-22,1997,26,"'acoustic', 'british', 'singer-songwriter', 'easy-listening', 'pop'",'pop',148.0,0.1471,0.9233,energetic,Kiss Me Ed Sheeran,2025/11/30
Kiss Me More (feat. SZA),Doja Cat,Kiss Me More (feat. SZA),85.0,2021-06-25,2021,3,"'pop', 'rnb', 'rap', 'Hip-Hop', 'hip hop'","'pop', 'rap', 'Hip-Hop'",110.0,0.1759,1.1716,neutral,Kiss Me More (feat. SZA) Doja Cat,2025/11/30
Koala's Lament - Instrumental,Lovage,Music to Make Love to Your Old Lady By (Instrumental),22.0,2001-11-06,2001,23,"'trip-hop', 'downtempo', 'electronic', 'mike patton', 'chillout'","'trip-hop', 'downtempo', 'electronic'",95.0,0.2145,1.1098,neutral,Koala's Lament - Instrumental Lovage,2025/11/30
Kocham wolność - Live,Chłopcy Z Placu Broni,Krzyż,38.0,1991-01-01,1991,32,"'rock', 'polish', 'classic rock', 'polish rock', 'polskie'",'rock',152.0,0.0484,1.1444,bright,Kocham wolność - Live Chłopcy Z Placu Broni,2025/11/30
Kolorowe kredki,Łucja Prus,Bal Baloników,28.0,2001-12-31,2001,22,,,104.0,0.1224,0.8867,neutral,Kolorowe kredki Łucja Prus,2025/11/30
Kometa,Kwiat Jabłoni,Kometa,47.0,2021-02-05,2021,3,"'seen live', 'folk', 'polish', 'indie', 'pop'",'pop',110.0,0.1275,0.884,neutral,Kometa Kwiat Jabłoni,2025/11/30
Koniec Lata (z filmu „Chłopi”),L.U.C.,Koniec Lata (z filmu „Chłopi”),51.0,2023-11-06,2023,1,"'trip-hop', 'experimental', 'jazz', 'polish', 'hip hop'","'trip-hop', 'jazz'",110.0,0.216,1.0431,neutral,Koniec Lata (z filmu „Chłopi”) L.U.C.,2025/11/30
Koop Island Blues,Koop,Koop Islands,63.0,2006-10-03,2006,18,"'jazz', 'chillout', 'acid jazz', 'downtempo', 'electronic'","'jazz', 'acid jazz', 'downtempo', 'electronic'",156.0,0.0391,1.1065,neutral,Koop Island Blues Koop,2025/11/30
Kosmiczne Energie,Ralph Kaminski,Młodość,50.0,2019-11-22,2019,5,,,131.0,0.1726,0.9624,energetic,Kosmiczne Energie Ralph Kaminski,2025/11/30
Koszulka,Dawid Tyszkowski,Koszulka,53.0,2022-04-21,2022,2,"'poland', 'indie', 'indie pop', 'singer-songwriter', 'polish'",'indie pop',102.0,0.1324,1.0846,neutral,Koszulka Dawid Tyszkowski,2025/11/30
Kraków,Myslovitz,Miłość w czasach popkultury,42.0,1999,1999,24,"'polish', 'rock', 'alternative rock', 'alternative', 'polish rock'","'rock', 'alternative rock', 'alternative'",144.0,0.1531,0.9345,energetic,Kraków Myslovitz,2025/11/30
Kto powie mi jak,Kwiat Jabłoni,Niemożliwe,51.0,2019-02-01,2019,5,"'seen live', 'folk', 'polish', 'indie', 'pop'",'pop',104.0,0.1588,1.125,neutral,Kto powie mi jak Kwiat Jabłoni,2025/11/30
Kundel,Artur Rojek,Kundel,33.0,2020-03-13,2020,4,,,110.0,0.2621,1.1637,bright,Kundel Artur Rojek,2025/11/30
Kurier,Krzysztof Zalewski,Kurier,44.0,2019-01-16,2019,4,"'seen live', 'rock', 'polish', 'hard rock', 'alternative rock'","'rock', 'hard rock', 'alternative rock'",99.0,0.1826,1.1042,bright,Kurier Krzysztof Zalewski,2025/11/30
Kvitravn,Wardruna,Kvitravn,48.0,2021-01-22,2021,3,,,125.0,0.2283,0.9019,energetic,Kvitravn Wardruna,2025/11/30
L'ULTIMA POESIA (feat. Ultimo),Geolier,L'ULTIMA POESIA (feat. Ultimo),64.0,2024-06-07,2024,0,,,148.0,0.247,1.0476,energetic,L'ULTIMA POESIA (feat. Ultimo) Geolier,2025/11/30
LADY GAGA,Peso Pluma,GÉNESIS,81.0,2023-06-29,2023,1,"'mexico', 'Reggaeton', 'Corridos tumbados', 'corrido tumbado', 'corridos belicos'",,141.0,0.2405,1.1931,energetic,LADY GAGA Peso Pluma,2025/11/30
LUNA,Feid,FERXXOCALIPSIS,52.0,2025-04-18,2025,0,"'Reggaeton', 'latin', 'Colombia', 'seen live', 'pop'","'latin', 'pop'",134.0,0.2677,1.2433,energetic,LUNA Feid,2025/11/30
LUNCH,Billie Eilish,HIT ME HARD AND SOFT,87.0,2024-05-17,2024,0,"'pop', 'indie pop', 'seen live', 'electropop', 'indie'","'pop', 'indie pop', 'electropop'",125.0,0.1824,1.1337,energetic,LUNCH Billie Eilish,2025/11/30
La Diabla,Xavi,La Diabla,76.0,2012-08-27,2012,12,"'pop', 'Reggaeton', 'regional mexican', 'electronic', 'singer-songwriter'","'pop', 'electronic'",131.0,0.2639,1.2754,energetic,La Diabla Xavi,2025/11/30
La bambola,Ennio Morricone,Veruschka - Poesia di una donna (Original Motion Picture Soundtrack),44.0,1998-11-04,1998,26,"'Soundtrack', 'instrumental', 'Classical', 'composer', 'italian'","'Soundtrack', 'instrumental', 'Classical'",105.0,0.1707,0.8013,neutral,La bambola Ennio Morricone,2025/11/30
La petite mort,KARAŚ/ROGUCKI,Ostatni Bastion Romantyzmu,41.0,2020-02-14,2020,3,,,110.0,0.2394,1.1176,neutral,La petite mort KARAŚ/ROGUCKI,2025/11/30
Lambada - Original Radio Edit,Kaoma,World Beat,58.0,1989,1989,34,"'latin', 'dance', '80s', 'brazilian', 'world'","'latin', 'brazilian', 'world'",120.0,0.0913,1.3789,bright,Lambada - Original Radio Edit Kaoma,2025/11/30
Last Night,Morgan Wallen,3 Songs At A Time Sampler,63.0,2024-06-14,2024,0,"'country', 'racist', 'country pop', 'the voice', 'contemporary country'","'country', 'country pop', 'contemporary country'",102.0,0.1841,1.0174,bright,Last Night Morgan Wallen,2025/11/30
Lasting Lover,Sigala,Every Cloud - Silver Linings,69.0,2020-09-04,2020,3,"'dance', 'House', 'electronic', 'tropical house', 'british'","'House', 'electronic', 'tropical house'",125.0,0.251,1.1168,energetic,Lasting Lover Sigala,2025/11/30
Late Night Talking,Harry Styles,Harry's House,80.0,2022-05-20,2022,2,"'pop', 'seen live', 'rock', 'pop rock', 'alternative'","'pop', 'rock', 'alternative'",115.0,0.2462,1.1631,bright,Late Night Talking Harry Styles,2025/11/30
Lean On (feat. MØ & DJ Snake),Major Lazer,Peace Is The Mission,78.0,2015-06-01,2015,8,"'seen live', 'dancehall', 'electronic', 'reggae', 'dub'","'dancehall', 'electronic', 'reggae', 'dub'",99.0,0.2524,1.2402,bright,Lean On (feat. MØ & DJ Snake) Major Lazer,2025/11/30
Legendary,Welshly Arms,No Place Is Home,74.0,2024-08-30,2024,0,"'blues rock', 'blues', 'rock', 'american', 'seen live'","'blues rock', 'blues', 'rock'",141.0,0.2175,1.071,energetic,Legendary Welshly Arms,2025/11/30
Lekkość,PIETRUCHA/ZALEWSKA,Lekkość,42.0,2024-08-02,2024,0,,,148.0,0.1571,0.8524,energetic,Lekkość PIETRUCHA/ZALEWSKA,2025/11/30
Lepszy Ląd,Rozen,Lepszy Ląd,25.0,2021-04-16,2021,3,,,125.0,0.2048,1.0779,energetic,Lepszy Ląd Rozen,2025/11/30
Les Fleurs,Minnie Riperton,Come To My Garden,64.0,1970-11-01,1970,53,"'soul', 'female vocalists', 'funk', 'jazz', 'oldies'","'soul', 'funk', 'jazz'",148.0,0.1373,0.9559,energetic,Les Fleurs Minnie Riperton,2025/11/30
Let It Go,ConKi,Let It Go,76.0,2024-04-19,2024,0,,,120.0,0.1849,0.9917,neutral,Let It Go ConKi,2025/11/30
Let It Go,The Neighbourhood,I Love You.,58.0,2013-04-22,2013,11,"'indie', 'rock', 'alternative', 'alternative rock', 'sonic rock'","'rock', 'alternative', 'alternative rock'",100.0,0.2291,1.0322,neutral,Let It Go The Neighbourhood,2025/11/30
Let The Light In (feat. Father John Misty),Lana Del Rey,Did you know that there's a tunnel under Ocean Blvd,81.0,2023-03-24,2023,1,"'female vocalists', 'indie', 'indie pop', 'pop', 'alternative'","'indie pop', 'pop', 'alternative'",134.0,0.2283,0.9032,energetic,Let The Light In (feat. Father John Misty) Lana Del Rey,2025/11/30
Levitating (feat. DaBaby),Dua Lipa,Future Nostalgia,84.0,2020-03-27,2020,4,"'pop', 'seen live', 'electropop', 'synthpop', 'british'","'pop', 'electropop', 'synthpop'",102.0,0.2799,1.1981,bright,Levitating (feat. DaBaby) Dua Lipa,2025/11/30
Liar,Gothminister,Anima Inferna,45.0,2014-02-21,2014,10,"'industrial metal', 'metal', 'atmospheric', 'female vocalists', 'epic'","'industrial metal', 'metal'",110.0,0.2483,1.1196,bright,Liar Gothminister,2025/11/30
Life Is Beautiful 2017,Sixx:A.M.,Life Is Beautiful 2017,49.0,2017-10-27,2017,7,,,156.0,0.0786,0.9061,energetic,Life Is Beautiful 2017 Sixx:A.M.,2025/11/30
Lifeboat,Lovage,Lovage: Music to Make Love to Your Old Lady By,55.0,2014-06-10,2014,10,"'trip-hop', 'downtempo', 'electronic', 'mike patton', 'chillout'","'trip-hop', 'downtempo', 'electronic'",156.0,0.2205,0.9586,energetic,Lifeboat Lovage,2025/11/30
Lighthouse,Somewhere In Between,Lighthouse + Tomorrow,56.0,2024-01-19,2024,0,"'folk', 'experimental', 'Progressive rock'",'Progressive rock',152.0,0.2274,0.9566,energetic,Lighthouse Somewhere In Between,2025/11/30
Like Nobody's Home,Max Wassen,Like Nobody's Home,34.0,2022-06-09,2022,2,"'hip hop', 'rap', 'hiphop', 'party', 'music'",'rap',108.0,0.249,1.1408,neutral,Like Nobody's Home Max Wassen,2025/11/30
Like a Rolling Stone,Julia Marcell,Like a Rolling Stone,24.0,2018-03-12,2018,5,"'cover', '2018 single'",,129.0,0.1623,0.9382,energetic,Like a Rolling Stone Julia Marcell,2025/11/30
Lil Boo Thang,Paul Russell,Lil Boo Thang,80.0,2023-08-18,2023,1,"'Hip-Hop', 'electronica', 'rap', 'trance', 'pop'","'Hip-Hop', 'electronica', 'rap', 'trance', 'pop'",115.0,0.2466,1.2652,bright,Lil Boo Thang Paul Russell,2025/11/30
Lisek Łakomczuszek,Jelonki,4Kids - Cool Baby,51.0,2018-06-25,2018,5,,,104.0,0.219,1.4117,bright,Lisek Łakomczuszek Jelonki,2025/11/30
Little Me,PORNO FOR PYROS,Little Me,17.0,2024-02-02,2024,0,,,131.0,0.2548,1.0435,energetic,Little Me PORNO FOR PYROS,2025/11/30
Little Me,Porno for Pyros,Little Me,17.0,2024-02-02,2024,0,,,131.0,0.2548,1.0435,energetic,Little Me Porno for Pyros,2025/11/30
Livery Stable Blues (08-30-22),New Orleans Rhythm Kings,Complete Jazz Series 1922 - 1923,0.0,2009-04-27,2009,15,"'jazz', 'dixieland', 'new orleans jazz', 'Red Hot Jazz', 'american'","'jazz', 'dixieland'",115.0,0.1776,0.9111,neutral,Livery Stable Blues (08-30-22) New Orleans Rhythm Kings,2025/11/30
Lloret de Mar,Mata,Lloret de Mar,69.0,2024-09-16,2024,0,"'Hip-Hop', 'polish', 'Polish RAP', 'rap', 'poland'","'Hip-Hop', 'rap'",104.0,0.2061,1.3649,neutral,Lloret de Mar Mata,2025/11/30
Lonesome Traveller,The Springfields,Kinda Folksy,6.0,2008-02-29,2008,15,"'Sarah Records', 'twee', 'indie pop', 'pop', '60s'","'indie pop', 'pop'",137.0,0.1101,1.064,energetic,Lonesome Traveller The Springfields,2025/11/30
Los,Stach Bukowski,Czerwony SUV,53.0,2016-12-09,2016,8,"'rock', 'polish', 'indie', 'piotr krasko w swojej mazurskiej posiadlosci'",'rock',122.0,0.2105,0.9996,energetic,Los Stach Bukowski,2025/11/30
Lose Control,Teddy Swims,I've Tried Everything But Therapy (Part 1),85.0,2023-06-23,2023,1,"'soul', 'singer-songwriter', 'rnb', 'pop', 'Neo-Soul'","'soul', 'pop', 'Neo-Soul'",161.0,0.2357,1.0107,energetic,Lose Control Teddy Swims,2025/11/30
Love Again,Dua Lipa,Future Nostalgia,76.0,2020-03-27,2020,3,"'pop', 'seen live', 'electropop', 'synthpop', 'british'","'pop', 'electropop', 'synthpop'",115.0,0.1875,1.1139,bright,Love Again Dua Lipa,2025/11/30
Love Me Like You Do - From Fifty Shades Of Grey,Ellie Goulding,Delirium (Deluxe),80.0,2015-11-06,2015,8,"'female vocalists', 'electronic', 'british', 'indie', 'indie pop'","'electronic', 'indie pop'",128.0,0.2002,0.9656,energetic,Love Me Like You Do - From Fifty Shades Of Grey Ellie Goulding,2025/11/30
Love Of My Life,Harry Styles,Harry's House,73.0,1975-11-21,1975,48,"'pop', 'seen live', 'rock', 'pop rock', 'alternative'","'pop', 'rock', 'alternative'",117.0,0.2429,0.9215,neutral,Love Of My Life Harry Styles,2025/11/30
Love On The Brain,Rihanna,ANTI (Deluxe),87.0,2016-01-28,2016,8,"'soul', 'rnb', '2016', 'Rihanna', 'pop'","'soul', 'pop'",170.0,0.293,1.1894,energetic,Love On The Brain Rihanna,2025/11/30
LoveLove.mp3,Max Wassen,LoveLove.mp3,19.0,2023-04-27,2023,1,"'hip hop', 'rap', 'hiphop', 'party', 'music'",'rap',117.0,0.2745,1.3233,neutral,LoveLove.mp3 Max Wassen,2025/11/30
Lover - First Dance Remix,Taylor Swift,Lover (First Dance Remix),55.0,2019-11-26,2019,4,"'country', 'pop', 'female vocalists', 'singer-songwriter', 'acoustic'","'country', 'pop'",104.0,0.1556,0.9363,neutral,Lover - First Dance Remix Taylor Swift,2025/11/30
Lovin On Me,Jack Harlow,Lovin On Me,83.0,2023-11-10,2023,1,"'rap', 'Hip-Hop', 'trap', 'pop rap', 'hip hop'","'rap', 'Hip-Hop', 'trap', 'pop rap'",104.0,0.3579,1.4128,bright,Lovin On Me Jack Harlow,2025/11/30
Lucid Dreams,Juice WRLD,Goodbye & Good Riddance,86.0,2018-12-10,2018,6,"'Hip-Hop', 'rap', 'emo rap', 'cloud rap', 'trap'","'Hip-Hop', 'rap', 'trap'",112.0,0.2473,1.1864,neutral,Lucid Dreams Juice WRLD,2025/11/30
Lullaby,The Cure,Greatest Hits,58.0,2001-01-01,2001,23,"'post-punk', 'new wave', 'alternative', '80s', 'rock'","'new wave', 'alternative', 'rock'",97.0,0.0421,1.0702,bright,Lullaby The Cure,2025/11/30
Lullaby - Remastered,The Cure,Disintegration (Deluxe Edition),69.0,1989-05-02,1989,34,"'post-punk', 'new wave', 'alternative', '80s', 'rock'","'new wave', 'alternative', 'rock'",94.0,0.143,1.0897,neutral,Lullaby - Remastered The Cure,2025/11/30
Lustful Sacraments,Perturbator,Lustful Sacraments,36.0,2021-05-28,2021,3,"'industrial', 'post-punk', 'ebm', 'darkwave', 'coldwave'","'industrial', 'coldwave'",128.0,0.1624,0.9919,energetic,Lustful Sacraments Perturbator,2025/11/30
Lustra,Krzysztof Zalewski,Zabawa,24.0,2020-09-18,2020,4,,,131.0,0.2352,1.2049,energetic,Lustra Krzysztof Zalewski,2025/11/30
Luzno,BARANOVSKI,Zbiór,40.0,2019-10-25,2019,5,,,125.0,0.2209,1.2184,energetic,Luzno BARANOVSKI,2025/11/30
Lvgvs,Eluveitie,Evocation II - Pantheon,45.0,2017-08-18,2017,7,"'folk metal', 'metal', 'folk', 'Melodic Death Metal', 'pagan metal'","'folk metal', 'metal', 'pagan metal'",108.0,0.1723,0.9678,bright,Lvgvs Eluveitie,2025/11/30
MA CHE IDEA (feat. Pino D'Angiò),bnkr44,MA CHE IDEA (feat. Pino D'Angiò),59.0,2024-02-10,2024,0,'MySpotigramBot',,117.0,0.2479,1.1995,neutral,MA CHE IDEA (feat. Pino D'Angiò) bnkr44,2025/11/30
MILLION DOLLAR BABY,Tommy Richman,MILLION DOLLAR BABY,88.0,2024-04-26,2024,0,"'rnb', 'rap', 'funk', 'Hip-Hop', 'virginia'","'rap', 'funk', 'Hip-Hop'",137.0,0.3043,1.3352,energetic,MILLION DOLLAR BABY Tommy Richman,2025/11/30
MMM,Minelli,MMM,58.0,2024-09-02,2024,0,"'dance', 'pop', 'Romanian', 'female vocalists', 'electronic'","'pop', 'electronic'",125.0,0.2547,1.2131,energetic,MMM Minelli,2025/11/30
MONTERO (Call Me By Your Name),Lil Nas X,MONTERO (Call Me By Your Name),77.0,2021-09-17,2021,3,"'Hip-Hop', 'rap', 'trap', 'country rap', 'seen live'","'Hip-Hop', 'rap', 'trap', 'country rap'",120.0,0.2049,1.1632,bright,MONTERO (Call Me By Your Name) Lil Nas X,2025/11/30
Made For Me,Muni Long,Made For Me,72.0,2023-09-15,2023,1,"'rnb', 'soul', 'pop', 'rap', 'Hip-Hop'","'soul', 'pop', 'rap', 'Hip-Hop'",120.0,0.2278,0.9308,neutral,Made For Me Muni Long,2025/11/30
Made You Look,Meghan Trainor,Takin' It Back,79.0,2022-10-21,2022,1,"'pop', 'female vocalists', 'soul', 'american', 'jazz'","'pop', 'soul', 'jazz'",144.0,0.2252,1.2313,energetic,Made You Look Meghan Trainor,2025/11/30
Madison,Kaśka Sochacka,Madison,59.0,2024-11-15,2024,0,'polish',,104.0,0.2037,0.9159,neutral,Madison Kaśka Sochacka,2025/11/30
Mainstream,Daria ze Śląska,Mainstream,48.0,2024-05-24,2024,0,"'polish', 'pop', 'indie pop', 'female vocalists', 'silesia'","'pop', 'indie pop'",108.0,0.2402,1.1032,neutral,Mainstream Daria ze Śląska,2025/11/30
Make You Mine,Madison Beer,Make You Mine,80.0,2024-02-09,2024,0,"'pop', 'female vocalists', 'rnb', 'indie', 'indie pop'","'pop', 'indie pop'",122.0,0.2888,1.0218,energetic,Make You Mine Madison Beer,2025/11/30
Making Plans For Nigel,XTC,Drums And Wires,59.0,1979-08-17,1979,45,"'new wave', '80s', 'alternative', 'rock', '70s'","'new wave', 'alternative', 'rock'",100.0,0.0996,1.0683,bright,Making Plans For Nigel XTC,2025/11/30
Malovaný Džbánku,Helena Vondráčková,Přelety,31.0,1992-01-01,1992,31,"'Czech', 'pop', 'female vocalists', 'the worst thing ever to happen to music', 'shit'",'pop',97.0,0.051,1.1125,neutral,Malovaný Džbánku Helena Vondráčková,2025/11/30
Mamushi (feat. Yuki Chiba),Megan Thee Stallion,MEGAN,78.0,2024-06-28,2024,0,"'rap', 'Hip-Hop', 'trap', 'hip hop', 'american'","'rap', 'Hip-Hop', 'trap'",108.0,0.1312,1.2698,bright,Mamushi (feat. Yuki Chiba) Megan Thee Stallion,2025/11/30
Marcepan,sanah,Marcepan,55.0,2023-04-20,2023,0,"'polish', 'greatest polish hits', 'playlista rmf fm'",,115.0,0.1904,1.1371,neutral,Marcepan sanah,2025/11/30
Marching on Versailles,Ad Infinitum,Marching on Versailles,42.0,2020-04-03,2020,4,,,102.0,0.1951,1.059,neutral,Marching on Versailles Ad Infinitum,2025/11/30
Marek,Julia Marcell,Proxy,15.0,2016-04-12,2016,7,"'polish', '2016 single'",,117.0,0.1978,0.9342,neutral,Marek Julia Marcell,2025/11/30
Marzec - czarodziej,Łucja Prus,Bal Baloników,16.0,2001-12-31,2001,22,,,104.0,0.128,0.911,neutral,Marzec - czarodziej Łucja Prus,2025/11/30
Master Exploder,Tenacious D,The Pick Of Destiny,56.0,2006-11-02,2006,18,"'rock', 'comedy', 'hard rock', 'Comedy Rock', 'tenacious d'","'rock', 'comedy', 'hard rock'",148.0,0.0578,1.0478,energetic,Master Exploder Tenacious D,2025/11/30
Masters of the Galaxy,Gloryhammer,Legends from Beyond the Galactic Terrorvortex,47.0,2019-05-31,2019,5,"'happy', 'Energetic', 'space', 'Power metal', 'gorg'",'Power metal',156.0,0.2594,1.0745,energetic,Masters of the Galaxy Gloryhammer,2025/11/30
Matka,Matylda/Łukasiewicz,Matka,30.0,2016-04-13,2016,7,"'alternative', 'indie', 'indie pop', 'female vocalists', 'chillout'","'alternative', 'indie pop'",161.0,0.1946,1.051,energetic,Matka Matylda/Łukasiewicz,2025/11/30
Maybe,Brainstorm,The Best Of Latvia,73.0,2003-01-01,2003,21,"'Power metal', 'rock', 'latvian', 'heavy metal', 'seen live'","'Power metal', 'rock', 'heavy metal'",104.0,0.1477,1.1246,neutral,Maybe Brainstorm,2025/11/30
Mayores,Becky G,MALA SANTA,76.0,2019-10-18,2019,4,"'pop', 'rap', 'female vocalists', 'Hip-Hop', 'latin'","'pop', 'rap', 'Hip-Hop', 'latin'",97.0,0.2261,1.2923,neutral,Mayores Becky G,2025/11/30
Meant To,Laura Alden,Meant To,37.0,2024-05-10,2024,0,,,117.0,0.172,1.0288,neutral,Meant To Laura Alden,2025/11/30
Meet Me In The Middle - From The Fifty Shades Of Grey Soundtrack,Jessie Ware,Fifty Shades Of Grey (Original Motion Picture Soundtrack),53.0,2015-02-09,2015,8,"'soul', 'pop', 'seen live', 'electronic', 'female vocalists'","'soul', 'pop', 'electronic'",122.0,0.1347,1.018,energetic,Meet Me In The Middle - From The Fifty Shades Of Grey Soundtrack Jessie Ware,2025/11/30
Melodia,sanah,Królowa dram,58.0,2020-05-08,2020,3,"'polish', 'greatest polish hits', 'playlista rmf fm', 'S Artist'",,106.0,0.2077,1.0167,neutral,Melodia sanah,2025/11/30
Middle,Becca,Middle,78.0,2020-01-10,2020,3,"'rock', 'pop', 'female vocalists', 'dance', 'Europop'","'rock', 'pop', 'Europop'",137.0,0.1821,0.8387,energetic,Middle Becca,2025/11/30
Midnight,Swingrowers,Remote,44.0,2014-08-14,2014,10,'imported by drip.feed',,99.0,0.2229,1.2334,bright,Midnight Swingrowers,2025/11/30
Mikrourazy,WASABI,Mikrourazy,2.0,2019-12-09,2019,5,"'russian alternative', 'emocore', 'alternative', 'female vocalists', 'emo'",'alternative',117.0,0.1948,0.9634,neutral,Mikrourazy WASABI,2025/11/30
Misery Business,Paramore,Riot!,78.0,2007-06-12,2007,17,"'rock', 'pop punk', 'Paramore', 'female vocalists', 'alternative'","'rock', 'pop punk', 'alternative'",115.0,0.1952,1.1592,bright,Misery Business Paramore,2025/11/30
Misread,Kings of Convenience,Riot On An Empty Street,62.0,2004-01-01,2004,19,"'indie', 'acoustic', 'norwegian', 'indie pop', 'Mellow'",'indie pop',106.0,0.0651,1.1292,neutral,Misread Kings of Convenience,2025/11/30
Miss Fortune,Aloe Blacc,Good Things,28.0,2010-09-28,2010,14,"'soul', 'Hip-Hop', 'Neo-Soul', 'Stones throw', 'seen live'","'soul', 'Hip-Hop', 'Neo-Soul'",170.0,0.2008,1.1848,energetic,Miss Fortune Aloe Blacc,2025/11/30
Miss Polly Had a Dolly,The Wiggles,Emma!,24.0,2024-08-16,2024,0,,,137.0,0.1801,1.1957,energetic,Miss Polly Had a Dolly The Wiggles,2025/11/30
Miss You - Bonus Track,Oliver Tree,Alone In A Crowd,76.0,2023-09-29,2023,0,"'electronic', 'Hip-Hop', 'electropop', 'indie pop', 'pop'","'electronic', 'Hip-Hop', 'electropop', 'indie pop', 'pop'",144.0,0.2714,1.0755,energetic,Miss You - Bonus Track Oliver Tree,2025/11/30
Missing Piece,Vance Joy,In Our Own Sweet Time,68.0,2021-05-19,2021,2,"'folk', 'indie', 'singer-songwriter', 'australian', 'acoustic'",,102.0,0.258,1.1374,neutral,Missing Piece Vance Joy,2025/11/30
Mięta,WOLSKA,WOLSKA,33.0,2023-04-13,2023,1,,,122.0,0.2147,1.0427,energetic,Mięta WOLSKA,2025/11/30
Miłego lata,Margaret,Siniaki i cekiny,44.0,2024-04-11,2024,0,"'pop', 'dance', 'polish', 'eurobeat', 'electropop'","'pop', 'eurobeat', 'electropop'",161.0,0.2417,1.2013,energetic,Miłego lata Margaret,2025/11/30
Miły,KIWI,Pętla,34.0,2022-01-28,2022,2,,,128.0,0.1963,0.9071,energetic,Miły KIWI,2025/11/30
Mogło być nic,Kwiat Jabłoni,Mogło być nic,52.0,2021-02-05,2021,3,"'seen live', 'folk', 'polish', 'indie', 'pop'",'pop',148.0,0.2245,1.0841,energetic,Mogło być nic Kwiat Jabłoni,2025/11/30
Moje miasto,Leniwiec,Raj,40.0,2021-04-23,2021,3,"'punk rock', 'ska', 'punk', 'polish', 'reggae'","'ska', 'punk', 'reggae'",141.0,0.2065,1.2283,energetic,Moje miasto Leniwiec,2025/11/30
Moje serce to jest muzyk,Ewa Bem,"Niemen, Osiecka i Młynarski: Klasyka polskiej piosenki",32.0,2024-08-02,2024,0,"'polish', 'jazz', 'pop', '70s', 'nicee2me'","'jazz', 'pop'",141.0,0.1322,1.0859,energetic,Moje serce to jest muzyk Ewa Bem,2025/11/30
Mokry od Twoich łez,Pidżama Porno,Sprzedawca jutra,30.0,2019-09-27,2019,4,"'punk rock', 'polish', 'rock', 'alternative', 'punk'","'rock', 'alternative', 'punk'",144.0,0.2483,0.962,energetic,Mokry od Twoich łez Pidżama Porno,2025/11/30
Mom’s Got Work,Adam Taylor,The Handmaid's Tale (Deluxe Edition) [Original Series Soundtrack],38.0,2019-08-02,2019,4,"'Soundtrack', 'electronic', 'seen live', 'indie', 'ambient'","'Soundtrack', 'electronic', 'ambient'",117.0,0.1252,0.7175,neutral,Mom’s Got Work Adam Taylor,2025/11/30
Money For Nothing,Dire Straits,Money For Nothing,79.0,1985-05-13,1985,39,"'rock', 'classic rock', '80s', 'dire straits', 'guitar'",'rock',134.0,0.0808,1.1116,energetic,Money For Nothing Dire Straits,2025/11/30
Money For Nothing - Single Edit / Remastered 2022,Dire Straits,Money For Nothing (Remastered 2022),67.0,2022-06-17,2022,2,,,134.0,0.1852,1.0917,energetic,Money For Nothing - Single Edit / Remastered 2022 Dire Straits,2025/11/30
Moneylove (feat. Emis Killa),Massimo Pericolo,Le cose cambiano,62.0,2023-12-01,2023,1,'MySpotigramBot',,137.0,0.305,1.1912,energetic,Moneylove (feat. Emis Killa) Massimo Pericolo,2025/11/30
Mood (feat. iann dior),24kGoldn,Mood (feat. iann dior),80.0,2021-03-26,2021,3,"'Hip-Hop', 'pop', 'rap', 'trap', 'rnb'","'Hip-Hop', 'pop', 'rap', 'trap'",122.0,0.192,1.2757,energetic,Mood (feat. iann dior) 24kGoldn,2025/11/30
More Than Anything,Jeremy Jordan,Hazbin Hotel,64.0,2024-02-02,2024,0,,,131.0,0.0597,0.9782,energetic,More Than Anything Jeremy Jordan,2025/11/30
Motyle,Sylwia Grzeszczak,Motyle,61.0,2024-01-05,2024,0,"'pop', 'polish', 'female vocalists', 'alternative', 'seen live'","'pop', 'alternative'",131.0,0.249,1.0975,energetic,Motyle Sylwia Grzeszczak,2025/11/30
Mrówki,"Hurra, śpiewamy",Mrówki,28.0,2023-02-24,2023,0,,,144.0,0.1228,1.2702,energetic,"Mrówki Hurra, śpiewamy",2025/11/30
Muka - Version 2017,Hey,CDN,39.0,2017-10-27,2017,7,"'rock', 'polish', 'alternative', 'female vocalists', 'polish rock'","'rock', 'alternative'",131.0,0.269,1.0252,energetic,Muka - Version 2017 Hey,2025/11/30
Musica leggerissima,Colapesce,I Mortali²,59.0,2021-03-19,2021,3,"'Eurovision', 'sanremo', 'MySpotigramBot', '-1001747063611'",,120.0,0.248,1.0947,bright,Musica leggerissima Colapesce,2025/11/30
Mustang,Vito Bambino,Pracownia,41.0,2023-04-27,2023,0,,,148.0,0.1787,1.0819,energetic,Mustang Vito Bambino,2025/11/30
Mutter,Rammstein,Mutter,63.0,2001-04-02,2001,22,"'industrial metal', 'metal', 'industrial', 'german', 'rock'","'industrial metal', 'metal', 'industrial', 'rock'",117.0,0.2025,0.9785,bright,Mutter Rammstein,2025/11/30
My,Myslovitz,Miłość w czasach popkultury,79.0,2016-09-16,2016,7,"'polish', 'rock', 'alternative rock', 'alternative', 'polish rock'","'rock', 'alternative rock', 'alternative'",122.0,0.2083,1.0045,energetic,My Myslovitz,2025/11/30
My Love Mine All Mine,Mitski,The Land Is Inhospitable and So Are We,89.0,2023-09-15,2023,1,"'seen live', 'indie rock', 'indie', 'indie pop', 'singer-songwriter'","'indie rock', 'indie pop'",115.0,0.1344,0.8667,neutral,My Love Mine All Mine Mitski,2025/11/30
My Stupid Heart,Walk off the Earth,Stand By You,65.0,2023-01-27,2023,0,"'indie', 'indie rock', 'rock', 'reggae', 'Canadian'","'indie rock', 'rock', 'reggae'",115.0,0.1495,1.195,neutral,My Stupid Heart Walk off the Earth,2025/11/30
My Sweet Lord (2014 Remaster),George Harrison,All Things Must Pass (2014 Remaster),81.0,1970-11-20,1970,54,"'classic rock', 'rock', 'singer-songwriter', 'british', 'pop'","'rock', 'pop'",120.0,0.159,0.9433,neutral,My Sweet Lord (2014 Remaster) George Harrison,2025/11/30
My Type,Saweetie,ICY,74.0,2019-03-29,2019,4,"'better than selena gomez', 'urban', 'Hip-Hop', 'female rapper', 'nicki minaj'",'Hip-Hop',104.0,0.0766,1.4035,bright,My Type Saweetie,2025/11/30
My Universe,Coldplay,Music Of The Spheres,79.0,2021-10-15,2021,2,"'rock', 'alternative', 'britpop', 'alternative rock', 'indie'","'rock', 'alternative', 'britpop', 'alternative rock'",104.0,0.2501,1.0603,neutral,My Universe Coldplay,2025/11/30
Mydło lubi zabawę,Ela Pawlak i Paulina Kuciak,Przeboje Pana Tik Taka Vol 1.,42.0,2014-11-17,2014,9,,,112.0,0.0108,0.3225,neutral,Mydło lubi zabawę Ela Pawlak i Paulina Kuciak,2025/11/30
Mz. Hyde,Halestorm,The Strange Case of...,55.0,2012-04-03,2012,12,"'hard rock', 'rock', 'alternative metal', 'halestorm', 'metal'","'hard rock', 'rock', 'metal'",137.0,0.114,1.0885,energetic,Mz. Hyde Halestorm,2025/11/30
Mów mi dobrze,Happysad,Mów mi dobrze,46.0,2009-10-19,2009,14,"'rock', 'polish', 'alternative', 'polish rock', 'punk rock'","'rock', 'alternative'",120.0,0.1654,1.0977,neutral,Mów mi dobrze Happysad,2025/11/30
NIE MÓWIŁA NIC,EMO,NIE MÓWIŁA NIC,49.0,2024-04-03,2024,0,"'downtempo', 'nu jazz', 'electronic', 'easy listening', 'emo'","'downtempo', 'nu jazz', 'electronic', 'easy listening'",120.0,0.2538,1.158,bright,NIE MÓWIŁA NIC EMO,2025/11/30
NIECH BOLI,Sobel,NIECH BOLI,56.0,2024-08-22,2024,0,"'polish', 'Hip-Hop', 'trap', 'poland', 'seen live'","'Hip-Hop', 'trap'",125.0,0.2159,1.0207,energetic,NIECH BOLI Sobel,2025/11/30
NOSTALGIA,XGIOVE,NOSTALGIA,7.0,2024-02-21,2024,0,"'Eurovision Song Contest', 'Eurovision', 'ESC', 'San Marino', 'preselection'",,131.0,0.1696,1.1973,energetic,NOSTALGIA XGIOVE,2025/11/30
Na zakręcie,KARAŚ/ROGUCKI,Ostatni Bastion Romantyzmu,42.0,2025-02-12,2025,0,"'alternative', 'seen live', 'polish', 'poland', 'polskie'",'alternative',148.0,0.267,1.0951,energetic,Na zakręcie KARAŚ/ROGUCKI,2025/11/30
"Nabucco / Act III: Va, pensiero, sull'ali dorate",Giuseppe Verdi,Verdi: Nabucco,53.0,1983-01-01,1983,40,"'Classical', 'opera', 'italian', 'romantic', 'composers'","'Classical', 'opera'",128.0,0.0248,0.6683,neutral,"Nabucco / Act III: Va, pensiero, sull'ali dorate Giuseppe Verdi",2025/11/30
"Nabucco, Act III: Chorus of the Hebrew Slaves, ""Va pensiero, sull'ali dorate""",Giuseppe Verdi,The 50 Greatest Pieces of Classical Music,44.0,2009-11-23,2009,14,"'Classical', 'opera', 'italian', 'romantic', 'composers'","'Classical', 'opera'",122.0,0.0698,0.7097,energetic,"Nabucco, Act III: Chorus of the Hebrew Slaves, ""Va pensiero, sull'ali dorate"" Giuseppe Verdi",2025/11/30
Nad wodę (feat. Tribbs),WERSOW,Nad wodę (feat. Tribbs),46.0,2024-03-23,2024,0,"'polska', 'poland', 'polish', 'Penis', 'polskie'",,128.0,0.2998,1.1692,energetic,Nad wodę (feat. Tribbs) WERSOW,2025/11/30
Naive,The Kooks,Inside In / Inside Out,80.0,2006-01-01,2006,18,"'indie', 'indie rock', 'british', 'alternative', 'rock'","'indie rock', 'alternative', 'rock'",104.0,0.2014,1.1107,bright,Naive The Kooks,2025/11/30
Naiwna Dziewucha,Diiya,Naiwna Dziewucha,49.0,2024-10-11,2024,0,,,100.0,0.2316,1.2927,bright,Naiwna Dziewucha Diiya,2025/11/30
Najlepsze przede mną,L.U.C.,GOOD L.U.C.K,35.0,2018-03-16,2018,5,"'trip-hop', 'experimental', 'jazz', 'polish', 'hip hop'","'trip-hop', 'jazz'",165.0,0.237,1.3598,energetic,Najlepsze przede mną L.U.C.,2025/11/30
Najnowszy Klip,Dawid Podsiadło,Małomiasteczkowy,57.0,2018-10-19,2018,5,"'seen live', 'polish', 'indie', 'folk', 'rock'",'rock',94.0,0.1337,1.1155,neutral,Najnowszy Klip Dawid Podsiadło,2025/11/30
Nasza zima zła,Robert Kanaan,Zabawy z Panią Nutką - piosenki dla dzieci,22.0,2021-03-01,2021,2,"'ambient', 'downtempo', 'new age', 'lounge'","'ambient', 'downtempo', 'new age', 'lounge'",95.0,0.0943,1.1812,neutral,Nasza zima zła Robert Kanaan,2025/11/30
Natural,Imagine Dragons,Origins (Deluxe),82.0,2018-11-09,2018,5,"'indie', 'indie rock', 'alternative', 'rock', 'indie pop'","'indie rock', 'alternative', 'rock', 'indie pop'",100.0,0.2047,1.1178,bright,Natural Imagine Dragons,2025/11/30
Ne Me Quitte Pas,Nina Simone,I Put A Spell On You,59.0,2004-01-01,2004,19,"'jazz', 'soul', 'female vocalists', 'blues', 'vocal jazz'","'jazz', 'soul', 'blues', 'vocal jazz'",120.0,0.1785,0.8991,neutral,Ne Me Quitte Pas Nina Simone,2025/11/30
Ne Rozumiju,Vixen,BLINDBOX,63.0,2023-10-20,2023,1,"'hard rock', 'hair metal', '80s', 'female vocalists', 'rock'","'hard rock', 'hair metal', 'rock'",156.0,0.2061,1.0331,energetic,Ne Rozumiju Vixen,2025/11/30
Needled 24 / 7,Children Of Bodom,Hate Crew Deathroll,53.0,2004-01-01,2004,20,"'Melodic Death Metal', 'metal', 'death metal', 'children of bodom', 'Power metal'","'metal', 'death metal', 'Power metal'",128.0,0.3214,1.0996,energetic,Needled 24 / 7 Children Of Bodom,2025/11/30
Never Ending Story,Daria Marx,Never Ending Story,67.0,2009-09-25,2009,14,"'pop', 'party', 'polish', 'poland'",'pop',128.0,0.2241,1.2944,energetic,Never Ending Story Daria Marx,2025/11/30
Never Gonna Not Dance Again,P!nk,TRUSTFALL,70.0,2022-11-04,2022,1,"'pop', 'funk', 'happy', 'saxophone', 'american'","'pop', 'funk'",115.0,0.2822,1.2115,bright,Never Gonna Not Dance Again P!nk,2025/11/30
Never Lose Me,Flo Milli,Never Lose Me,76.0,2023-11-30,2023,1,"'Hip-Hop', 'rap', 'trap', 'female vocalists', 'hip hop'","'Hip-Hop', 'rap', 'trap'",122.0,0.2874,1.2111,energetic,Never Lose Me Flo Milli,2025/11/30
New Year,Regina Spektor,Remember Us to Life ,19.0,2016-09-30,2016,8,"'american', 'new year', 'new years'",,122.0,0.1575,0.8215,energetic,New Year Regina Spektor,2025/11/30
New York Freestyle,Otsochodzi,TTHE GRIND,62.0,2024-04-04,2024,0,,,134.0,0.2607,1.4017,energetic,New York Freestyle Otsochodzi,2025/11/30
Ni**as In Paris,JAY-Z,Watch The Throne,83.0,2011-08-08,2011,13,"'Hip-Hop', 'rap', 'hip hop', 'east coast rap', 'jay-z'","'Hip-Hop', 'rap'",141.0,0.1143,1.1827,energetic,Ni**as In Paris JAY-Z,2025/11/30
Nic dwa razy (W. Szymborska),sanah,sanah śpiewa Poezyje,61.0,2022-11-25,2022,1,"'polish', 'greatest polish hits', 'Szymborska', 'good left undone', 'playlista rmf fm'",,99.0,0.145,1.03,neutral,Nic dwa razy (W. Szymborska) sanah,2025/11/30
Nice to Meet You,Imagine Dragons,LOOM,72.0,2024-06-28,2024,0,"'dan trahni nas', 'indie', 'pop', 'rock', 'alternative'","'pop', 'rock', 'alternative'",104.0,0.1854,1.1968,bright,Nice to Meet You Imagine Dragons,2025/11/30
Nie Szkodzi,Paula Biskup,Nie Szkodzi,55.0,2024-03-15,2024,0,"'pop', 'female vocalists', 'polish', 'poland'",'pop',108.0,0.2155,0.9247,neutral,Nie Szkodzi Paula Biskup,2025/11/30
Nie ma mnie,Kwiat Jabłoni,Mogło być nic,54.0,2000-12-18,2000,24,"'seen live', 'folk', 'polish', 'indie', 'pop'",'pop',141.0,0.1885,1.111,energetic,Nie ma mnie Kwiat Jabłoni,2025/11/30
Nie mam dla ciebie miłości,SKUBAS,Brzask,43.0,2014-09-09,2014,10,"'polish', 'seen live', 'indie', 'alternative', 'melancholic'",'alternative',161.0,0.1904,0.8787,energetic,Nie mam dla ciebie miłości SKUBAS,2025/11/30
Nie patrzę wstecz,JANEK.,Chłopiec z gitarą,36.0,2024-04-18,2024,0,,,131.0,0.1988,1.1258,energetic,Nie patrzę wstecz JANEK.,2025/11/30
Nie raj,Lao Che,Wiedza o społeczeństwie,45.0,2018-02-16,2018,5,"'alternative', 'polish', 'alternative rock', 'rock', 'seen live'","'alternative', 'alternative rock', 'rock'",144.0,0.1453,1.1756,energetic,Nie raj Lao Che,2025/11/30
Nie stało się nic,Męskie Granie Orkiestra,Męskie Granie 2020,52.0,1997,1997,26,"'seen live', 'polish', 'rock', 'alternative rock', 'polish rock'","'rock', 'alternative rock'",115.0,0.1887,0.9849,neutral,Nie stało się nic Męskie Granie Orkiestra,2025/11/30
Nie wyjadę,Rozen,Rozen,33.0,2021-04-16,2021,3,,,128.0,0.1438,0.8559,energetic,Nie wyjadę Rozen,2025/11/30
Niebotyczne Niebowstąpienie,Strachy Na Lachy,Piekło,39.0,2021-10-01,2021,2,"'rock', 'polish', 'alternative', 'alternative rock', 'punk rock'","'rock', 'alternative', 'alternative rock'",108.0,0.2127,1.0173,neutral,Niebotyczne Niebowstąpienie Strachy Na Lachy,2025/11/30
Nienawidzę Cię Polsko!,Czesław Śpiewa,"Księga emigrantów, tom 1",32.0,2014-10-23,2014,10,,,106.0,0.2401,1.1553,neutral,Nienawidzę Cię Polsko! Czesław Śpiewa,2025/11/30
Nija,Orbit Culture,Nija,55.0,2020-08-07,2020,4,,,110.0,0.3313,1.1199,neutral,Nija Orbit Culture,2025/11/30
Nija ,Orbit Culture,Nija ,55.0,2020-08-07,2020,4,,,110.0,0.3313,1.1199,neutral,Nija  Orbit Culture,2025/11/30
"Nikt tak pięknie nie mówił, że się boi miłości",Męskie Granie Orkiestra,Męskie Granie 2021,53.0,2016-04-01,2016,7,"'seen live', 'polish', 'rock', 'alternative rock', 'polish rock'","'rock', 'alternative rock'",120.0,0.0865,0.8562,neutral,"Nikt tak pięknie nie mówił, że się boi miłości Męskie Granie Orkiestra",2025/11/30
No Lungs to Breathe,As I Lay Dying,Awakened,35.0,2012-09-25,2012,12,"'metalcore', 'Melodic Death Metal', 'modern metal', 'metal', 'hardcore'","'metalcore', 'modern metal', 'metal', 'hardcore'",134.0,0.3018,1.0638,energetic,No Lungs to Breathe As I Lay Dying,2025/11/30
No Roots,Alice Merton,MINT,66.0,2019-01-18,2019,4,"'pop', 'indie', 'indie pop', 'female vocalists', 'seen live'","'pop', 'indie pop'",117.0,0.2546,1.248,neutral,No Roots Alice Merton,2025/11/30
No Surprises,Radiohead,OK Computer,86.0,1997-05-28,1997,26,"'alternative', 'alternative rock', 'rock', 'indie', 'electronic'","'alternative', 'alternative rock', 'rock', 'electronic'",152.0,0.1274,0.9017,energetic,No Surprises Radiohead,2025/11/30
No powiedz mi,Janek Górka,No powiedz mi,27.0,2024-03-26,2024,0,,,106.0,0.1825,0.993,neutral,No powiedz mi Janek Górka,2025/11/30
Nobody,Decayer,Nobody,29.0,2020-06-12,2020,4,,,120.0,0.3315,1.0925,bright,Nobody Decayer,2025/11/30
Nobody - from Kaiju No. 8,OneRepublic,Artificial Paradise (Deluxe),71.0,2024-04-12,2024,0,,,141.0,0.2573,1.1829,energetic,Nobody - from Kaiju No. 8 OneRepublic,2025/11/30
Not Like Us,Kendrick Lamar,Not Like Us,96.0,2024-05-04,2024,0,"'Hip-Hop', 'rap', 'seen live', 'west coast', 'hip hop'","'Hip-Hop', 'rap'",100.0,0.2706,1.4178,neutral,Not Like Us Kendrick Lamar,2025/11/30
Nothing Stands in Our Way,Lacuna Coil,Nothing Stands in Our Way,41.0,2014-04-01,2014,10,"'Gothic Metal', 'industrial metal', 'metal', 'alternative metal', 'Industrial Gothic Metal'","'Gothic Metal', 'industrial metal', 'metal'",99.0,0.2941,1.057,neutral,Nothing Stands in Our Way Lacuna Coil,2025/11/30
Nothing's Gonna Hurt You Baby,Cigarettes After Sex,I.,83.0,2012-07-21,2012,11,"'dream pop', 'seen live', 'shoegaze', 'slowcore', 'Lo-Fi'","'dream pop', 'shoegaze', 'Lo-Fi'",97.0,0.1703,0.9991,neutral,Nothing's Gonna Hurt You Baby Cigarettes After Sex,2025/11/30
Numb (Acoustic),The Veer Union,Decade II: Rock & Acoustic,45.0,2018-08-31,2018,6,"'acoustic', 'cover', 'Linkin Park'",,110.0,0.2517,0.9288,neutral,Numb (Acoustic) The Veer Union,2025/11/30
O czym śnisz?,Dawid Podsiadło,Lata Dwudzieste,49.0,2022-10-21,2022,1,,,110.0,0.2589,1.1315,neutral,O czym śnisz? Dawid Podsiadło,2025/11/30
ONE CALL,Rich Amiri,Ghetto Fabulous,69.0,2023-11-03,2023,1,"'rap', 'trap', 'rage', 'plugg', 'pluggnb'","'rap', 'trap'",106.0,0.4133,1.2572,bright,ONE CALL Rich Amiri,2025/11/30
Obca,bryska,Obca,41.0,2023-11-23,2023,1,"'polish', 'pop', 'indie pop', 'indie', 'female vocalists'","'pop', 'indie pop'",125.0,0.2812,1.2399,energetic,Obca bryska,2025/11/30
Oblivious,The Tango Saloon,Transylvania,54.0,2021-12-17,2021,3,"'tango', 'experimental', 'instrumental', 'avantgarde', 'Avant-Garde'","'instrumental', 'Avant-Garde'",110.0,0.1111,0.9719,neutral,Oblivious The Tango Saloon,2025/11/30
Od kiedy jesteś,Dominik Dudek,Od kiedy jesteś,58.0,2024-06-20,2024,0,"'polish', 'trance', 'electronic', 'poland', 'uplifting trance'","'trance', 'electronic', 'uplifting trance'",112.0,0.2557,1.1011,bright,Od kiedy jesteś Dominik Dudek,2025/11/30
"Oh, Lover",Röyksopp,Profound Mysteries II,52.0,2022-08-19,2022,2,"'chillout', 'electronic', 'space disco', 'sweet', 'EDM'",'electronic',95.0,0.2658,1.276,neutral,"Oh, Lover Röyksopp",2025/11/30
"Oh, Lover (feat. Susanne Sundfør)",Röyksopp,Profound Mysteries II,25.0,2025-04-11,2025,0,'eclectonia',,95.0,0.2658,1.276,neutral,"Oh, Lover (feat. Susanne Sundfør) Röyksopp",2025/11/30
On My Mama,Victoria Monét,On My Mama,66.0,2023-06-16,2023,1,"'rnb', 'soul', 'Hip-Hop', 'rap', 'female vocalists'","'soul', 'Hip-Hop', 'rap'",152.0,0.1897,1.1081,energetic,On My Mama Victoria Monét,2025/11/30
Onda Alta,Dargen D'Amico,Ciao America,45.0,2024-02-02,2024,0,"'MySpotigramBot', 'instrumental', 'spoken', 'loud', 'groovy'",'instrumental',106.0,0.2623,1.1235,neutral,Onda Alta Dargen D'Amico,2025/11/30
One Last Song,Laura Alden,One Last Song,59.0,2017-11-03,2017,7,,,122.0,0.1363,0.9435,energetic,One Last Song Laura Alden,2025/11/30
"One Of The Girls (with JENNIE, Lily Rose Depp)",The Weeknd,The Highlights (Deluxe),94.0,2023-06-23,2023,1,"'rnb', 'electronic', 'Canadian', 'dubstep', 'prog-rnb'","'electronic', 'dubstep'",88.0,0.25,0.997,neutral,"One Of The Girls (with JENNIE, Lily Rose Depp) The Weeknd",2025/11/30
Open Eye,Orbit Culture,Nija,43.0,2020-08-07,2020,4,,,131.0,0.3473,1.1371,energetic,Open Eye Orbit Culture,2025/11/30
Ore D'Amore,Mike Patton,Mondo cane,31.0,2010-05-04,2010,14,"'experimental', 'Avant-Garde', 'mike patton', 'alternative', 'rock'","'Avant-Garde', 'alternative', 'rock'",97.0,0.158,1.0218,neutral,Ore D'Amore Mike Patton,2025/11/30
Ostatni blok w mieście,Happysad,Wszystko jedno,32.0,2004,2004,19,"'rock', 'polish', 'alternative', 'polish rock', 'punk rock'","'rock', 'alternative'",141.0,0.2239,0.9958,energetic,Ostatni blok w mieście Happysad,2025/11/30
Our House,Madness,The Rise & Fall,69.0,1982-10-08,1982,41,"'ska', '80s', 'british', 'new wave', 'seen live'","'ska', 'new wave'",122.0,0.1761,1.1197,energetic,Our House Madness,2025/11/30
Over The Rainbow,Kenny G,Innocence,76.0,2001-09-25,2001,23,"'jazz', 'Smooth Jazz', 'saxophone', 'instrumental', 'easy listening'","'jazz', 'Smooth Jazz', 'instrumental', 'easy listening'",128.0,0.0933,0.8272,energetic,Over The Rainbow Kenny G,2025/11/30
Ołów,Muniek Staszczyk,Syn Miasta,28.0,2019-10-18,2019,4,"'seen live', 'rock', 'polish'",'rock',148.0,0.1353,1.0502,energetic,Ołów Muniek Staszczyk,2025/11/30
PERRO NEGRO,Bad Bunny,nadie sabe lo que va a pasar mañana,85.0,2023-10-13,2023,1,"'Reggaeton', 'latin', 'trap', 'puerto rico', 'trap latino'","'latin', 'trap'",95.0,0.2978,1.4003,bright,PERRO NEGRO Bad Bunny,2025/11/30
POGO,Męskie Granie Orkiestra,Męskie Granie 2021,28.0,2021-12-03,2021,3,,,148.0,0.2996,1.1191,energetic,POGO Męskie Granie Orkiestra,2025/11/30
POMALUJ MÓJ ŚWIAT,Kizo,POMALUJ MÓJ ŚWIAT,50.0,2024-09-11,2024,0,"'polish', 'disco polo', 'ciemna strefa', 'Hip-Hop', 'hip hop'",'Hip-Hop',122.0,0.1487,1.2496,energetic,POMALUJ MÓJ ŚWIAT Kizo,2025/11/30
POP/STARS,K/DA,POP/STARS,71.0,2018-11-03,2018,5,"'k-pop', 'pop', 'Korean', 'league of legends', 'Kpop'","'k-pop', 'pop'",112.0,0.2606,1.1712,bright,POP/STARS K/DA,2025/11/30
POST,Dawid Podsiadło,Lata Dwudzieste,46.0,2022-10-21,2022,1,"'seen live', 'polish', 'indie', 'folk', 'rock'",'rock',141.0,0.2667,1.2368,energetic,POST Dawid Podsiadło,2025/11/30
Pa (do widzenia wszystkim),Kabanos,Odgrzewane Kotlety,40.0,2018-03-21,2018,6,,,122.0,0.3005,1.1135,energetic,Pa (do widzenia wszystkim) Kabanos,2025/11/30
Paint The Town Red,Doja Cat,Paint The Town Red,81.0,2023-08-04,2023,1,"'pop', 'rnb', 'rap', 'Hip-Hop', 'hip hop'","'pop', 'rap', 'Hip-Hop'",100.0,0.2,1.2233,bright,Paint The Town Red Doja Cat,2025/11/30
Pal Licho!,Wiktor Dyduła,Pal Licho!,33.0,2023-03-17,2023,1,"'polish', 'wake-up song', 'talent show', 'whistle song', 'playlista rmf fm'",,141.0,0.2737,1.2074,energetic,Pal Licho! Wiktor Dyduła,2025/11/30
Pan Listopad gra,Łucja Prus,Bal Baloników,20.0,2001-12-31,2001,22,,,106.0,0.1286,0.8027,neutral,Pan Listopad gra Łucja Prus,2025/11/30
Panic,From Ashes to New,Panic,61.0,2020-08-28,2020,4,,,131.0,0.246,0.9914,energetic,Panic From Ashes to New,2025/11/30
Pantera Disco,Rubens,Pantera Disco,27.0,2023-06-16,2023,1,,,104.0,0.245,1.0808,neutral,Pantera Disco Rubens,2025/11/30
Papa Mama Loca Pipa,The Minions,Despicable Me 3 (Original Motion Picture Soundtrack),64.0,2017-06-23,2017,7,"'best song ever', 'bad', 'horrible', 'banned'",,131.0,0.1575,1.2405,energetic,Papa Mama Loca Pipa The Minions,2025/11/30
Papaya - Vaya Papayas,The Minions,Papaya (Vaya Papayas),74.0,2015,2015,9,,,128.0,0.2433,1.3671,energetic,Papaya - Vaya Papayas The Minions,2025/11/30
Paradise,Coldplay,Mylo Xyloto,87.0,2011-10-24,2011,12,"'rock', 'alternative rock', 'british', 'alternative', 'britpop'","'rock', 'alternative rock', 'alternative', 'britpop'",141.0,0.1897,0.9928,energetic,Paradise Coldplay,2025/11/30
Paradise (feat. Benjamin Ingrosso),Ofenbach,Paradise (feat. Benjamin Ingrosso),49.0,2018-08-24,2018,5,"'electronic', 'dance', 'pop', 'House', 'french'","'electronic', 'pop', 'House'",122.0,0.2088,1.2222,energetic,Paradise (feat. Benjamin Ingrosso) Ofenbach,2025/11/30
Paradise City,Guns N' Roses,Appetite For Destruction,84.0,1987-07-21,1987,37,"'hard rock', 'rock', 'classic rock', '80s', 'Guns N Roses'","'hard rock', 'rock'",102.0,0.1326,1.0319,bright,Paradise City Guns N' Roses,2025/11/30
Paranoia,Daria Marx,Paranoia,68.0,2022-01-23,2022,1,"'pop', 'party', 'polish', 'poland'",'pop',131.0,0.292,1.1857,energetic,Paranoia Daria Marx,2025/11/30
Paroles… paroles…,Dalida,40 succès en or,62.0,1973-10-26,1973,50,"'french', 'female vocalists', 'chanson francaise', 'pop', 'arabic'",'pop',125.0,0.1564,1.1023,energetic,Paroles… paroles… Dalida,2025/11/30
Pasażer,Coma,Pierwsze Wyjście z Mroku,40.0,2004-04-10,2004,19,"'rock', 'polish', 'polish rock', 'alternative rock', 'alternative'","'rock', 'alternative rock', 'alternative'",131.0,0.1743,0.8141,energetic,Pasażer Coma,2025/11/30
Pazza Musica,Marco Mengoni,MATERIA (PRISMA),60.0,2023-05-26,2023,1,,,104.0,0.2793,1.2292,neutral,Pazza Musica Marco Mengoni,2025/11/30
Pepas,Farruko,Pepas,80.0,2021-06-24,2021,3,"'Reggaeton', 'Puerto Rican', 'mierda', 'farruko', 'Brutal Death Metal'",,131.0,0.2366,1.1794,energetic,Pepas Farruko,2025/11/30
Pero no toda la vida,Ricchi E Poveri,Pero no toda la vida,25.0,2024-07-12,2024,0,,,125.0,0.3255,1.1959,energetic,Pero no toda la vida Ricchi E Poveri,2025/11/30
Petit Fou Fou (feat. ANNA),Rhove,Petit Fou Fou (feat. ANNA),60.0,2024-03-29,2024,0,"'rap', 'italian', 'Italy', 'trap', 'party rap'","'rap', 'trap'",131.0,0.2436,1.556,energetic,Petit Fou Fou (feat. ANNA) Rhove,2025/11/30
Phantom Days,Dark Tranquillity,Phantom Days,45.0,2020-11-20,2020,4,"'Melodic Death Metal', 'metal', 'death metal'","'metal', 'death metal'",128.0,0.2561,1.025,energetic,Phantom Days Dark Tranquillity,2025/11/30
"Piano Concerto No. 1 in B-Flat Minor, Op. 23, TH 55: I. Allegro non troppo e molto maestoso - Allegro con spirito",Pyotr Ilyich Tchaikovsky,Tchaikovsky: Piano Concerto No.1 / Prokofiev: Piano Concerto No.3,15.0,1986-01-01,1986,38,"'Classical', 'romantic', 'russian', 'composers', 'instrumental'","'Classical', 'instrumental'",122.0,0.0267,0.6752,neutral,"Piano Concerto No. 1 in B-Flat Minor, Op. 23, TH 55: I. Allegro non troppo e molto maestoso - Allegro con spirito Pyotr Ilyich Tchaikovsky",2025/11/30
Pielgrzym,T.Love,T.Love,34.0,2016-11-04,2016,7,"'rock', 'polish', 'polish rock', 'alternative', 'alternative rock'","'rock', 'alternative', 'alternative rock'",100.0,0.2973,1.0677,bright,Pielgrzym T.Love,2025/11/30
Pink Cigarette,Mr. Bungle,California,46.0,1999-07-02,1999,25,"'experimental', 'Avant-Garde', 'mike patton', 'alternative', 'rock'","'Avant-Garde', 'alternative', 'rock'",100.0,0.1193,0.9983,neutral,Pink Cigarette Mr. Bungle,2025/11/30
Pisces,JINJER,King of Everything,61.0,2016-07-29,2016,8,"'metal', 'Progressive metal', 'metalcore', 'DJENT', 'female vocalists'","'metal', 'Progressive metal', 'metalcore', 'DJENT'",140.0,0.2124,1.0324,energetic,Pisces JINJER,2025/11/30
Pisces,Jinjer,King of Everything,61.0,2016-07-29,2016,8,"'metal', 'Progressive metal', 'metalcore', 'DJENT', 'female vocalists'","'metal', 'Progressive metal', 'metalcore', 'DJENT'",141.0,0.2132,1.0805,energetic,Pisces Jinjer,2025/11/30
Piła tango,Strachy Na Lachy,Piła tango,55.0,2005,2005,19,"'alternative', 'polish', 'rock', 'strachy na lachy', 'polskie'","'alternative', 'rock'",120.0,0.12,1.1628,bright,Piła tango Strachy Na Lachy,2025/11/30
Plamy na słońcu,Kazik Na Żywo,Bar la curva / Plamy na słońcu,43.0,2011,2011,13,"'polish', 'best', 'polskie', 'najmilsza'",,104.0,0.1227,1.1133,neutral,Plamy na słońcu Kazik Na Żywo,2025/11/30
Please Please Please,Sabrina Carpenter,Short n' Sweet,88.0,2024-08-23,2024,0,"'pop', 'indie pop', 'folk', 'alternative', 'pop rock'","'pop', 'indie pop', 'alternative'",106.0,0.1967,1.1088,neutral,Please Please Please Sabrina Carpenter,2025/11/30
Po burzy,Faustyna Maciejczuk,Po burzy,37.0,2021-02-12,2021,3,,,125.0,0.1505,1.1144,energetic,Po burzy Faustyna Maciejczuk,2025/11/30
Po prostu pastelowe (Malarze i Żołnierze),Strachy Na Lachy,Zakazane piosenki,39.0,2008,2008,15,"'rock', 'polish', 'alternative', 'alternative rock', 'punk rock'","'rock', 'alternative', 'alternative rock'",125.0,0.2641,1.0398,energetic,Po prostu pastelowe (Malarze i Żołnierze) Strachy Na Lachy,2025/11/30
Pocałunki (M. Pawlikowska- Jasnorzewska),sanah,Pocałunki (M. Pawlikowska- Jasnorzewska),57.0,2023-07-13,2023,0,,,95.0,0.2194,1.1172,bright,Pocałunki (M. Pawlikowska- Jasnorzewska) sanah,2025/11/30
Podobno,Magda Kluz,Głębiny,33.0,2022-11-25,2022,2,,,125.0,0.1887,1.0594,energetic,Podobno Magda Kluz,2025/11/30
Poison,Blake Roman,Hazbin Hotel,70.0,2024-01-05,2024,0,"'Soundtrack', 'pop', 'dance', 'eh', 'hazbin hotel'","'Soundtrack', 'pop'",122.0,0.0764,1.0531,energetic,Poison Blake Roman,2025/11/30
Poker Face,Lady Gaga,The Fame,87.0,2008-01-01,2008,15,"'pop', 'dance', 'Lady Gaga', 'electronic', 'party'","'pop', 'electronic'",120.0,0.2626,1.1974,neutral,Poker Face Lady Gaga,2025/11/30
Polonez (From „Pan Tadeusz”),Misart,Polonezy,35.0,1999-01-01,1999,24,'Classical','Classical',91.0,0.0873,0.8923,neutral,Polonez (From „Pan Tadeusz”) Misart,2025/11/30
Polska A B C i D,Maria Peszek,Karabin,39.0,2016-02-26,2016,8,"'alternative', 'female vocalists', 'polish', '17', 'polisz mtv'",'alternative',110.0,0.28,0.9953,neutral,Polska A B C i D Maria Peszek,2025/11/30
Pomocy!,the small town kids,Pomocy!,46.0,2022-04-07,2022,2,,,148.0,0.0984,0.9959,energetic,Pomocy! the small town kids,2025/11/30
Pomorskie Vegas,Stach Bukowski,Pomorskie Vegas,16.0,2023-10-27,2023,1,"'rock', 'polish', 'indie', 'piotr krasko w swojej mazurskiej posiadlosci'",'rock',88.0,0.271,1.0482,neutral,Pomorskie Vegas Stach Bukowski,2025/11/30
Poproszę więcej siebie,Kwiat Jabłoni,Poproszę więcej siebie,46.0,2024-07-11,2024,0,,,144.0,0.2103,1.1831,energetic,Poproszę więcej siebie Kwiat Jabłoni,2025/11/30
Popular (with Playboi Carti & Madonna) - From The Idol Vol. 1 (Music from the HBO Original Series),The Weeknd,Popular (Music from the HBO Original Series),85.0,2023-06-02,2023,1,"'rnb', 'electronic', 'Canadian', 'dubstep', 'prog-rnb'","'electronic', 'dubstep'",99.0,0.2133,1.3488,neutral,Popular (with Playboi Carti & Madonna) - From The Idol Vol. 1 (Music from the HBO Original Series) The Weeknd,2025/11/30
Pora roku zła,sanah,Królowa dram (FINAL Edition),46.0,2020-11-06,2020,3,,,110.0,0.1464,1.0136,neutral,Pora roku zła sanah,2025/11/30
Potwory i demony,BARANOVSKI,Potwory i demony,21.0,2024-02-16,2024,0,,,91.0,0.2647,1.0825,neutral,Potwory i demony BARANOVSKI,2025/11/30
Powersnake,Brothers of Metal,Emblas Saga,56.0,2020-01-10,2020,4,"'swedish', 'Power metal'",'Power metal',117.0,0.2181,1.1024,bright,Powersnake Brothers of Metal,2025/11/30
Powrót do ziemi obiecanej,8 Lat W Tybecie,Powrót do ziemi obiecanej,26.0,2023-02-17,2023,1,"'seen live', 'indie', 'rock', 'alternative', 'under 2000 listeners'","'rock', 'alternative'",106.0,0.2722,1.07,bright,Powrót do ziemi obiecanej 8 Lat W Tybecie,2025/11/30
Połowa Mnie,Smolasty,Połowa Mnie,51.0,2024-08-20,2024,0,"'rnb', 'poland', ""r'n'b"", 'disco polo', 'piotr krasko w swojej mazurskiej posiadlosci'",,108.0,0.2561,1.0716,bright,Połowa Mnie Smolasty,2025/11/30
Praise Jah In The Moonlight,YG Marley,Praise Jah In The Moonlight,78.0,2023-12-27,2023,1,"'jamaican', 'seen live', 'USA', 'dancehall', 'marley family'",'dancehall',125.0,0.3157,1.2013,energetic,Praise Jah In The Moonlight YG Marley,2025/11/30
Prawie tak jak blues,Kwartet ProForma,"Wiemy, kim jest",20.0,2018,2018,5,"'seen live', 'poetry', 'polish', 'poezja spiewana', 'poezja śpiewana'",,125.0,0.2068,1.0447,energetic,Prawie tak jak blues Kwartet ProForma,2025/11/30
Promiscuous,Nelly Furtado,Loose,88.0,2006-01-01,2006,18,"'pop', 'female vocalists', 'Canadian', 'folk', 'singer-songwriter'",'pop',112.0,0.2646,1.3461,bright,Promiscuous Nelly Furtado,2025/11/30
Proste,Dawid Kwiatkowski,Dawid Kwiatkowski,38.0,2022-01-28,2022,2,"'muzyka dla dzieci', 'brutal deathcore', 'pop', 'polish', 'pedau'",'pop',128.0,0.2217,1.262,energetic,Proste Dawid Kwiatkowski,2025/11/30
Psychologa!!!,Happysad,Wszystko jedno,50.0,2004,2004,19,"'rock', 'polish', 'alternative', 'polish rock', 'punk rock'","'rock', 'alternative'",112.0,0.2179,1.0395,bright,Psychologa!!! Happysad,2025/11/30
Pszczolka Maja,Zbigniew Wodecki,Najwieksze przeboje,45.0,2006,2006,17,"'seen live', 'polish', 'pop', 'polskie', 'rock'","'pop', 'rock'",97.0,0.2823,1.0383,neutral,Pszczolka Maja Zbigniew Wodecki,2025/11/30
Ptaki,Rozen,Ptaki,23.0,2024-03-22,2024,0,,,128.0,0.1801,0.8618,energetic,Ptaki Rozen,2025/11/30
Ptaki - Live,Krzysztof Zalewski,MTV Unplugged,35.0,2021-11-23,2021,2,"'seen live', 'rock', 'polish', 'hard rock', 'alternative rock'","'rock', 'hard rock', 'alternative rock'",128.0,0.2266,1.1378,energetic,Ptaki - Live Krzysztof Zalewski,2025/11/30
Puppet Loosely Strung,The Correspondents,Puppet Loosely Strung,46.0,2014-03-10,2014,10,,,97.0,0.2161,1.1,neutral,Puppet Loosely Strung The Correspondents,2025/11/30
Push Up - Main Edit,Creeds,Push Up (Main Edit),80.0,2023-03-31,2023,1,"'electronic', 'instrumental', 'techno', 'french', 'electropop'","'electronic', 'instrumental', 'techno', 'electropop'",148.0,0.2103,1.3577,energetic,Push Up - Main Edit Creeds,2025/11/30
Pusty dom,Rozen,Pusty dom,19.0,2022-12-14,2022,2,,,122.0,0.1443,0.9297,energetic,Pusty dom Rozen,2025/11/30
Puszek maluszek,Bahamas,Misiowe przeboje,22.0,2001-01-01,2001,22,,,125.0,0.0474,1.1002,bright,Puszek maluszek Bahamas,2025/11/30
Pył,Happysad,Pył,49.0,2022-08-25,2022,2,"'rock', 'polish', 'alternative', 'polish rock', 'punk rock'","'rock', 'alternative'",117.0,0.2687,1.0636,neutral,Pył Happysad,2025/11/30
"Płoną góry, płoną lasy",Męskie Granie Orkiestra,Męskie Granie 2020,45.0,2020-11-13,2020,3,"'seen live', 'polish', 'rock', 'alternative rock', 'polish rock'","'rock', 'alternative rock'",156.0,0.1891,1.0413,energetic,"Płoną góry, płoną lasy Męskie Granie Orkiestra",2025/11/30
QLONA,KAROL G,MAÑANA SERÁ BONITO (BICHOTA SEASON),83.0,2023-08-10,2023,1,"'Reggaeton', 'pop', 'latin', 'latin pop', 'Colombia'","'pop', 'latin', 'latin pop'",170.0,0.2272,1.344,energetic,QLONA KAROL G,2025/11/30
Quando Quando,The Avener,Quando Quando,56.0,2022-05-06,2022,2,,,122.0,0.2678,1.2719,energetic,Quando Quando The Avener,2025/11/30
Que Sera,Wax Tailor,Tales of the Forgotten Melodies,62.0,2005-02-22,2005,19,"'trip-hop', 'downtempo', 'electronic', 'Hip-Hop', 'french'","'trip-hop', 'downtempo', 'electronic', 'Hip-Hop'",165.0,0.2901,1.2061,energetic,Que Sera Wax Tailor,2025/11/30
Queen of Kings,Alessandra,Queen of Kings,71.0,2023-01-09,2023,0,"'pop', 'norwegian', 'female vocalists', 'electronic', 'italian'","'pop', 'electronic'",125.0,0.1086,1.0875,energetic,Queen of Kings Alessandra,2025/11/30
RA TA TA,Mahmood,RA TA TA,62.0,2024-03-07,2024,0,,,106.0,0.2207,1.2489,neutral,RA TA TA Mahmood,2025/11/30
REALiZE,LiSA,REALiZE,55.0,2023-06-14,2023,1,"'spiderman', 'MySpotigramBot', '-1001918533274'",,120.0,0.3612,1.1349,bright,REALiZE LiSA,2025/11/30
Ragnars Kvæði,Týr,Ragnars Kvæði,38.0,2019-03-08,2019,5,"'metal', 'Progressive metal', 'folk metal', 'viking metal', 'Power metal'","'metal', 'Progressive metal', 'folk metal', 'viking metal', 'Power metal'",108.0,0.2011,1.0429,neutral,Ragnars Kvæði Týr,2025/11/30
Rainbow,Sia,My Little Pony: The Movie (Original Motion Picture Soundtrack),53.0,2017-09-22,2017,7,"'australian', 'movie song', '2017 single'",,110.0,0.2449,1.0484,neutral,Rainbow Sia,2025/11/30
Raise Your Glass,P!nk,Raise Your Glass,79.0,2010-10-05,2010,13,"'pop', 'pop rock', 'P!nk', 'female vocalists', 'rock'","'pop', 'rock'",122.0,0.0702,1.1234,energetic,Raise Your Glass P!nk,2025/11/30
Rakieta,BARANOVSKI,Rakieta,29.0,2024-02-16,2024,0,"'polish', 'talent show', 'playlista rmf fm'",,148.0,0.2352,1.1706,energetic,Rakieta BARANOVSKI,2025/11/30
Rampampam,Minelli,Rampampam,62.0,2021-06-18,2021,2,"'dance', 'pop', 'Romanian', 'female vocalists', 'electronic'","'pop', 'electronic'",117.0,0.3061,1.1773,neutral,Rampampam Minelli,2025/11/30
Ramunder,Garmarna,Förbundet,31.0,2020-11-06,2020,4,'scandinavian medieval ballad',,148.0,0.2056,1.0007,energetic,Ramunder Garmarna,2025/11/30
Raupatu,Alien Weaponry,Tū,38.0,2018-06-01,2018,6,,,95.0,0.2623,1.1788,neutral,Raupatu Alien Weaponry,2025/11/30
Redneck,Lamb of God,Music from the film As the Palaces Burn,66.0,2006-08-22,2006,18,"'metal', 'metalcore', 'groove metal', 'thrash metal', 'heavy metal'","'metal', 'metalcore', 'groove metal', 'thrash metal', 'heavy metal'",131.0,0.2194,1.137,energetic,Redneck Lamb of God,2025/11/30
Remember (with David Guetta),Becky Hill,Only Honest On The Weekend,69.0,2021-08-27,2021,2,"'pop', 'british', 'the voice uk', 'UK', 'the voice'",'pop',125.0,0.2675,1.1298,energetic,Remember (with David Guetta) Becky Hill,2025/11/30
Rescue Me,OneRepublic,Human (Deluxe),70.0,2021-08-27,2021,2,"'rock', 'pop rock', 'alternative', 'alternative rock', 'indie'","'rock', 'alternative', 'alternative rock'",122.0,0.2006,1.0374,energetic,Rescue Me OneRepublic,2025/11/30
Resistance,Muse,The Resistance,66.0,2009-09-10,2009,14,"'alternative rock', 'rock', 'Progressive rock', 'alternative', 'Muse'","'alternative rock', 'rock', 'Progressive rock', 'alternative'",134.0,0.2829,1.0069,energetic,Resistance Muse,2025/11/30
Retour à la maison - From 'Bilan trimestriel',Wojciech Kilar,A Collection of His Work,19.0,1992-04-13,1992,32,"'Soundtrack', 'Classical', 'instrumental', 'polish', 'composer'","'Soundtrack', 'Classical', 'instrumental'",120.0,0.0723,0.8168,neutral,Retour à la maison - From 'Bilan trimestriel' Wojciech Kilar,2025/11/30
Revelation,Insomnium,Shadows of the Dying Sun,40.0,2014-04-29,2014,10,"'Melodic Death Metal', 'finnish metal', 'metal', 'finnish', 'Awesome Guitar Solo'",'metal',110.0,0.2275,0.9884,neutral,Revelation Insomnium,2025/11/30
Rewrite The Stars (with James Arthur & Anne-Marie),James Arthur,Rewrite The Stars (with James Arthur & Anne-Marie),83.0,2018-10-25,2018,5,"'pop', 'british', 'indie', 'acoustic', 'X factor'",'pop',125.0,0.2368,1.0738,energetic,Rewrite The Stars (with James Arthur & Anne-Marie) James Arthur,2025/11/30
Rich Baby Daddy (feat. Sexyy Red & SZA),Drake,For All The Dogs,81.0,2023-10-06,2023,1,"'Hip-Hop', 'rap', 'rnb', 'hip hop', 'Canadian'","'Hip-Hop', 'rap'",144.0,0.3526,1.3542,energetic,Rich Baby Daddy (feat. Sexyy Red & SZA) Drake,2025/11/30
Rich Flex,Drake,Her Loss,78.0,2022-11-04,2022,2,"'Hip-Hop', 'rap', 'rnb', 'hip hop', 'Canadian'","'Hip-Hop', 'rap'",156.0,0.2925,1.3484,energetic,Rich Flex Drake,2025/11/30
Rich Men North of Richmond,Oliver Anthony Music,Rich Men North of Richmond,76.0,2023-08-11,2023,1,"'country', 'industry plant', 'singer-songwriter', 'americana', 'nazi'","'country', 'americana'",122.0,0.0754,1.0377,energetic,Rich Men North of Richmond Oliver Anthony Music,2025/11/30
Rick's Despair,Bear McCreary,The Walking Dead (Original Television Soundtrack),29.0,2017-10-20,2017,6,"'Soundtrack', 'instrumental', 'Battlestar Galactica', 'composers', 'ost'","'Soundtrack', 'instrumental'",120.0,0.0359,0.6189,neutral,Rick's Despair Bear McCreary,2025/11/30
Ride,Lana Del Rey,Born To Die – Paradise Edition (Special Version),85.0,2024-04-18,2024,0,"'female vocalists', 'indie', 'indie pop', 'pop', 'alternative'","'indie pop', 'pop', 'alternative'",125.0,0.1278,0.883,energetic,Ride Lana Del Rey,2025/11/30
Rim Tim Tagi Dim,Baby Lasagna,Rim Tim Tagi Dim,71.0,2024-01-12,2024,0,"'Eurovision', 'Eurovision Song Contest', 'ESC', 'Eurovision 2024', 'ESC 2024'",,128.0,0.1839,1.12,energetic,Rim Tim Tagi Dim Baby Lasagna,2025/11/30
Riot,Hollywood Undead,Five,66.0,2017-10-27,2017,7,"'rapcore', 'rap', 'hardcore', 'screamo', 'emo'","'rap', 'hardcore'",110.0,0.3272,1.3052,bright,Riot Hollywood Undead,2025/11/30
Riptide,Vance Joy,Dream Your Life Away (Deluxe Edition),84.0,2014-09-08,2014,10,"'folk', 'indie', 'singer-songwriter', 'australian', 'acoustic'",,102.0,0.0854,1.1324,bright,Riptide Vance Joy,2025/11/30
Rise of the Dragon Empire,Bloodbound,Rise of the Dragon Empire,52.0,2019-03-22,2019,5,,,148.0,0.1604,1.0536,energetic,Rise of the Dragon Empire Bloodbound,2025/11/30
Roar,Katy Perry,PRISM,82.0,2013-01-01,2013,10,"'pop', 'katy perry', 'roar', '2013', 'female vocalists'",'pop',91.0,0.1003,1.0933,bright,Roar Katy Perry,2025/11/30
Romantic Homicide,d4vd,Romantic Homicide,87.0,2022-07-20,2022,2,"'rnb', 'pop', 'rock', 'dream pop', 'seen live'","'pop', 'rock', 'dream pop'",131.0,0.153,0.9169,energetic,Romantic Homicide d4vd,2025/11/30
Rosa (Que Linda Eres),Trinix Remix,Rosa (Que Linda Eres),65.0,2024-11-08,2024,0,,,125.0,0.162,1.2186,energetic,Rosa (Que Linda Eres) Trinix Remix,2025/11/30
Run,OneRepublic,Human (Deluxe),78.0,2022-03-25,2022,1,"'rock', 'pop rock', 'alternative', 'alternative rock', 'indie'","'rock', 'alternative', 'alternative rock'",117.0,0.2292,1.1345,neutral,Run OneRepublic,2025/11/30
Run To The Hills,Klara Hammarström,Run To The Hills,73.0,1982,1982,42,"'pop', 'swedish', 'melodifestivalen 2020', 'female vocalists', 'melodifestivalen'",'pop',134.0,0.3003,1.2032,energetic,Run To The Hills Klara Hammarström,2025/11/30
Running Up That Hill (A Deal With God),Kate Bush,Hounds Of Love,83.0,1985-09-16,1985,39,"'female vocalists', 'singer-songwriter', 'pop', 'alternative', '80s'","'pop', 'alternative'",108.0,0.1314,1.0858,neutral,Running Up That Hill (A Deal With God) Kate Bush,2025/11/30
Rytm,Miły ATZ,Czarny Swing,28.0,2020-05-28,2020,4,,,110.0,0.2749,1.4388,bright,Rytm Miły ATZ,2025/11/30
Róż,Jonatan,Róż,69.0,2025-03-06,2025,0,"'indie', 'pop', 'singer', 'songwriter', 'trip hop'","'pop', 'trip hop'",122.0,0.2439,1.2306,energetic,Róż Jonatan,2025/11/30
Róża,Rozen,Róża,33.0,2024-03-22,2024,0,,,91.0,0.151,1.0064,neutral,Róża Rozen,2025/11/30
SALTY,Sara James,PLAYHOUSE,60.0,2024-11-07,2024,0,"'pop', 'polish', 'soul', 'alternative', 'female vocalists'","'pop', 'soul', 'alternative'",104.0,0.2813,1.1836,neutral,SALTY Sara James,2025/11/30
SNAP,Rosa Linn,SNAP,82.0,2022-03-19,2022,1,"'pop', 'Eurovision', 'Armenian', 'eurovision 2022', 'armenia'",'pop',85.0,0.1752,1.1029,neutral,SNAP Rosa Linn,2025/11/30
SOUVENIR,BUMP OF CHICKEN,SOUVENIR,62.0,2022-09-29,2022,2,"'Soundtrack', 'rock', 'ost', 'anime', 'amq'","'Soundtrack', 'rock', 'anime'",156.0,0.2981,1.1275,energetic,SOUVENIR BUMP OF CHICKEN,2025/11/30
STAY (with Justin Bieber),The Kid LAROI,F*CK LOVE 3+: OVER YOU,82.0,2021-07-09,2021,2,"'rap', 'emo rap', 'Hip-Hop', 'australian', 'pop'","'rap', 'Hip-Hop', 'pop'",170.0,0.217,1.0637,energetic,STAY (with Justin Bieber) The Kid LAROI,2025/11/30
STORIE BREVI,Tananai,STORIE BREVI,65.0,2024-06-04,2024,0,'Chill pop',,131.0,0.2535,1.1935,energetic,STORIE BREVI Tananai,2025/11/30
STRANGER,Rachelle Show,STRANGER,54.0,2023-06-05,2023,1,,,117.0,0.2144,1.1068,neutral,STRANGER Rachelle Show,2025/11/30
SUPRO,Daria Zawiałow,SUPRO,47.0,2023-09-29,2023,1,"'polish', 'electronic', 'pop', 'seen live', 'alternative'","'electronic', 'pop', 'alternative'",131.0,0.2286,1.2902,energetic,SUPRO Daria Zawiałow,2025/11/30
Salut,Joe Dassin,Joe Dassin,49.0,1975-11-22,1975,48,"'french', 'chanson', 'chanson francaise', 'pop', 'francais'","'chanson', 'pop'",104.0,0.1289,1.0366,neutral,Salut Joe Dassin,2025/11/30
Santorini,Wiktor Dyduła,Pal Licho!,47.0,2023-03-17,2023,1,,,115.0,0.2555,1.0249,neutral,Santorini Wiktor Dyduła,2025/11/30
Satellite,Lena,My Cassette Player,63.0,2010-01-01,2010,13,"'pop', 'german', 'female vocalists', 'indie', 'Eurovision'",'pop',95.0,0.1557,1.3474,neutral,Satellite Lena,2025/11/30
Saturn,SZA,Saturn,70.0,2014-07-08,2014,10,"'rnb', 'soul', 'electronic', 'alternative rnb', 'female vocalists'","'soul', 'electronic'",89.0,0.2154,1.0312,neutral,Saturn SZA,2025/11/30
Saturn Returns Interlude,Ariana Grande,eternal sunshine,72.0,2025-03-28,2025,0,"'pop', 'rnb', 'female vocalists', 'Ariana Grande', 'american'",'pop',120.0,0.124,1.0994,neutral,Saturn Returns Interlude Ariana Grande,2025/11/30
Savage Love (Laxed - Siren Beat),Jawsh 685,Savage Love (Laxed - Siren Beat),73.0,2020-06-11,2020,3,"'Hip-Hop', 'electronic', 'pop', 'New Zealand', 'cheap'","'Hip-Hop', 'electronic', 'pop'",148.0,0.1408,1.2486,energetic,Savage Love (Laxed - Siren Beat) Jawsh 685,2025/11/30
Save Your Tears,The Weeknd,After Hours,87.0,2020-03-20,2020,3,"'rnb', 'electronic', 'Canadian', 'dubstep', 'prog-rnb'","'electronic', 'dubstep'",117.0,0.2061,1.0795,neutral,Save Your Tears The Weeknd,2025/11/30
Scared To Start,Michael Marcagi,Scared To Start,84.0,2024-01-12,2024,0,"'alternative', 'indie', 'folk', 'acoustic', 'singer-songwriter'",'alternative',148.0,0.1406,0.9688,energetic,Scared To Start Michael Marcagi,2025/11/30
Scenariusz dla moich sąsiadów,Myslovitz,Z rozmyślań przy śniadaniu,59.0,1997,1997,26,"'polish', 'rock', 'alternative rock', 'alternative', 'polish rock'","'rock', 'alternative rock', 'alternative'",131.0,0.1255,0.9488,energetic,Scenariusz dla moich sąsiadów Myslovitz,2025/11/30
Sea of Love,Cat Power,The Covers Record,52.0,2020-12-04,2020,3,"'indie', 'female vocalists', 'singer-songwriter', 'folk', 'alternative'",'alternative',122.0,0.1107,0.735,energetic,Sea of Love Cat Power,2025/11/30
Secret Affair,Brian Culbertson,It's On Tonight,55.0,2005-01-01,2005,19,"'Smooth Jazz', 'jazz', 'funk', 'contemporary jazz', 'easy listening'","'Smooth Jazz', 'jazz', 'funk', 'contemporary jazz', 'easy listening'",95.0,0.1277,1.1639,neutral,Secret Affair Brian Culbertson,2025/11/30
See You Again (feat. Kali Uchis),Tyler,Flower Boy,92.0,2017-07-21,2017,7,"'seen live', 'rock', 'japanese', 'austrian', 'indie'",'rock',131.0,0.1601,1.0281,energetic,See You Again (feat. Kali Uchis) Tyler,2025/11/30
See You in Hell,Ad Infinitum,See You in Hell,45.0,2020-04-03,2020,4,,,141.0,0.1841,0.9759,energetic,See You in Hell Ad Infinitum,2025/11/30
Seize The Day,Wax Tailor,Seize The Day,58.0,2008,2008,16,"'trip-hop', 'downtempo', 'electronic', 'Hip-Hop', 'french'","'trip-hop', 'downtempo', 'electronic', 'Hip-Hop'",165.0,0.2651,1.1434,energetic,Seize The Day Wax Tailor,2025/11/30
Self Esteem,The Offspring,Smash,81.0,1994-04-08,1994,30,"'punk rock', 'punk', 'rock', '90s', 'alternative'","'punk', 'rock', 'alternative'",108.0,0.1551,1.0438,bright,Self Esteem The Offspring,2025/11/30
Selfish,Justin Timberlake,Selfish,69.0,2024-01-25,2024,0,"'pop', 'rnb', 'dance', 'male vocalists', 'Hip-Hop'","'pop', 'Hip-Hop'",117.0,0.203,1.1958,neutral,Selfish Justin Timberlake,2025/11/30
Sen we śnie,sanah,UCZTA,53.0,2022-04-14,2022,1,,,120.0,0.1437,0.9632,neutral,Sen we śnie sanah,2025/11/30
Senza Una Donna - Remastered 2007,Zucchero,All The Best - Zu & Co (Night Of The Proms 2014 / Limited Edition),44.0,2014-01-01,2014,10,"'italian', 'rock', 'blues', 'pop', 'soft rock'","'rock', 'blues', 'pop', 'soft rock'",156.0,0.232,1.0762,energetic,Senza Una Donna - Remastered 2007 Zucchero,2025/11/30
Set Me Free - 2022 Version,Gus & His Freaky Friends,Set Me Free (2022 Version),17.0,2022-03-18,2022,2,,,117.0,0.264,1.042,neutral,Set Me Free - 2022 Version Gus & His Freaky Friends,2025/11/30
Seven (feat. Latto),Jung Kook,Seven (feat. Latto),85.0,2023-11-03,2023,1,"'pop', 'k-pop', 'Korean', 'bot', 'worst of 2024'","'pop', 'k-pop'",125.0,0.2281,1.2142,energetic,Seven (feat. Latto) Jung Kook,2025/11/30
Seven (feat. Latto) (Explicit Ver.),Jung Kook,GOLDEN,85.0,2023-11-03,2023,1,"'pop', 'k-pop', 'Korean', 'bot', 'worst of 2024'","'pop', 'k-pop'",125.0,0.2281,1.2142,energetic,Seven (feat. Latto) (Explicit Ver.) Jung Kook,2025/11/30
Sex - I'm a,Lovage,Lovage: Music to Make Love to Your Old Lady By,35.0,2001-11-06,2001,23,"'trip-hop', 'downtempo', 'electronic', 'mike patton', 'chillout'","'trip-hop', 'downtempo', 'electronic'",165.0,0.2411,1.1124,energetic,Sex - I'm a Lovage,2025/11/30
Señorita,Shawn Mendes,Shawn Mendes (Deluxe),81.0,2019-06-21,2019,5,"'pop', 'latin', 'latin pop', '2010s', '2019'","'pop', 'latin', 'latin pop'",117.0,0.2489,1.1198,neutral,Señorita Shawn Mendes,2025/11/30
Shadow,Livingston,A Hometown Odyssey,73.0,2024-03-08,2024,0,,,141.0,0.2532,1.2521,energetic,Shadow Livingston,2025/11/30
"Shakira: Bzrp Music Sessions, Vol. 53",Bizarrap,"Shakira: Bzrp Music Sessions, Vol. 53",80.0,2023-01-11,2023,0,"'rap', 'trap', 'argentina', 'latin', 'electronic'","'rap', 'trap', 'latin', 'electronic'",122.0,0.2958,1.2297,energetic,"Shakira: Bzrp Music Sessions, Vol. 53 Bizarrap",2025/11/30
Shallow,Lady Gaga,A Star Is Born Soundtrack,86.0,2018-10-05,2018,5,"'pop', 'dance', 'electronic', 'female vocalists', 'female vocalist'","'pop', 'electronic'",97.0,0.132,0.9527,neutral,Shallow Lady Gaga,2025/11/30
Shallow - Radio Edit,Lady Gaga,A Star Is Born Soundtrack (Without Dialogue),74.0,2018-10-05,2018,6,"'Soundtrack', 'country', 'Lady Gaga', 'Ballad', 'duet'","'Soundtrack', 'country'",97.0,0.1836,0.8231,neutral,Shallow - Radio Edit Lady Gaga,2025/11/30
She - 2022 Version,HVA,She (2022 Version),16.0,2022-03-14,2022,2,,,110.0,0.1814,1.0473,neutral,She - 2022 Version HVA,2025/11/30
Shik Shak Shok,Hassan Abou Seoud,The Masters of Bellydance Music Vol. 2,59.0,2020-08-13,2020,4,"'60s', 'arabic', 'psychedelic', 'egyptian', 'egypt'",'psychedelic',120.0,0.1651,1.3554,bright,Shik Shak Shok Hassan Abou Seoud,2025/11/30
Shit On The Radio (Remember The Days),Nelly Furtado,"Whoa, Nelly! (Expanded Edition)",47.0,2000,2000,23,"'pop', 'female vocalists', 'Canadian', 'folk', 'singer-songwriter'",'pop',156.0,0.2271,1.3121,energetic,Shit On The Radio (Remember The Days) Nelly Furtado,2025/11/30
Shivers,Ed Sheeran,= (Tour Edition),85.0,2021-10-25,2021,2,"'acoustic', 'british', 'singer-songwriter', 'easy-listening', 'pop'",'pop',141.0,0.2906,1.2404,energetic,Shivers Ed Sheeran,2025/11/30
Shooting Stars,Bag Raiders,Bag Raiders (Deluxe),71.0,2011-01-01,2011,13,"'electro', 'electronic', 'australian', 'dance', 'House'","'electro', 'electronic', 'House'",125.0,0.2426,1.0777,energetic,Shooting Stars Bag Raiders,2025/11/30
Shotgun,George Ezra,Staying at Tamara's,81.0,2018-03-23,2018,6,"'indie pop', 'pop', 'british', '2010s', 'indie'","'indie pop', 'pop'",115.0,0.1847,1.1202,neutral,Shotgun George Ezra,2025/11/30
Si Antes Te Hubiera Conocido,KAROL G,Si Antes Te Hubiera Conocido,94.0,2024-06-21,2024,0,"'Reggaeton', 'pop', 'latin', 'latin pop', 'Colombia'","'pop', 'latin', 'latin pop'",128.0,0.2415,1.3574,energetic,Si Antes Te Hubiera Conocido KAROL G,2025/11/30
Siebie zapytasz,sanah,Królowa dram,54.0,2020-05-08,2020,3,,,87.0,0.1921,1.0634,neutral,Siebie zapytasz sanah,2025/11/30
Sierpień,BARANOVSKI,Ucieczki i powroty,38.0,2024-02-16,2024,0,"'polish', 'talent show', 'greatest polish hits', 'playlista rmf fm'",,125.0,0.227,1.0727,energetic,Sierpień BARANOVSKI,2025/11/30
Silver Dollar,The Springfields,Kinda Folksy,37.0,1975-01-01,1975,48,"'Sarah Records', 'twee', 'indie pop', 'pop', '60s'","'indie pop', 'pop'",137.0,0.2459,1.0046,energetic,Silver Dollar The Springfields,2025/11/30
Sinceramente,Annalisa,E POI SIAMO FINITI NEL VORTICE,63.0,2023-09-29,2023,1,"'sanremo 2024', 'Electro Pop', 'italian', 'pop perfection', 'sanremo'",'Electro Pop',125.0,0.2948,1.1696,energetic,Sinceramente Annalisa,2025/11/30
Sista ordet,Niello,Sista ordet,22.0,2017-06-09,2017,7,,,110.0,0.2664,1.2371,neutral,Sista ordet Niello,2025/11/30
Sista ordet,Robin Stjernberg,Sista ordet,22.0,2017-06-09,2017,7,,,110.0,0.2664,1.2371,neutral,Sista ordet Robin Stjernberg,2025/11/30
Six Feet Under,Smash Into Pieces,Six Feet Under,76.0,2016-11-17,2016,8,"'alternative rock', 'rock', 'hard rock', 'seen live', 'swedish'","'alternative rock', 'rock', 'hard rock'",128.0,0.2761,1.0757,energetic,Six Feet Under Smash Into Pieces,2025/11/30
Sjón,Valravn,Koder på snor,35.0,2009,2009,15,"'nordic ethno grooves', 'because i was brainwashed by folk musicians'",,128.0,0.1808,1.0337,energetic,Sjón Valravn,2025/11/30
Skills in Pills,Lindemann,Skills in Pills,53.0,2015-06-30,2015,9,"'industrial metal', 'industrial', 'metal', 'swedish', 'industrial rock'","'industrial metal', 'industrial', 'metal', 'industrial rock'",112.0,0.2392,1.0212,neutral,Skills in Pills Lindemann,2025/11/30
Skin and Bones,David Kushner,Skin and Bones,72.0,2024-08-30,2024,0,,,122.0,0.2436,0.9347,energetic,Skin and Bones David Kushner,2025/11/30
Skugge,Wardruna,Skugge,46.0,2021-01-22,2021,3,"'neofolk', 'pagan folk', 'folk', 'ambient', 'norwegian'","'neofolk', 'ambient'",120.0,0.0767,0.8739,neutral,Skugge Wardruna,2025/11/30
Skuggehesten,Wardruna,Birna,41.0,2025-01-24,2025,0,,,104.0,0.2062,1.0365,bright,Skuggehesten Wardruna,2025/11/30
Slania (10 Years),Eluveitie,Slania (10 Years),23.0,2018-11-16,2018,6,,,125.0,0.071,1.0032,energetic,Slania (10 Years) Eluveitie,2025/11/30
Slime You Out (feat. SZA),Drake,Slime You Out,69.0,2023-10-06,2023,1,"'Hip-Hop', 'rap', 'rnb', 'hip hop', 'Canadian'","'Hip-Hop', 'rap'",120.0,0.2227,1.024,neutral,Slime You Out (feat. SZA) Drake,2025/11/30
Small Town Boy,Paradise Lost,Symbol Of Life,54.0,2002-10-21,2002,22,"'Gothic Metal', 'cover', 'covers', 'metal', 'rock'","'Gothic Metal', 'metal', 'rock'",125.0,0.2281,0.9727,energetic,Small Town Boy Paradise Lost,2025/11/30
Snooze,SZA,SOS,90.0,2022-12-09,2022,2,"'rnb', 'soul', 'electronic', 'alternative rnb', 'female vocalists'","'soul', 'electronic'",144.0,0.1881,1.0896,energetic,Snooze SZA,2025/11/30
So What,P!nk,Funhouse (Expanded Edition),80.0,2008-10-24,2008,15,"'pop', 'pop rock', 'female vocalists', 'pink', 'P!nk'",'pop',125.0,0.1936,0.9751,energetic,So What P!nk,2025/11/30
Sober,P!nk,Funhouse (Expanded Edition),67.0,2008-10-24,2008,15,"'pop', 'female vocalists', 'pop rock', 'rock', 'pink'","'pop', 'rock'",122.0,0.1969,1.0664,energetic,Sober P!nk,2025/11/30
Sobie i Wam,Męskie Granie Orkiestra,Sobie i Wam,57.0,2019-05-30,2019,5,,,115.0,0.1838,1.0912,neutral,Sobie i Wam Męskie Granie Orkiestra,2025/11/30
Sobą Tak,Julia Wieniawa,Sobą Tak,52.0,2024-07-10,2024,0,"'electropop', 'sexy', 'polish', 'pop', 'electronic'","'electropop', 'pop', 'electronic'",122.0,0.2219,1.1783,energetic,Sobą Tak Julia Wieniawa,2025/11/30
Somebody To You,The Vamps,Meet The Vamps,73.0,2014-01-01,2014,9,"'pop', 'pop rock', 'british', 'indie', 'the vamps'",'pop',87.0,0.2436,1.0307,bright,Somebody To You The Vamps,2025/11/30
Something Just Like This,The Chainsmokers,Memories...Do Not Open,90.0,2017-04-07,2017,6,"'pop', 'dance', 'electronic', 'Coldplay', 'future bass'","'pop', 'electronic'",102.0,0.224,0.9784,neutral,Something Just Like This The Chainsmokers,2025/11/30
Something in the Orange,Zach Bryan,Something in the Orange,87.0,2022-04-22,2022,2,"'country', 'singer-songwriter', 'americana', 'Alt-country', 'country rock'","'country', 'americana', 'country rock'",112.0,0.2141,0.9334,neutral,Something in the Orange Zach Bryan,2025/11/30
Something's Gotta Give - Bart & Baker Remix,Bart & Baker,Classic Top Hats,1.0,2019-02-10,2019,5,,,100.0,0.2732,1.322,bright,Something's Gotta Give - Bart & Baker Remix Bart & Baker,2025/11/30
Sometimes - Phonovisions Symphonic Version,Wax Tailor,Phonovisions Symphonic Orchestra,41.0,2014-11-03,2014,10,"'trip-hop', 'downtempo', 'electronic', 'Hip-Hop', 'french'","'trip-hop', 'downtempo', 'electronic', 'Hip-Hop'",152.0,0.1935,1.1271,energetic,Sometimes - Phonovisions Symphonic Version Wax Tailor,2025/11/30
Son Of A Preacher Man,Dusty Springfield,Dusty In Memphis,75.0,1969-03-31,1969,54,"'soul', 'female vocalists', '60s', 'pop', 'oldies'","'soul', 'pop'",91.0,0.0948,1.0484,bright,Son Of A Preacher Man Dusty Springfield,2025/11/30
Song of the Vikings (My Mother Told Me),Perly I Lotry,Distant Shores,58.0,2021-07-01,2021,2,"'a cappella', 'polish', 'folk', 'szanty', 'Acapella'",'a cappella',134.0,0.1413,0.9935,energetic,Song of the Vikings (My Mother Told Me) Perly I Lotry,2025/11/30
Sortie du port - From 'La ligne d'ombre',Wojciech Kilar,A Collection of His Work,21.0,1992-04-13,1992,32,"'Soundtrack', 'Classical', 'instrumental', 'polish', 'composer'","'Soundtrack', 'Classical', 'instrumental'",131.0,0.0752,0.7503,energetic,Sortie du port - From 'La ligne d'ombre' Wojciech Kilar,2025/11/30
Sound 102 (Extended),Odd Chap,The Chronicles of Odd Chap,25.0,2017-04-26,2017,7,,,122.0,0.2557,1.2328,energetic,Sound 102 (Extended) Odd Chap,2025/11/30
Souvenir,BUMP OF CHICKEN,Souvenir,62.0,2022-09-29,2022,2,"'Soundtrack', 'rock', 'ost', 'anime', 'amq'","'Soundtrack', 'rock', 'anime'",156.0,0.2981,1.1275,energetic,Souvenir BUMP OF CHICKEN,2025/11/30
Space Debris,Markus Kaarlonen,Rochard (Original Game Soundtrack),15.0,2016-02-19,2016,8,"'amiga', 'tracker', 'module', 'trance', 'ambient'","'trance', 'ambient'",125.0,0.1728,1.0519,energetic,Space Debris Markus Kaarlonen,2025/11/30
Space Debris - Spacesynth Remix,Markus Kaarlonen,Rochard (Original Game Soundtrack),15.0,2016-02-19,2016,8,,,120.0,0.1953,1.1376,bright,Space Debris - Spacesynth Remix Markus Kaarlonen,2025/11/30
Spacer do strefy zero,Strachy Na Lachy,Dodekafonia,30.0,2010,2010,14,"'rock', 'polish', 'alternative', 'alternative rock', 'punk rock'","'rock', 'alternative', 'alternative rock'",120.0,0.2446,1.1202,bright,Spacer do strefy zero Strachy Na Lachy,2025/11/30
Spectrum,Zedd,Clarity,66.0,2012-01-01,2012,12,"'electro house', 'Progressive House', 'dance', 'uplifting trance', 'complextro'","'electro house', 'Progressive House', 'uplifting trance'",131.0,0.1466,1.0438,energetic,Spectrum Zedd,2025/11/30
Spectrum (Say My Name),Florence + The Machine,Ceremonials,75.0,2011,2011,13,"'indie', 'dance', 'pop', 'indie rock', 'female vocalists'","'pop', 'indie rock'",122.0,0.189,0.9856,energetic,Spectrum (Say My Name) Florence + The Machine,2025/11/30
Spectrum (Say My Name) - Calvin Harris Remix,Florence + The Machine,Spectrum (Say My Name) EP,75.0,2011,2011,13,"'electronic', 'dance', 'House', 'british', 'remix'","'electronic', 'House'",125.0,0.2618,1.0636,energetic,Spectrum (Say My Name) - Calvin Harris Remix Florence + The Machine,2025/11/30
Spirit Never Die,Masterplan,Masterplan,48.0,2003-01-20,2003,21,"'Power metal', 'heavy metal', 'metal', 'Progressive metal', 'melodic metal'","'Power metal', 'heavy metal', 'metal', 'Progressive metal'",144.0,0.2965,1.0841,energetic,Spirit Never Die Masterplan,2025/11/30
Spooky,Dusty Springfield,Dusty... Definitely (Expanded Edtion),82.0,2024-10-24,2024,0,"'soul', 'female vocalists', '60s', 'pop', 'oldies'","'soul', 'pop'",106.0,0.119,1.1253,neutral,Spooky Dusty Springfield,2025/11/30
Sprinter,Dave,Sprinter,83.0,2023-06-01,2023,1,"'rap', 'Grime', 'french', 'Hip-Hop', 'hip hop'","'rap', 'Grime', 'Hip-Hop'",137.0,0.2447,1.6104,energetic,Sprinter Dave,2025/11/30
St. James Ballroom,Alice Francis,St. James Ballroom,37.0,2012-01-01,2012,12,"'female vocalists', 'pop', 'Retro', 'funky', 'electro-swing'","'pop', 'electro-swing'",99.0,0.2381,1.2033,neutral,St. James Ballroom Alice Francis,2025/11/30
St. Louis Blues,Ella Fitzgerald,Ella Sings the Blues,36.0,2013-04-29,2013,11,"'jazz', 'female vocalists', 'blues', 'swing', 'jazz vocal'","'jazz', 'blues', 'swing'",122.0,0.0708,1.0275,energetic,St. Louis Blues Ella Fitzgerald,2025/11/30
Standing Next to You,Jung Kook,GOLDEN,85.0,2023-11-03,2023,1,"'pop', 'k-pop', 'Korean', 'bot', 'worst of 2024'","'pop', 'k-pop'",106.0,0.2543,1.1817,bright,Standing Next to You Jung Kook,2025/11/30
Star,Jain,Souldier,36.0,2018-08-24,2018,6,'2018 single',,134.0,0.1166,1.1177,energetic,Star Jain,2025/11/30
Starboy,The Weeknd,Starboy,91.0,2016-11-25,2016,8,"'rnb', 'electronic', 'Canadian', 'dubstep', 'prog-rnb'","'electronic', 'dubstep'",125.0,0.314,1.2586,energetic,Starboy The Weeknd,2025/11/30
Starlight,Muse,Black Holes and Revelations,77.0,2006-06-19,2006,17,"'alternative rock', 'rock', 'alternative', 'Muse', 'british'","'alternative rock', 'rock', 'alternative'",122.0,0.1555,1.0062,energetic,Starlight Muse,2025/11/30
Starship Velociraptor,Galactikraken,Starship Velociraptor,43.0,2021-04-03,2021,3,"'heavy metal', 'metal', 'Power metal', '2020s', '2021'","'heavy metal', 'metal', 'Power metal'",100.0,0.281,1.0905,neutral,Starship Velociraptor Galactikraken,2025/11/30
Stay with Me,In Flames,"I, the Mask",57.0,2019-03-01,2019,5,"'pop', 'rock', 'alternative rock', 'swedish', 'folk'","'pop', 'rock', 'alternative rock'",125.0,0.2054,1.0185,energetic,Stay with Me In Flames,2025/11/30
Stayin' Alive - Edited Version,Bee Gees,ドライブが楽しくなる洋楽ヒッツ！70年代 DISCO,13.0,2024-11-25,2024,0,"'Disco', 'pop', '70s', 'classic rock', 'oldies'","'Disco', 'pop'",104.0,0.222,1.2358,bright,Stayin' Alive - Edited Version Bee Gees,2025/11/30
Stick Season,Noah Kahan,Stick Season,88.0,2022-10-14,2022,2,"'indie', 'folk', 'singer-songwriter', 'seen live', 'acoustic'",,117.0,0.204,1.1298,neutral,Stick Season Noah Kahan,2025/11/30
Still of the Night,Halestorm,ReAniMate 3.0: The CoVeRs eP,40.0,2017-01-06,2017,7,"'cover', 'hard rock', 'solo', 'rock n roll', '2010s'",'hard rock',134.0,0.2733,1.0772,energetic,Still of the Night Halestorm,2025/11/30
Sto tysięcy jednakowych miast,Coma,Pierwsze Wyjście z Mroku,46.0,2004-04-10,2004,19,"'rock', 'polish', 'polish rock', 'alternative rock', 'alternative'","'rock', 'alternative rock', 'alternative'",128.0,0.1757,0.9479,energetic,Sto tysięcy jednakowych miast Coma,2025/11/30
Stoned,Puddle Of Mudd,Best Of,29.0,2009-01-01,2009,15,"'rock', 'Grunge', 'alternative', 'alternative rock', 'hard rock'","'rock', 'Grunge', 'alternative', 'alternative rock', 'hard rock'",141.0,0.1574,1.0008,energetic,Stoned Puddle Of Mudd,2025/11/30
Stranger,Olivia Addams,Stranger,49.0,2021-04-16,2021,3,,,128.0,0.2871,1.2541,energetic,Stranger Olivia Addams,2025/11/30
Strangers,Kenya Grace,Strangers,80.0,2023-09-01,2023,1,"'rnb', 'electronic', 'pop', 'Drum and bass', 'dnb'","'electronic', 'pop'",112.0,0.1994,1.2533,neutral,Strangers Kenya Grace,2025/11/30
Strangers on a Train,Nathaniel Merriweather,Nathaniel Merriweather Presents...Lovage: Music to Make Love to Your Old Lady By,35.0,2001-11-06,2001,23,"'wrong tag', 'lovage', 'robertitus global', 'ambient ram', 'die wucht'",,87.0,0.2486,1.0197,neutral,Strangers on a Train Nathaniel Merriweather,2025/11/30
Strangler,Orbit Culture,Shaman,53.0,2021-09-24,2021,3,"'metal', 'death metal'","'metal', 'death metal'",161.0,0.3348,1.1368,energetic,Strangler Orbit Culture,2025/11/30
Street Spirit (Fade Out),Radiohead,The Bends,73.0,1995-03-13,1995,28,"'alternative', 'alternative rock', 'rock', 'indie', 'electronic'","'alternative', 'alternative rock', 'rock', 'electronic'",137.0,0.1067,0.9276,energetic,Street Spirit (Fade Out) Radiohead,2025/11/30
Stroker Ace,Nathaniel Merriweather,Nathaniel Merriweather Presents...Lovage: Music to Make Love to Your Old Lady By,44.0,2001-11-06,2001,23,"'wrong tag', 'lovage', 'robertitus global', 'ambient ram', 'die wucht'",,161.0,0.2019,1.206,energetic,Stroker Ace Nathaniel Merriweather,2025/11/30
Strong,Amaranthe,Strong,56.0,2020-10-02,2020,4,"'noora louhimo', 'heavy metal', 'metal', 'Awesome', 'Favorite'","'heavy metal', 'metal'",120.0,0.2162,1.0816,neutral,Strong Amaranthe,2025/11/30
Stronger Than Me,Amy Winehouse,AMY (Original Motion Picture Soundtrack),71.0,2015-10-30,2015,9,"'soul', 'jazz', 'female vocalists', 'british', 'singer-songwriter'","'soul', 'jazz'",181.0,0.2444,1.3126,energetic,Stronger Than Me Amy Winehouse,2025/11/30
Struś,Wiktor Dyduła,Pal Licho!,25.0,2023-03-17,2023,1,,,117.0,0.2829,1.1588,neutral,Struś Wiktor Dyduła,2025/11/30
Stupid Cupid,Connie Francis,Gold,55.0,2005-06-14,2005,18,"'oldies', 'female vocalists', '50s', '60s', 'pop'",'pop',137.0,0.1475,1.0088,energetic,Stupid Cupid Connie Francis,2025/11/30
Summer of Love (Shawn Mendes & Tainy),Shawn Mendes,Summer Of Love,72.0,2021-08-20,2021,2,"'pop', 'Canadian', 'seen live', 'folk', 'acoustic'",'pop',125.0,0.2371,1.3005,energetic,Summer of Love (Shawn Mendes & Tainy) Shawn Mendes,2025/11/30
Sunflower - Spider-Man: Into the Spider-Verse,Post Malone,Hollywood's Bleeding,84.0,2018-12-14,2018,6,"'Hip-Hop', 'rap', 'trap', 'cloud rap', 'pop'","'Hip-Hop', 'rap', 'trap', 'pop'",91.0,0.2437,1.136,neutral,Sunflower - Spider-Man: Into the Spider-Verse Post Malone,2025/11/30
Sunroof,Nicky Youre,Good Times Go,66.0,2022-08-12,2022,1,"'pop', 'indie pop', 'indie', 'alternative', 'singer-songwriter'","'pop', 'indie pop', 'alternative'",131.0,0.2296,1.1628,energetic,Sunroof Nicky Youre,2025/11/30
Sunsetz,Cigarettes After Sex,Cigarettes After Sex,87.0,2017-06-09,2017,7,"'dream pop', 'seen live', 'shoegaze', 'slowcore', 'Lo-Fi'","'dream pop', 'shoegaze', 'Lo-Fi'",148.0,0.2765,0.8619,energetic,Sunsetz Cigarettes After Sex,2025/11/30
Sunshine,OneRepublic,OneRepublic (Japan Paradise Tour Edition),61.0,1963-11-01,1963,60,"'rock', 'pop rock', 'alternative', 'alternative rock', 'indie'","'rock', 'alternative', 'alternative rock'",141.0,0.2849,1.1948,energetic,Sunshine OneRepublic,2025/11/30
Superbeast,Rob Zombie,Hellbilly Deluxe,69.0,1998-01-01,1998,26,"'metal', 'industrial metal', 'industrial', 'heavy metal', 'rock'","'metal', 'industrial metal', 'industrial', 'heavy metal', 'rock'",152.0,0.0774,1.149,energetic,Superbeast Rob Zombie,2025/11/30
Supermassive Black Hole,Muse,Black Holes and Revelations,83.0,2006-06-19,2006,17,"'alternative rock', 'rock', 'alternative', 'Muse', 'british'","'alternative rock', 'rock', 'alternative'",120.0,0.1907,1.1009,neutral,Supermassive Black Hole Muse,2025/11/30
"Supermoce (feat. Igo, Mrozu & Vito Bambino)",Męskie Granie Orkiestra,"Supermoce (feat. Igo, Mrozu & Vito Bambino)",62.0,2023-05-17,2023,0,"'seen live', 'polish', 'rock', 'alternative rock', 'polish rock'","'rock', 'alternative rock'",122.0,0.2015,1.2662,energetic,"Supermoce (feat. Igo, Mrozu & Vito Bambino) Męskie Granie Orkiestra",2025/11/30
Sure Thing,Miguel,All I Want Is You,87.0,2010-11-26,2010,14,"'rnb', 'soul', 'r&b', 'Hip-Hop', 'seen live'","'soul', 'Hip-Hop'",108.0,0.0592,1.17,neutral,Sure Thing Miguel,2025/11/30
Surround Sound (feat. 21 Savage & Baby Tate),JID,The Forever Story (Extended Version),80.0,2022-10-31,2022,2,"'rap', 'Hip-Hop', 'hip hop', 'trap', 'Conscious Hip Hop'","'rap', 'Hip-Hop', 'trap', 'Conscious Hip Hop'",100.0,0.2773,1.4242,neutral,Surround Sound (feat. 21 Savage & Baby Tate) JID,2025/11/30
Surround You,Echosmith,Talking Dreams (Deluxe Edition),38.0,2014-02-11,2014,9,"'indie', 'indie pop', 'pop', 'alternative', 'american'","'indie pop', 'pop', 'alternative'",161.0,0.1245,0.8905,energetic,Surround You Echosmith,2025/11/30
Sven i Rosengård,Garmarna,Förbundet,34.0,2020-11-06,2020,4,,,128.0,0.2088,1.0479,energetic,Sven i Rosengård Garmarna,2025/11/30
Sweater Weather,The Neighbourhood,I Love You.,92.0,2013-04-22,2013,11,"'indie', 'indie rock', 'indie pop', 'rock', 'seen live'","'indie rock', 'indie pop', 'rock'",125.0,0.2628,1.031,energetic,Sweater Weather The Neighbourhood,2025/11/30
Sweet Creature,Harry Styles,Harry Styles,73.0,2017-05-12,2017,6,"'pop', 'seen live', 'rock', 'pop rock', 'alternative'","'pop', 'rock', 'alternative'",141.0,0.2304,0.9146,energetic,Sweet Creature Harry Styles,2025/11/30
Sweet Nothing,Calvin Harris,18 Months,81.0,2012-10-29,2012,12,"'dance', 'electronic', 'pop', 'british', '2012'","'electronic', 'pop'",128.0,0.23,1.051,energetic,Sweet Nothing Calvin Harris,2025/11/30
Sweet Nothing (feat. Florence Welch),Calvin Harris,18 Months,81.0,2012-10-29,2012,12,"'dance', 'electronic', 'House', 'florence welch', 'female vocalists'","'electronic', 'House'",128.0,0.23,1.051,energetic,Sweet Nothing (feat. Florence Welch) Calvin Harris,2025/11/30
Sweet but Psycho,Ava Max,Heaven & Hell,82.0,2020-09-18,2020,3,"'pop', 'electropop', 'female vocalists', 'american', 'electronic'","'pop', 'electropop', 'electronic'",134.0,0.2675,1.1422,energetic,Sweet but Psycho Ava Max,2025/11/30
Sygnalista,Strachy Na Lachy,Piekło,20.0,2021-10-01,2021,2,"'rock', 'polish', 'alternative', 'alternative rock', 'punk rock'","'rock', 'alternative', 'alternative rock'",125.0,0.2458,1.1842,energetic,Sygnalista Strachy Na Lachy,2025/11/30
Syn marnotrawny,Jacek Kaczmarski,Wojna Postu Z Karnawalem,30.0,2002-09-07,2002,21,"'polish', 'poezja spiewana', 'poetry', 'bard', 'singer-songwriter'",,117.0,0.1144,1.0628,neutral,Syn marnotrawny Jacek Kaczmarski,2025/11/30
Szampan,sanah,Królowa dram,58.0,2020-05-08,2020,3,"'polish', 'greatest polish hits', 'playlista rmf fm'",,131.0,0.2082,1.1217,energetic,Szampan sanah,2025/11/30
Szary świat,sanah,UCZTA,56.0,2022-04-14,2022,1,,,122.0,0.1729,1.0555,energetic,Szary świat sanah,2025/11/30
Sznury aut,Strachy Na Lachy,Piekło,36.0,2021-10-01,2021,3,"'rock', 'polish', 'alternative', 'alternative rock', 'punk rock'","'rock', 'alternative', 'alternative rock'",165.0,0.1723,1.1233,energetic,Sznury aut Strachy Na Lachy,2025/11/30
Szum,Kaśka Sochacka,Szum,62.0,2024-11-15,2024,0,"'seen live', 'polish', 'indie', 'pop', 'female vocalists'",'pop',131.0,0.1875,0.9519,energetic,Szum Kaśka Sochacka,2025/11/30
Szła kaczuszka,Łucja Prus,Bal Baloników,5.0,2001-12-31,2001,22,,,104.0,0.1095,0.9076,neutral,Szła kaczuszka Łucja Prus,2025/11/30
TEXAS HOLD 'EM,Beyoncé,TEXAS HOLD 'EM,78.0,2024-02-11,2024,0,"'rnb', 'pop', 'female vocalists', 'soul', 'Hip-Hop'","'pop', 'soul', 'Hip-Hop'",110.0,0.2491,1.2122,bright,TEXAS HOLD 'EM Beyoncé,2025/11/30
TF,Rolling Stone P,DON'T GET SCARED,50.0,2022-11-22,2022,2,,,148.0,0.3255,1.3347,energetic,TF Rolling Stone P,2025/11/30
THATS WHAT I WANT,Lil Nas X,MONTERO,77.0,2021-09-17,2021,2,"'Hip-Hop', 'rap', 'trap', 'country rap', 'seen live'","'Hip-Hop', 'rap', 'trap', 'country rap'",117.0,0.2454,1.2108,neutral,THATS WHAT I WANT Lil Nas X,2025/11/30
TOKYO2020,Quebonafide,ROMANTIC PSYCHO,59.0,2020-04-02,2020,4,,,131.0,0.2869,1.4102,energetic,TOKYO2020 Quebonafide,2025/11/30
TRUSTFALL,P!nk,TRUSTFALL,70.0,2023-01-27,2023,0,"'pop', 'electronic', 'electropop', '2020s', '2023'","'pop', 'electronic', 'electropop'",122.0,0.2078,1.1913,energetic,TRUSTFALL P!nk,2025/11/30
TUTA GOLD,Mahmood,NEI LETTI DEGLI ALTRI,63.0,2024-02-07,2024,0,"'MySpotigramBot', 'sanremo 2024', 'italian', 'sanremo', 'esc national selection 2024'",,122.0,0.2233,1.0706,energetic,TUTA GOLD Mahmood,2025/11/30
Taco Truck x VB x Radio - Remix,DJ Ghoster,Taco Truck x VB x Radio,39.0,2024-02-20,2024,0,,,148.0,0.124,0.9931,energetic,Taco Truck x VB x Radio - Remix DJ Ghoster,2025/11/30
Tainted Love,Soft Cell,Non-Stop Erotic Cabaret,81.0,1981,1981,42,"'new wave', '80s', 'synthpop', 'electronic', 'synth pop'","'new wave', 'synthpop', 'electronic'",144.0,0.062,1.1256,energetic,Tainted Love Soft Cell,2025/11/30
Tak mi źle - Tylko wróć,Wojciech Gassowski,Wojciech Młynarski Zaśpiewany (Dobre Piosenki),30.0,2015-08-10,2015,8,,,102.0,0.2004,1.2058,bright,Tak mi źle - Tylko wróć Wojciech Gassowski,2025/11/30
Take Me Back to Your House,Basement Jaxx,Crazy Itch Radio,35.0,2006-09-04,2006,18,"'dance', 'electronic', 'House', 'pop', 'banjo'","'electronic', 'House', 'pop'",125.0,0.155,1.0795,energetic,Take Me Back to Your House Basement Jaxx,2025/11/30
Take Me To Church,Hozier,Hozier,86.0,2014-09-19,2014,9,"'blues', 'indie', 'soul', 'singer-songwriter', 'irish'","'blues', 'soul'",131.0,0.2747,1.0053,energetic,Take Me To Church Hozier,2025/11/30
Take on Me,a-ha,Hunting High and Low,89.0,1985-06-01,1985,39,"'80s', 'pop', 'new wave', 'synthpop', 'synth pop'","'pop', 'new wave', 'synthpop'",170.0,0.1852,1.1842,energetic,Take on Me a-ha,2025/11/30
Take on Me ,A-Ha,Hunting High and Low ,89.0,1985-06-01,1985,39,,,170.0,0.1852,1.1842,energetic,Take on Me  A-Ha,2025/11/30
"Tam słońce, gdzie my",Wiktor Dyduła,"Tam słońce, gdzie my",65.0,2024-06-13,2024,0,"'polish', 'wake-up song', 'talent show', 'greatest polish hits', 'playlista rmf fm'",,128.0,0.2608,1.1325,energetic,"Tam słońce, gdzie my Wiktor Dyduła",2025/11/30
Taniec Eleny,Michał Lorenc,"Najlepsze hity dla Ciebie filmowe, Vol. 4",43.0,2017-05-19,2017,6,"'Soundtrack', 'instrumental', 'polish', 'composer', 'Soundtracks'","'Soundtrack', 'instrumental'",125.0,0.0643,0.8615,energetic,Taniec Eleny Michał Lorenc,2025/11/30
Tarantino,Julia Marcell,Proxy,31.0,2016-04-12,2016,7,"'indie pop', 'polish', '2016 single'",'indie pop',120.0,0.2317,1.2782,bright,Tarantino Julia Marcell,2025/11/30
Tańcz,Alicja Janosz Dzieciom,Alicja Janosz Dzieciom,8.0,2020-03-29,2020,4,,,120.0,0.1534,1.4272,bright,Tańcz Alicja Janosz Dzieciom,2025/11/30
Tańczyć,Rozen,Rozen,34.0,2021-04-16,2021,3,,,134.0,0.1453,0.9617,energetic,Tańczyć Rozen,2025/11/30
Te numery,Young Leosia,PG$,63.0,2024-03-07,2024,0,"'dancehall', 'pop rap', 'hip hop', 'hip house', 'seen live'","'dancehall', 'pop rap', 'hip house'",144.0,0.2467,1.1833,energetic,Te numery Young Leosia,2025/11/30
Tea Time With Maseo,Lovage,Lovage: Music to Make Love to Your Old Lady By,26.0,2001-11-06,2001,23,"'trip-hop', 'downtempo', 'electronic', 'mike patton', 'chillout'","'trip-hop', 'downtempo', 'electronic'",165.0,0.1031,1.1833,energetic,Tea Time With Maseo Lovage,2025/11/30
Teardrops,NEIL FRANCES,Teardrops,74.0,2018-02-14,2018,6,"'electronic', 'indie', 'soul', 'indietronica', 'indie pop'","'electronic', 'soul', 'indietronica', 'indie pop'",92.0,0.1823,1.0914,neutral,Teardrops NEIL FRANCES,2025/11/30
Teardrops,Womack & Womack,Conscience,74.0,2018-02-14,2018,5,"'soul', '80s', 'funk', 'Disco', 'pop'","'soul', 'funk', 'Disco', 'pop'",134.0,0.1047,1.3344,energetic,Teardrops Womack & Womack,2025/11/30
Ten-Thousand Light-Years,Galactikraken,Starship Velociraptor,34.0,2021-04-03,2021,3,,,125.0,0.2673,0.931,energetic,Ten-Thousand Light-Years Galactikraken,2025/11/30
That Girl,Esthero,Breath From Another,62.0,2022-07-13,2022,1,"'trip-hop', 'female vocalists', 'downtempo', 'electronic', 'electronica'","'trip-hop', 'downtempo', 'electronic', 'electronica'",97.0,0.073,0.9734,neutral,That Girl Esthero,2025/11/30
That's Right! - Jamie Berry Remix,Swingrowers,That's Right!,24.0,2015-04-06,2015,9,,,95.0,0.3183,1.3406,neutral,That's Right! - Jamie Berry Remix Swingrowers,2025/11/30
The Black Hills Of Dakota,The Springfields,Kinda Folksy,39.0,2001-01-30,2001,22,"'Sarah Records', 'twee', 'indie pop', 'pop', '60s'","'indie pop', 'pop'",110.0,0.24,0.9836,neutral,The Black Hills Of Dakota The Springfields,2025/11/30
The Craving - single version,Twenty One Pilots,The Craving,64.0,2024-05-22,2024,0,"'my top songs', 'T Artist'",,106.0,0.2281,1.0194,neutral,The Craving - single version Twenty One Pilots,2025/11/30
The Dying Light,Sam Fender,The Dying Light,48.0,2021-10-08,2021,3,"'british', 'lovethatindiestuff'",,128.0,0.174,0.839,energetic,The Dying Light Sam Fender,2025/11/30
The Dying Light - Winter Edit,Sam Fender,The Dying Light (Winter Edit),31.0,2021-12-03,2021,3,,,128.0,0.1751,0.8439,energetic,The Dying Light - Winter Edit Sam Fender,2025/11/30
The Eagle Flies Alone - edit,Arch Enemy,Will To Power,55.0,2017-09-08,2017,7,"'Melodic Death Metal', 'metal', 'death metal', 'Female fronted metal', 'swedish'","'metal', 'death metal'",137.0,0.1829,0.9912,energetic,The Eagle Flies Alone - edit Arch Enemy,2025/11/30
The Emptiness Machine,Linkin Park,The Emptiness Machine,83.0,2024-09-05,2024,0,"'rock', 'Nu Metal', 'alternative rock', 'alternative', 'metal'","'rock', 'Nu Metal', 'alternative rock', 'alternative', 'metal'",92.0,0.2724,1.0327,bright,The Emptiness Machine Linkin Park,2025/11/30
The End / Undead,Zero 9:36,The End / Undead,50.0,2021-02-26,2021,3,,,108.0,0.3098,1.1808,bright,The End / Undead Zero 9:36,2025/11/30
The Grand Duel - Parte Prima,Luis Bacalov,Kill Bill Vol. 1 Original Soundtrack (PA Version),45.0,2003-09-23,2003,20,"'Soundtrack', 'instrumental', 'composer', 'spaghetti western', 'indie'","'Soundtrack', 'instrumental'",125.0,0.0488,0.7838,neutral,The Grand Duel - Parte Prima Luis Bacalov,2025/11/30
The Green Leaves Of Summer,The Springfields,Kinda Folksy,37.0,2013-01-01,2013,10,"'Sarah Records', 'twee', 'indie pop', 'pop', '60s'","'indie pop', 'pop'",125.0,0.039,0.9721,neutral,The Green Leaves Of Summer The Springfields,2025/11/30
The Illusionist,Scar Symmetry,Pitch Black Progress,45.0,2006-04-21,2006,18,"'Melodic Death Metal', 'death metal', 'metal', 'Swedish Metal', 'Scar Symmetry'","'death metal', 'metal'",148.0,0.2692,1.0078,energetic,The Illusionist Scar Symmetry,2025/11/30
The Lion Sleeps Tonight,Billy Eichner,The Lion King (Original Motion Picture Soundtrack),56.0,2019-07-10,2019,4,,,137.0,0.07,1.1339,energetic,The Lion Sleeps Tonight Billy Eichner,2025/11/30
The Mirror Black,At The Gates,To Drink From The Night Itself,18.0,2018-05-18,2018,6,"'Melodic Death Metal', 'strings', 'death metal', 'Gothenburg Death Metal', 'orchestral outro'",'death metal',120.0,0.2205,0.9048,neutral,The Mirror Black At The Gates,2025/11/30
The Moon - Kutiman Remix - Version A,Morcheeba,The Moon (Kutiman Remixes),30.0,2022-06-24,2022,1,,,115.0,0.2327,1.0561,neutral,The Moon - Kutiman Remix - Version A Morcheeba,2025/11/30
The Motto,Tiësto,DRIVE,76.0,2021-11-04,2021,3,"'trance', 'electronic', 'dance', 'techno', 'electronica'","'trance', 'electronic', 'techno', 'electronica'",117.0,0.2772,1.1002,neutral,The Motto Tiësto,2025/11/30
The Muffin Song (asdfmovie),The Gregory Brothers,The Muffin Song (asdfmovie),59.0,2018-05-11,2018,6,"'manifesto', 'suicide note'",,112.0,0.2265,1.465,bright,The Muffin Song (asdfmovie) The Gregory Brothers,2025/11/30
The Musty Scent Of Fresh Pâté,Percival Schuttenbach,The Witcher 3: Wild Hunt - Blood and Wine (Official Soundtrack),48.0,2016-06-01,2016,8,"'gwent', 'it is Percival not Percival Schuttenbach'",,120.0,0.1874,1.0601,neutral,The Musty Scent Of Fresh Pâté Percival Schuttenbach,2025/11/30
The Night We Met,Lord Huron,Strange Trails,91.0,2015-04-06,2015,8,"'folk', 'seen live', 'indie', 'psychedelic', 'indie pop'","'psychedelic', 'indie pop'",115.0,0.1668,0.8459,neutral,The Night We Met Lord Huron,2025/11/30
The Price Of A Mile,Sabaton,The Art Of War (Re-Armed),55.0,2010-09-24,2010,14,"'Power metal', 'heavy metal', 'metal', 'war metal', 'epic metal'","'Power metal', 'heavy metal', 'metal'",117.0,0.2077,1.0483,bright,The Price Of A Mile Sabaton,2025/11/30
The Scientist,Coldplay,A Rush of Blood to the Head,90.0,2002-08-27,2002,21,"'Coldplay', 'rock', 'alternative', 'britpop', 'british'","'rock', 'alternative', 'britpop'",144.0,0.208,0.9187,energetic,The Scientist Coldplay,2025/11/30
The Shadowing,Orbit Culture,Nija,45.0,2020-08-07,2020,4,,,141.0,0.3272,1.0727,energetic,The Shadowing Orbit Culture,2025/11/30
The Show,Lenka,Lenka (Expanded Edition),59.0,2008-09-23,2008,15,"'female vocalists', 'pop', 'indie pop', 'australian', 'indie'","'pop', 'indie pop'",122.0,0.1846,0.9838,energetic,The Show Lenka,2025/11/30
The Soul Of A Black Man,Maceo,Us,37.0,1974-02-19,1974,49,"'funk', 'jazz', 'soul', 'Hip-Hop', 'reggae'","'funk', 'jazz', 'soul', 'Hip-Hop', 'reggae'",148.0,0.1071,1.0192,energetic,The Soul Of A Black Man Maceo,2025/11/30
The Story Ain't Over,Avantasia,Lost in Space (Chapter 1 & 2),50.0,2008-10-24,2008,16,"'Power metal', 'metal', 'melodic metal', 'symphonic metal', 'avantasia'","'Power metal', 'metal', 'symphonic metal'",120.0,0.1732,0.9896,neutral,The Story Ain't Over Avantasia,2025/11/30
The Time Is Now,Moloko,Things to Make and Do,59.0,2000-10-31,2000,24,"'electronic', 'trip-hop', 'female vocalists', 'dance', 'electronica'","'electronic', 'trip-hop', 'electronica'",128.0,0.1728,1.0725,energetic,The Time Is Now Moloko,2025/11/30
The Tower,LUNA,The Tower,49.0,2024-01-23,2024,0,"'indie', 'dream pop', 'indie rock', 'indie pop', 'seen live'","'dream pop', 'indie rock', 'indie pop'",156.0,0.2425,1.0398,energetic,The Tower LUNA,2025/11/30
The Vengeful One,Disturbed,Immortalized (Deluxe Edition),68.0,2015-08-14,2015,9,"'metal', 'alternative metal', 'heavy metal', 'Nu Metal', 'american'","'metal', 'heavy metal', 'Nu Metal'",112.0,0.293,1.0544,bright,The Vengeful One Disturbed,2025/11/30
The Windmills Of Your Mind,Dusty Springfield,Dusty In Memphis,61.0,1969-01-01,1969,54,"'soul', 'female vocalists', '60s', 'pop', 'oldies'","'soul', 'pop'",152.0,0.1034,0.9175,energetic,The Windmills Of Your Mind Dusty Springfield,2025/11/30
Theatrical State of Mind,Papooz,Night Sketches,48.0,2019-03-08,2019,5,"'indie pop', 'french', 'pop', 'indie', 'france'","'indie pop', 'pop'",95.0,0.2133,1.174,neutral,Theatrical State of Mind Papooz,2025/11/30
Theme From Shaft - Remastered 2009,Isaac Hayes,50 Years in 2021 and ...Still Cool,59.0,1971,1971,52,"'soul', 'funk', 'rhythm and blues', 'Soundtrack', 'rnb'","'soul', 'funk', 'Soundtrack'",120.0,0.0661,1.3439,bright,Theme From Shaft - Remastered 2009 Isaac Hayes,2025/11/30
Think U The Shit (Fart),Ice Spice,Think U The Shit (Fart),63.0,2024-01-26,2024,0,"'rap', 'drill', 'Hip-Hop', 'trap', 'grah'","'rap', 'Hip-Hop', 'trap'",122.0,0.2773,1.4252,energetic,Think U The Shit (Fart) Ice Spice,2025/11/30
Thinkin’ Bout Me,Morgan Wallen,One Thing At A Time,83.0,2023-03-03,2023,1,"'country', 'racist', 'country pop', 'the voice', 'contemporary country'","'country', 'country pop', 'contemporary country'",141.0,0.2359,1.1949,energetic,Thinkin’ Bout Me Morgan Wallen,2025/11/30
Those Eyes,New West,Based On A True Story...,80.0,2019-05-10,2019,4,"'seen live', 'Canadian', 'indie rock', 'Dirty South', 'Backcountry Utah'","'indie rock', 'Dirty South'",120.0,0.1962,0.9112,neutral,Those Eyes New West,2025/11/30
Thunder,Gabry Ponte,Thunder,87.0,2017-06-23,2017,7,"'dance', 'Italodance', 'eurodance', 'electronic', 'trance'","'eurodance', 'electronic', 'trance'",134.0,0.3068,1.2534,energetic,Thunder Gabry Ponte,2025/11/30
Thunder,Imagine Dragons,Evolve,87.0,2017-06-23,2017,6,"'indie pop', 'alternative', 'pop', 'rock', 'electropop'","'indie pop', 'alternative', 'pop', 'rock', 'electropop'",165.0,0.301,1.1214,energetic,Thunder Imagine Dragons,2025/11/30
Thème pour cordes - From 'Hasard',Wojciech Kilar,A Collection of His Work,16.0,1992-04-13,1992,32,"'Soundtrack', 'Classical', 'instrumental', 'polish', 'composer'","'Soundtrack', 'Classical', 'instrumental'",115.0,0.1009,0.8779,neutral,Thème pour cordes - From 'Hasard' Wojciech Kilar,2025/11/30
Tlen,Dawid Tyszkowski,Tlen,46.0,2022-05-27,2022,2,,,156.0,0.1739,1.0569,energetic,Tlen Dawid Tyszkowski,2025/11/30
To Catch a Thief,Nathaniel Merriweather,Nathaniel Merriweather Presents...Lovage: Music to Make Love to Your Old Lady By,47.0,2001-11-06,2001,23,"'wrong tag', 'lovage', 'robertitus global', 'ambient ram', 'die wucht'",,157.0,0.1918,1.0783,energetic,To Catch a Thief Nathaniel Merriweather,2025/11/30
To koniec,sanah,Irenka,52.0,2021-05-06,2021,2,,,97.0,0.2068,0.9844,neutral,To koniec sanah,2025/11/30
To nie efekt placebo,Rubens,To nie efekt placebo,24.0,2024-10-11,2024,0,,,112.0,0.222,1.1973,neutral,To nie efekt placebo Rubens,2025/11/30
ToNieMy,Clock Machine,ToNieMy,26.0,2023-09-28,2023,1,,,120.0,0.2363,1.2679,bright,ToNieMy Clock Machine,2025/11/30
Tomorrow We Fight,Tommee Profitt,Cinematic Songs (Vol. 2),47.0,2017-04-14,2017,6,"'Soundtrack', 'pop', 'piano', 'singer-songwriter', 'USA'","'Soundtrack', 'pop'",125.0,0.221,0.953,energetic,Tomorrow We Fight Tommee Profitt,2025/11/30
Too Much Heaven,Bee Gees,Spirits Having Flown,72.0,1979-02-05,1979,44,"'Disco', 'pop', '70s', 'classic rock', 'oldies'","'Disco', 'pop'",165.0,0.2285,1.0172,energetic,Too Much Heaven Bee Gees,2025/11/30
Too Sweet,Hozier,Unreal Unearth: Unaired,80.0,2024-03-22,2024,0,"'blues', 'indie', 'soul', 'singer-songwriter', 'irish'","'blues', 'soul'",117.0,0.26,1.175,neutral,Too Sweet Hozier,2025/11/30
Torn,Natalie Imbruglia,Glorious: The Singles 97-07,52.0,2011-04-26,2011,12,"'pop', 'female vocalists', 'australian', 'singer-songwriter', 'rock'","'pop', 'rock'",128.0,0.215,1.168,energetic,Torn Natalie Imbruglia,2025/11/30
Toss a Coin to Your Witcher,Skar,Toss a Coin to Your Witcher,41.0,2020-01-08,2020,4,'epic heavy metal',,108.0,0.1679,1.0053,neutral,Toss a Coin to Your Witcher Skar,2025/11/30
Toukassé,SHANGUY,Toukassé,36.0,2019-03-15,2019,5,"'dance', 'electronic', 'french', 'italian', 'EDM'",'electronic',141.0,0.2473,1.2514,energetic,Toukassé SHANGUY,2025/11/30
Tragedy,Bee Gees,Spirits Having Flown,72.0,1979-02-05,1979,44,"'Disco', 'pop', '70s', 'classic rock', 'oldies'","'Disco', 'pop'",120.0,0.118,1.1448,bright,Tragedy Bee Gees,2025/11/30
Training Season,Dua Lipa,Training Season,84.0,2024-05-03,2024,0,"'pop', 'seen live', 'electropop', 'synthpop', 'british'","'pop', 'electropop', 'synthpop'",122.0,0.2249,1.204,energetic,Training Season Dua Lipa,2025/11/30
Training Season - Extended,Dua Lipa,Training Season,49.0,2024-06-28,2024,0,"'pop', 'seen live', 'electropop', 'synthpop', 'british'","'pop', 'electropop', 'synthpop'",122.0,0.2562,1.268,energetic,Training Season - Extended Dua Lipa,2025/11/30
Tribute,Tenacious D,Tenacious D,69.0,2001-09-25,2001,23,"'rock', 'comedy', 'tenacious d', 'funny', 'alternative rock'","'rock', 'comedy', 'alternative rock'",128.0,0.0448,1.0569,neutral,Tribute Tenacious D,2025/11/30
Trudno Tak (Razem Być Nam Ze Sobą),Krzysztof Krawczyk,Duety,56.0,2016-11-04,2016,7,"'polish', 'pop', 'polskie', 'male vocalists', 'oldies'",'pop',165.0,0.1528,1.1185,energetic,Trudno Tak (Razem Być Nam Ze Sobą) Krzysztof Krawczyk,2025/11/30
True - 2003 Remaster,Spandau Ballet,True (Special Edition),72.0,1983-02-25,1983,41,"'80s', 'new wave', 'pop', 'new romantic', 'british'","'new wave', 'pop'",97.0,0.1394,1.0342,neutral,True - 2003 Remaster Spandau Ballet,2025/11/30
"Trwaj chwilo, trwaj",Kwiat Jabłoni,Kwiat Jabłoni i goście: Wolne serca,37.0,2022-07-22,2022,2,"'seen live', 'folk', 'polish', 'indie', 'pop'",'pop',125.0,0.2403,1.2429,energetic,"Trwaj chwilo, trwaj Kwiat Jabłoni",2025/11/30
Try,P!nk,The Truth About Love,85.0,2012-09-18,2012,11,"'pop', 'pop rock', 'female vocalists', 'rock', 'beautiful'","'pop', 'rock'",104.0,0.18,1.0779,bright,Try P!nk,2025/11/30
Trójkąty i Kwadraty,Dawid Podsiadło,Comfort and Happiness,57.0,2013-05-27,2013,11,"'polish', 'seen live', 'indie', 'pop', 'singer-songwriter'",'pop',125.0,0.1789,1.185,energetic,Trójkąty i Kwadraty Dawid Podsiadło,2025/11/30
Tu,Lao Che,Dzieciom,73.0,2016-09-02,2016,7,"'alternative', 'polish', 'alternative rock', 'rock', 'seen live'","'alternative', 'alternative rock', 'rock'",170.0,0.2403,1.1353,energetic,Tu Lao Che,2025/11/30
Tu trzeba krzyczeć,Pidżama Porno,Sprzedawca jutra,43.0,2019-09-27,2019,4,"'punk rock', 'polish', 'rock', 'alternative', 'punk'","'rock', 'alternative', 'punk'",104.0,0.2132,1.0739,neutral,Tu trzeba krzyczeć Pidżama Porno,2025/11/30
Turning Page,Sleeping At Last,Turning Page,72.0,2012-06-18,2012,11,"'indie', 'indie rock', 'rock', 'alternative', 'christian'","'indie rock', 'rock', 'alternative'",122.0,0.1685,0.7906,energetic,Turning Page Sleeping At Last,2025/11/30
Twilight Of The Thunder God,Amon Amarth,Twilight Of The Thunder God,62.0,2008-09-30,2008,16,"'Melodic Death Metal', 'viking metal', 'Viking Death Metal', 'death metal', 'metal'","'viking metal', 'death metal', 'metal'",128.0,0.3547,1.0809,energetic,Twilight Of The Thunder God Amon Amarth,2025/11/30
Two Brothers,The Springfields,Kinda Folksy,39.0,2015-01-19,2015,8,"'Sarah Records', 'twee', 'indie pop', 'pop', '60s'","'indie pop', 'pop'",120.0,0.2699,0.9115,neutral,Two Brothers The Springfields,2025/11/30
Twoje oczy lubią mnie,Strachy Na Lachy,Dodekafonia,51.0,2010,2010,13,"'rock', 'polish', 'alternative', 'alternative rock', 'punk rock'","'rock', 'alternative', 'alternative rock'",108.0,0.2364,1.2089,bright,Twoje oczy lubią mnie Strachy Na Lachy,2025/11/30
Tyle słońca w całym mieście,Anna Jantar,Tyle słońca w całym mieście,53.0,1974-02-12,1974,49,"'polish', 'pop', 'female vocalists', 'polskie', 'female vocalist'",'pop',94.0,0.1596,1.0659,neutral,Tyle słońca w całym mieście Anna Jantar,2025/11/30
Tylko cisza,Rozen,Rozen,23.0,2021-04-16,2021,3,,,122.0,0.1412,0.8998,energetic,Tylko cisza Rozen,2025/11/30
Tyrka,Qry,Tyrka,52.0,2023-12-19,2023,1,"'rap', 'hiphop', 'Nirvana', 'polishrap', 'chillwagon'",'rap',87.0,0.2213,1.1815,neutral,Tyrka Qry,2025/11/30
Tęsknię sobie,sanah,Tęsknię sobie,55.0,2022-04-14,2022,2,,,95.0,0.1604,0.953,neutral,Tęsknię sobie sanah,2025/11/30
UFO,Roxen,UFO,55.0,2018-10-20,2018,5,"'pop', 'Romanian', 'rock', 'Eurovision', 'pakistani'","'pop', 'rock'",125.0,0.2654,1.318,energetic,UFO Roxen,2025/11/30
UN RAGAZZO UNA RAGAZZA,The Kolors,UN RAGAZZO UNA RAGAZZA,66.0,2024-02-07,2024,0,"'sanremo 2024', 'party', 'italian', 'wake-up song', 'sanremo'",,128.0,0.2613,1.2186,energetic,UN RAGAZZO UNA RAGAZZA The Kolors,2025/11/30
UP,INNA,UP,71.0,2024-03-01,2024,0,"'dance', 'electronic', 'House', 'trance', 'inna'","'electronic', 'House', 'trance'",99.0,0.2625,1.2248,bright,UP INNA,2025/11/30
Under The Influence,Chris Brown,Indigo (Extended),86.0,2019-10-04,2019,5,"'rnb', 'Hip-Hop', 'Chris Brown', 'rap', 'hip hop'","'Hip-Hop', 'rap'",117.0,0.2108,1.161,neutral,Under The Influence Chris Brown,2025/11/30
Under The Sun,Max Wassen,The Gold EP,73.0,2019-07-05,2019,5,"'hip hop', 'rap', 'hiphop', 'party', 'music'",'rap',100.0,0.3114,1.2309,neutral,Under The Sun Max Wassen,2025/11/30
Undisclosed Desires,Muse,The Resistance,71.0,2009-09-10,2009,14,"'alternative rock', 'rock', 'alternative', 'electronic', 'Muse'","'alternative rock', 'rock', 'alternative', 'electronic'",117.0,0.1486,1.1612,neutral,Undisclosed Desires Muse,2025/11/30
Ungodly Fruit,Wax Tailor,Tales of the Forgotten Melodies,58.0,2005-02-22,2005,19,"'trip-hop', 'downtempo', 'electronic', 'Hip-Hop', 'french'","'trip-hop', 'downtempo', 'electronic', 'Hip-Hop'",170.0,0.2318,1.3647,energetic,Ungodly Fruit Wax Tailor,2025/11/30
Unholy,Sam Smith,Top Hits 2023,80.0,2022-09-22,2022,2,"'soul', 'pop', 'british', 'electronic', 'seen live'","'soul', 'pop', 'electronic'",131.0,0.122,1.084,energetic,Unholy Sam Smith,2025/11/30
Unholy (feat. Kim Petras),Sam Smith,Gloria,80.0,2022-09-22,2022,1,"'soul', 'pop', 'british', 'electronic', 'seen live'","'soul', 'pop', 'electronic'",131.0,0.122,1.084,energetic,Unholy (feat. Kim Petras) Sam Smith,2025/11/30
Universal Fanfare,The Minions,Minions (Original Motion Picture Soundtrack),61.0,2015-07-10,2015,9,'offline',,148.0,0.1097,0.8982,energetic,Universal Fanfare The Minions,2025/11/30
Universe on Fire,Gloryhammer,Space 1992: Rise of the Chaos Wizards,53.0,2015-09-25,2015,9,"'Power metal', 'epic metal', 'epic', 'symphonic metal', 'metal'","'Power metal', 'symphonic metal', 'metal'",117.0,0.2736,1.0394,bright,Universe on Fire Gloryhammer,2025/11/30
Unlimited Sin,Beast In Black,From Hell With Love,53.0,2019-02-08,2019,5,"'Power metal', 'heavy metal', '2010s', 'metal-best'","'Power metal', 'heavy metal'",115.0,0.2484,1.1145,bright,Unlimited Sin Beast In Black,2025/11/30
Unstoppable,Sia,This Is Acting,81.0,2016-10-21,2016,7,"'powerful', 'electropop', 'pop', 'female vocalists', 'australian'","'electropop', 'pop'",117.0,0.1847,1.0611,neutral,Unstoppable Sia,2025/11/30
Until I Found You,Stephen Sanchez,Easy On My Eyes,81.0,2021-09-01,2021,2,"'folk', 'singer-songwriter', 'indie pop', 'folk pop', 'indie'",'indie pop',102.0,0.2512,0.9079,neutral,Until I Found You Stephen Sanchez,2025/11/30
Untraveled Road,Thousand Foot Krutch,Oxygen: Inhale,64.0,2014-08-26,2014,10,"'rock', 'christian rock', 'alternative', 'alternative rock', 'hard rock'","'rock', 'christian rock', 'alternative', 'alternative rock', 'hard rock'",125.0,0.2032,1.1557,energetic,Untraveled Road Thousand Foot Krutch,2025/11/30
Unwritten,Natasha Bedingfield,Unwritten,90.0,2004-08-30,2004,20,"'pop', 'female vocalists', 'british', 'singer-songwriter', 'female'",'pop',100.0,0.1474,1.2652,bright,Unwritten Natasha Bedingfield,2025/11/30
Uprising,Muse,The Resistance,80.0,2009-09-10,2009,14,"'alternative rock', 'rock', 'alternative', 'british', 'Muse'","'alternative rock', 'rock', 'alternative'",128.0,0.266,1.0677,energetic,Uprising Muse,2025/11/30
Upside Down (Radio Edit),Wolfgang Lohr,Upside Down (Electro Swing),30.0,2018-07-06,2018,6,,,125.0,0.24,1.2714,energetic,Upside Down (Radio Edit) Wolfgang Lohr,2025/11/30
VEM FAN E DU?,Hooja,VEM FAN E DU?,61.0,2024-03-22,2024,0,"'pop', 'fav', 'Pepp', '2024'",'pop',148.0,0.1724,1.1454,energetic,VEM FAN E DU? Hooja,2025/11/30
Vabbè ciao - Speed Up Version,Alfa,Vabbè ciao,29.0,2024-06-14,2024,0,,,115.0,0.2703,1.4958,bright,Vabbè ciao - Speed Up Version Alfa,2025/11/30
Vai!,Alfa,Vai!,68.0,2024-02-16,2024,0,"'instrumental', 'spoken', 'loud', 'Moderate', 'groovy'",'instrumental',117.0,0.3242,1.2439,bright,Vai! Alfa,2025/11/30
Valse romantique - From 'La Terre de la grande promesse',Wojciech Kilar,A Collection of His Work,26.0,1992-04-13,1992,32,"'Soundtrack', 'Classical', 'instrumental', 'polish', 'composer'","'Soundtrack', 'Classical', 'instrumental'",125.0,0.063,0.7372,energetic,Valse romantique - From 'La Terre de la grande promesse' Wojciech Kilar,2025/11/30
Value,Ado,Value,58.0,2024-07-09,2024,0,"'j-pop', 'utaite'",'j-pop',106.0,0.2435,1.1298,neutral,Value Ado,2025/11/30
Verrückt,Eisbrecher,Die Hölle muss warten,56.0,2012-02-06,2012,12,"'industrial metal', 'industrial', 'neue deutsche härte', 'rock', 'german'","'industrial metal', 'industrial', 'neue deutsche härte', 'rock'",148.0,0.0935,1.0332,energetic,Verrückt Eisbrecher,2025/11/30
"Viens, viens",Marie Laforêt,Marie,39.0,2020-03-19,2020,3,"'french', 'female vocalists', 'chanson francaise', 'ye-ye', 'french 60s'",,108.0,0.0902,1.0549,bright,"Viens, viens Marie Laforêt",2025/11/30
Virtual Insanity - Remastered 2006,Jamiroquai,High Times: Singles 1992-2006 (Remastered),74.0,2005-01-01,2005,18,"'funk', 'acid jazz', 'electronic', 'dance', 'pop'","'funk', 'acid jazz', 'electronic', 'pop'",92.0,0.2088,1.1145,neutral,Virtual Insanity - Remastered 2006 Jamiroquai,2025/11/30
Viva La Vida,Coldplay,Viva La Vida or Death and All His Friends,90.0,2008-06-06,2008,15,"'Coldplay', 'alternative', 'rock', 'alternative rock', 'viva la vida'","'alternative', 'rock', 'alternative rock'",137.0,0.0669,0.9907,energetic,Viva La Vida Coldplay,2025/11/30
WITHOUT YOU,The Kid LAROI,F*CK LOVE (SAVAGE),82.0,2017-08-10,2017,7,"'rap', 'emo rap', 'Hip-Hop', 'australian', 'pop'","'rap', 'Hip-Hop', 'pop'",122.0,0.1915,0.911,energetic,WITHOUT YOU The Kid LAROI,2025/11/30
Wait a Minute!,WILLOW,ARDIPITHECUS,81.0,2015-01-11,2015,9,"'post-rock', 'pop', 'rnb', 'alternative', 'female vocalists'","'pop', 'alternative'",100.0,0.2384,1.2006,neutral,Wait a Minute! WILLOW,2025/11/30
Walpurgisnacht,Faun,Luna,52.0,2014-01-01,2014,10,"'folk', 'german', 'female vocalists', 'Mittelalter', 'pagan folk'",,108.0,0.2146,1.076,neutral,Walpurgisnacht Faun,2025/11/30
Wannabe,Spice Girls,Spice,83.0,1996-01-01,1996,28,"'pop', '90s', 'dance', 'Spice Girls', 'female vocalists'",'pop',110.0,0.155,1.1759,bright,Wannabe Spice Girls,2025/11/30
Water,Tyla,Water,78.0,2022-05-31,2022,2,"'rnb', 'pop', 'amapiano', 'rock', 'south africa'","'pop', 'rock', 'south africa'",117.0,0.2817,1.2314,neutral,Water Tyla,2025/11/30
Watermelon Sugar,Harry Styles,Fine Line,86.0,2019-12-13,2019,4,"'pop', 'seen live', 'rock', 'pop rock', 'alternative'","'pop', 'rock', 'alternative'",128.0,0.2386,0.9936,energetic,Watermelon Sugar Harry Styles,2025/11/30
Ways to live forever,Mimi,Ways to live forever,22.0,2024-03-01,2024,0,"'female vocalists', 'pop', 'spanish', 'electronic', 'alternative'","'pop', 'electronic', 'alternative'",141.0,0.05,0.804,neutral,Ways to live forever Mimi,2025/11/30
We Are The Helldivers,Jonathan Young,We Are The Helldivers,47.0,2024-04-10,2024,0,,,128.0,0.2783,1.1286,energetic,We Are The Helldivers Jonathan Young,2025/11/30
We Will Rock You - Remastered 2011,Queen,News Of The World (2011 Remaster),80.0,1977-10-28,1977,47,"'rock', 'classic rock', 'hard rock', 'glam rock', 'pop'","'rock', 'hard rock', 'glam rock', 'pop'",156.0,0.1296,1.1288,energetic,We Will Rock You - Remastered 2011 Queen,2025/11/30
Weather With You,Crowded House,Woodface,74.0,1991-06-24,1991,33,"'rock', 'pop', '80s', 'australian', 'New Zealand'","'rock', 'pop'",94.0,0.0787,1.0999,neutral,Weather With You Crowded House,2025/11/30
Weekend (feat. Emelie Cyréus),LIZOT,Weekend (feat. Emelie Cyréus),58.0,2020-03-27,2020,3,"'german', 'EDM', 'electronic', 'techno', 'House'","'electronic', 'techno', 'House'",125.0,0.2189,1.1532,energetic,Weekend (feat. Emelie Cyréus) LIZOT,2025/11/30
Werben,ASP,Aus der Tiefe,46.0,2018-03-30,2018,6,"'Gothic', 'darkwave', 'german', 'Gothic Rock', 'deutsch'",,120.0,0.2702,1.0922,neutral,Werben ASP,2025/11/30
What A Man Gotta Do,Jonas Brothers,What A Man Gotta Do,74.0,2020-01-17,2020,3,"'pop', 'pop rock', 'Disney', 'rock', 'pop punk'","'pop', 'Disney', 'rock', 'pop punk'",112.0,0.2401,1.3534,bright,What A Man Gotta Do Jonas Brothers,2025/11/30
What About Us,P!nk,Beautiful Trauma,77.0,2017-10-13,2017,6,"'pop', '2017', 'best of 2017', 'female vocalists', 'club'",'pop',115.0,0.1976,1.0238,neutral,What About Us P!nk,2025/11/30
What Else Is There?,Röyksopp,The Understanding,61.0,2005-06-22,2005,19,"'electronic', 'chillout', 'electronica', 'norwegian', 'ambient'","'electronic', 'electronica', 'ambient'",115.0,0.0474,1.0892,neutral,What Else Is There? Röyksopp,2025/11/30
What U Want,Mark Mendy,What U Want,67.0,2013-10-21,2013,11,,,137.0,0.247,1.1623,energetic,What U Want Mark Mendy,2025/11/30
What Was I Made For? [From The Motion Picture Barbie],Billie Eilish,What Was I Made For? [From The Motion Picture Barbie],88.0,2023-07-13,2023,1,"'pop', 'indie pop', 'seen live', 'electropop', 'indie'","'pop', 'indie pop', 'electropop'",115.0,0.1006,0.802,neutral,What Was I Made For? [From The Motion Picture Barbie] Billie Eilish,2025/11/30
Whatever It Takes,Hollywood Undead,Five,59.0,2017-10-27,2017,7,"'Nu Metal', 'rock', 'alternative', 'alternative rock', 'hardcore'","'Nu Metal', 'rock', 'alternative', 'alternative rock', 'hardcore'",117.0,0.3171,1.2679,bright,Whatever It Takes Hollywood Undead,2025/11/30
Whatever She Wants,Bryson Tiller,Whatever She Wants,81.0,2024-02-13,2024,0,"'rnb', 'Hip-Hop', 'trap', 'rap', 'soul'","'Hip-Hop', 'trap', 'rap', 'soul'",95.0,0.2168,1.2367,bright,Whatever She Wants Bryson Tiller,2025/11/30
When I Get There,P!nk,TRUSTFALL,61.0,2023-02-17,2023,0,"'2023', 'pop', 'Ballad', '2020s'",'pop',115.0,0.1619,1.018,bright,When I Get There P!nk,2025/11/30
Where Are You Now,Lost Frequencies,All Stand Together,79.0,2023-11-10,2023,0,"'electronic', 'deep house', 'dance', 'House', 'belgian'","'electronic', 'deep house', 'House'",120.0,0.2224,1.1372,neutral,Where Are You Now Lost Frequencies,2025/11/30
Where Shadows Hold Sway,William Hut,Eternal Hope,10.0,2024-02-09,2024,0,"'seen live', 'singer-songwriter', 'norwegian', 'pop', 'alternative'","'pop', 'alternative'",94.0,0.2086,0.9892,neutral,Where Shadows Hold Sway William Hut,2025/11/30
Where The Lights Are Low,Toby Romeo,Where The Lights Are Low,62.0,2021-01-22,2021,3,"'C', 'House', 'electro house', 'tech house', 'deep house'","'House', 'electro house', 'tech house', 'deep house'",125.0,0.2577,1.2116,energetic,Where The Lights Are Low Toby Romeo,2025/11/30
While My Guitar Gently Weeps,Regina Spektor,Kubo and the Two Strings (Original Motion Picture Soundtrack),48.0,2016-08-05,2016,8,"'cover', 'rock', 'alternative', 'folk', 'C'","'rock', 'alternative'",112.0,0.1078,0.9687,neutral,While My Guitar Gently Weeps Regina Spektor,2025/11/30
While We Serve,Orbit Culture,The Forgotten,53.0,2023-12-01,2023,1,,,104.0,0.3375,1.0822,neutral,While We Serve Orbit Culture,2025/11/30
While We Sleep,Insomnium,Shadows of the Dying Sun,50.0,2014-04-29,2014,10,"'Melodic Death Metal', 'metal', 'epic', 'death metal', 'Progressive metal'","'metal', 'death metal', 'Progressive metal'",112.0,0.2378,1.0001,neutral,While We Sleep Insomnium,2025/11/30
Whispers,Alien Weaponry,Tū,27.0,2018-06-01,2018,6,,,122.0,0.2378,1.0879,energetic,Whispers Alien Weaponry,2025/11/30
Who,Jimin,MUSE,72.0,2005-01-27,2005,19,"'k-pop', 'jimin', 'Korean', 'bot', 'bot scrobble'",'k-pop',117.0,0.2511,1.1118,bright,Who Jimin,2025/11/30
Who Knew - Edit,P!nk,I'm Not Dead,80.0,2006-04-04,2006,17,,,141.0,0.1441,1.1193,energetic,Who Knew - Edit P!nk,2025/11/30
Who's Your Daddy,UTP,"Sex, Money, And Drug",40.0,2006-02-22,2006,18,"'Dirty South', 'hip hop', 'rap', 'bad ass', 'Hip-Hop'","'Dirty South', 'rap', 'Hip-Hop'",117.0,0.3261,1.2585,bright,Who's Your Daddy UTP,2025/11/30
Whole Lotta Love - 1990 Remaster,Led Zeppelin,Led Zeppelin II (1994 Remaster),78.0,1969-10-22,1969,55,"'hard rock', 'Progressive rock', 'mistagged', 'proto-metal', 'MySpotigramBot'","'hard rock', 'Progressive rock'",120.0,0.1052,1.1451,bright,Whole Lotta Love - 1990 Remaster Led Zeppelin,2025/11/30
Wild Ones (feat. Jelly Roll),Jessie Murph,Wild Ones (feat. Jelly Roll),75.0,2024-09-06,2024,0,"'pop', 'indie pop', 'USA', 'indie', 'country'","'pop', 'indie pop', 'country'",137.0,0.248,1.0935,energetic,Wild Ones (feat. Jelly Roll) Jessie Murph,2025/11/30
Wild Side,Cross My Heart Hope To Die,Cross My Heart Hope To Die,72.0,1987-05-15,1987,37,"'trip-hop', 'downtempo', 'electronic', 'electronica', 'alternative rock'","'trip-hop', 'downtempo', 'electronic', 'electronica', 'alternative rock'",148.0,0.282,1.0473,energetic,Wild Side Cross My Heart Hope To Die,2025/11/30
Wildfires,SAULT,Untitled (Black Is),75.0,2020-06-19,2020,4,"'soul', 'rnb', 'Neo-Soul', 'indie', 'pop'","'soul', 'Neo-Soul', 'pop'",117.0,0.2443,1.2125,neutral,Wildfires SAULT,2025/11/30
Wish You Were Here,Incubus,Morning View,77.0,2001-10-23,2001,23,"'alternative rock', 'rock', 'alternative', 'incubus', 'Love'","'alternative rock', 'rock', 'alternative'",112.0,0.1582,0.981,neutral,Wish You Were Here Incubus,2025/11/30
Wochenend Und Sonnenschein (Electro Swing),Wolfgang Lohr,Wochenend Und Sonnenschein (Electro Swing),26.0,2018-09-07,2018,6,,,125.0,0.2831,1.2559,energetic,Wochenend Und Sonnenschein (Electro Swing) Wolfgang Lohr,2025/11/30
Woda Księżycowa,Kubi Producent,Woda Księżycowa,65.0,2024-03-22,2024,0,"'polish', 'poland', 'Hip-Hop', 'producer', 'trap'","'Hip-Hop', 'trap'",137.0,0.2326,1.1732,energetic,Woda Księżycowa Kubi Producent,2025/11/30
Wodymidaj,Kwiat Jabłoni,Niemożliwe,49.0,2019-02-01,2019,4,"'seen live', 'folk', 'polish', 'indie', 'pop'",'pop',110.0,0.1295,1.053,neutral,Wodymidaj Kwiat Jabłoni,2025/11/30
Wojenka,Lao Che,Dzieciom,51.0,2015-03-12,2015,9,"'polish', 'electronic', 'rock', 'alternative', 'alternative rock'","'electronic', 'rock', 'alternative', 'alternative rock'",95.0,0.172,1.4357,bright,Wojenka Lao Che,2025/11/30
Wolne duchy,Męskie Granie Orkiestra,"Wolne duchy (feat. Daria Zawiałow, Mrozu & Kacperczyk)",59.0,2024-06-11,2024,0,"'seen live', 'polish', 'rock', 'alternative rock', 'polish rock'","'rock', 'alternative rock'",144.0,0.2033,1.1998,energetic,Wolne duchy Męskie Granie Orkiestra,2025/11/30
Woman,Doja Cat,Planet Her,85.0,2021-06-25,2021,3,"'pop', 'rnb', 'rap', 'Hip-Hop', 'hip hop'","'pop', 'rap', 'Hip-Hop'",108.0,0.2567,1.4543,neutral,Woman Doja Cat,2025/11/30
Wonder,Shawn Mendes,Wonder,79.0,1995-10-02,1995,28,"'pop', 'Canadian', 'seen live', 'folk', 'acoustic'",'pop',137.0,0.1234,1.0213,energetic,Wonder Shawn Mendes,2025/11/30
Wonderboy,Tenacious D,Tenacious D,56.0,2001-09-25,2001,23,"'rock', 'comedy', 'funny', 'tenacious d', 'alternative'","'rock', 'comedy', 'alternative'",104.0,0.0653,0.9539,neutral,Wonderboy Tenacious D,2025/11/30
Wonders (feat. Rakim),Michael Patrick Kelly,B.O.A.T.S (Extended Edition),54.0,2022-11-11,2022,2,"'irish', 'seen live', 'singer-songwriter', 'kelly family', 'pop'",'pop',165.0,0.2498,1.1221,energetic,Wonders (feat. Rakim) Michael Patrick Kelly,2025/11/30
Wong Chia Chi's Theme,Alexandre Desplat,"Lust, Caution",30.0,2007-01-01,2007,16,"'Soundtrack', 'instrumental', 'Classical', 'composer', 'score'","'Soundtrack', 'instrumental', 'Classical'",125.0,0.1081,0.715,energetic,Wong Chia Chi's Theme Alexandre Desplat,2025/11/30
Wszystko OK?,Rubens,Wszystko OK?,45.0,2022-11-04,2022,2,"'polish', 'greatest polish hits', 'playlista rmf fm'",,99.0,0.1932,1.2111,neutral,Wszystko OK? Rubens,2025/11/30
Wszystko czego dziś chcę (Z serialu Rojst na Showmax),Brodka,Wszystko czego dziś chcę (Z serialu Rojst na Showmax),49.0,2018-07-26,2018,5,"'polish', 'pop', 'female vocalists', 'soul', 'seen live'","'pop', 'soul'",94.0,0.1224,1.2165,neutral,Wszystko czego dziś chcę (Z serialu Rojst na Showmax) Brodka,2025/11/30
"Wszystko mi mówi, że mnie ktoś pokochał",Skaldowie,Z kopyta kulig rwie (The best),50.0,2008-06-18,2008,15,"'polish', 'rock', 'party', 'Cheering up', 'polish rock'",'rock',141.0,0.1804,1.0999,energetic,"Wszystko mi mówi, że mnie ktoś pokochał Skaldowie",2025/11/30
Wzięli zamknęli mi klub,Kwiat Jabłoni,Niemożliwe,47.0,2019-02-01,2019,5,"'seen live', 'folk', 'polish', 'indie', 'pop'",'pop',125.0,0.1826,1.1528,energetic,Wzięli zamknęli mi klub Kwiat Jabłoni,2025/11/30
Włóczędzy,Jacek Kaczmarski,Wojna Postu Z Karnawalem,22.0,2002-09-07,2002,21,"'polish', 'poezja spiewana', 'poetry', 'bard', 'singer-songwriter'",,104.0,0.1067,1.0025,neutral,Włóczędzy Jacek Kaczmarski,2025/11/30
Y.M.C.A.,The Minions,Despicable Me 2 (Original Motion Picture Soundtrack),70.0,2013-06-18,2013,11,"'cover', 'funny', 'Best music ever'",,125.0,0.0897,1.0369,energetic,Y.M.C.A. The Minions,2025/11/30
Year Zero,Ghost,Infestissumam,63.0,2013-01-01,2013,11,"'heavy metal', 'doom metal', 'approximately 1000 times less pleasant than EXTREME ANAL CAVING', 'They look like serial prostitutes with fake dildos to scare little kids', 'hard rock'","'heavy metal', 'doom metal', 'hard rock'",122.0,0.138,1.0162,energetic,Year Zero Ghost,2025/11/30
Yellow,Coldplay,Parachutes,93.0,2000-07-10,2000,24,"'rock', 'alternative', 'britpop', 'alternative rock', 'indie'","'rock', 'alternative', 'britpop', 'alternative rock'",87.0,0.2376,0.9274,neutral,Yellow Coldplay,2025/11/30
Yggdrasil,Brothers of Metal,Yggdrasil,63.0,2017-04-01,2017,7,"'Power metal', 'heavy metal', 'viking metal', 'symphonic metal'","'Power metal', 'heavy metal', 'viking metal', 'symphonic metal'",87.0,0.1604,1.031,neutral,Yggdrasil Brothers of Metal,2025/11/30
You Don't Have To Say You Love Me,Dusty Springfield,Complete A And B Sides 1963 - 1970,51.0,2008,2008,15,"'soul', 'female vocalists', '60s', 'pop', 'oldies'","'soul', 'pop'",117.0,0.078,0.8469,neutral,You Don't Have To Say You Love Me Dusty Springfield,2025/11/30
You Don't Own Me,Lesley Gore,Lesley Gore Sings Of Mixed-Up Hearts,74.0,2016-07-01,2016,7,"'60s', 'pop', 'oldies', 'female vocalists', 'classic rock'",'pop',95.0,0.0812,1.0301,neutral,You Don't Own Me Lesley Gore,2025/11/30
You Make Me Feel Like Dancing,Leo Sayer,Endless Flight,65.0,1976,1976,47,"'pop', '70s', 'singer-songwriter', 'oldies', '80s'",'pop',94.0,0.1745,1.2361,bright,You Make Me Feel Like Dancing Leo Sayer,2025/11/30
You Proof,Morgan Wallen,You Proof,81.0,2023-03-03,2023,1,"'country', 'racist', 'country pop', 'the voice', 'contemporary country'","'country', 'country pop', 'contemporary country'",120.0,0.2192,1.1016,neutral,You Proof Morgan Wallen,2025/11/30
You Wish,Nightmares On Wax,In A Space Outta Sound,67.0,2006-02-20,2006,18,"'trip-hop', 'chillout', 'downtempo', 'electronic', 'lounge'","'trip-hop', 'downtempo', 'electronic', 'lounge'",104.0,0.1983,0.9532,neutral,You Wish Nightmares On Wax,2025/11/30
You and I,Papooz,Night Sketches,76.0,2023-05-26,2023,1,"'indie pop', 'french', 'pop', 'indie', 'france'","'indie pop', 'pop'",152.0,0.2187,1.0474,energetic,You and I Papooz,2025/11/30
You've Got a Friend in Me,Randy Newman,Toy Story (Original Motion Picture Soundtrack),73.0,1995-01-01,1995,28,"'Disney', 'Soundtrack', 'Toy Story', 'pixar', 'pop'","'Disney', 'Soundtrack', 'pop'",115.0,0.1416,1.062,neutral,You've Got a Friend in Me Randy Newman,2025/11/30
Z Tobą na chacie,Daria Zawiałow,Z Tobą na chacie,50.0,2023-10-20,2023,1,"'polish', 'electronic', 'pop', 'seen live', 'alternative'","'electronic', 'pop', 'alternative'",102.0,0.2061,1.2024,neutral,Z Tobą na chacie Daria Zawiałow,2025/11/30
Z imbirem,Kortez,Bumerang,56.0,2015-09-25,2015,9,"'polish', '2016 single'",,161.0,0.1713,1.0081,energetic,Z imbirem Kortez,2025/11/30
ZITTI E BUONI,Måneskin,Teatro d'ira - Vol. I,75.0,2021-03-19,2021,2,"'rock', 'glam rock', 'italian', 'seen live', 'alternative rock'","'rock', 'glam rock', 'alternative rock'",102.0,0.2962,1.0906,neutral,ZITTI E BUONI Måneskin,2025/11/30
Za krótki sen,Daria Zawiałow,Wojny i Noce,49.0,2021-06-11,2021,2,"'polish', 'electronic', 'pop', 'seen live', 'alternative'","'electronic', 'pop', 'alternative'",117.0,0.2038,1.0599,neutral,Za krótki sen Daria Zawiałow,2025/11/30
Zachody,Kaśka Sochacka,Ciche dni (Edycja Specjalna),43.0,2021-03-26,2021,3,'polish',,141.0,0.1974,0.9954,energetic,Zachody Kaśka Sochacka,2025/11/30
Zagrajmy,Wiktor Waligóra,Czekam na świt,42.0,2024-08-23,2024,0,"'polish', 'poland', 'polskie', 'cracow', 'krakow'",,161.0,0.2126,1.0753,energetic,Zagrajmy Wiktor Waligóra,2025/11/30
Zamki na piasku,Lady Pank,LP1,57.0,2003-01-01,2003,20,"'rock', 'polish', 'polish rock', '80s', 'classic rock'",'rock',89.0,0.1321,1.1993,bright,Zamki na piasku Lady Pank,2025/11/30
Zanjeero Se,Bloodywood,Rakshak,41.0,2022-02-18,2022,2,"'my top songs', 'folk metal', 'Nu Metal', 'groove metal'","'folk metal', 'Nu Metal', 'groove metal'",131.0,0.2594,1.0471,energetic,Zanjeero Se Bloodywood,2025/11/30
Zapach Pól,Żurkowski,KURZ,22.0,2022-02-11,2022,1,"'rock', 'polish', 'poland', 'polskie', 'piotr krasko w swojej mazurskiej posiadlosci'",'rock',115.0,0.253,1.0787,bright,Zapach Pól Żurkowski,2025/11/30
Zimno,Magda Kluz,Akweny,40.0,2020-09-18,2020,4,,,134.0,0.1741,0.8614,energetic,Zimno Magda Kluz,2025/11/30
Zimny Bóg,Pidżama Porno,PP,34.0,2023-11-17,2023,1,"'punk rock', 'polish', 'rock', 'alternative', 'punk'","'rock', 'alternative', 'punk'",100.0,0.2341,1.0702,bright,Zimny Bóg Pidżama Porno,2025/11/30
Zmiennicy,Żurkowski,KURZ,27.0,2022-02-11,2022,2,"'rock', 'polish', 'poland', 'polskie', 'piotr krasko w swojej mazurskiej posiadlosci'",'rock',137.0,0.2652,0.9613,energetic,Zmiennicy Żurkowski,2025/11/30
Zombie,Bad Wolves,Disobey,86.0,1994-10-03,1994,30,"'groove metal', 'alternative metal', 'metalcore', 'seen live', 'DJENT'","'groove metal', 'metalcore', 'DJENT'",152.0,0.2431,0.9242,energetic,Zombie Bad Wolves,2025/11/30
Zrobie z was mezczyzn,MacIej Moleda,Mulan (Muzyka z filmu),48.0,2003-01-01,2003,20,"'polish', 'poland', 'polskie'",,115.0,0.1866,1.1049,bright,Zrobie z was mezczyzn MacIej Moleda,2025/11/30
Zuka Zama,Bunga,The Lion Guard (Music from the TV Series),23.0,2016-10-28,2016,7,,,117.0,0.0366,1.2436,neutral,Zuka Zama Bunga,2025/11/30
"Zuzia, lalka nieduża",Sonia Jarema,Największe przeboje TVP ABC,40.0,2016-09-07,2016,7,,,170.0,0.3089,1.117,energetic,"Zuzia, lalka nieduża Sonia Jarema",2025/11/30
Zwiedzam Świat,Fisz Emade Tworzywo,Mamut,34.0,2014-11-06,2014,9,"'seen live', 'alternative', 'Hip-Hop', 'polish', 'experimental'","'alternative', 'Hip-Hop'",112.0,0.2575,1.2432,bright,Zwiedzam Świat Fisz Emade Tworzywo,2025/11/30
Złamane serce jest OK,Daria Zawiałow,Dziewczyna Pop,63.0,2023-10-20,2023,1,"'polish', 'electronic', 'pop', 'seen live', 'alternative'","'electronic', 'pop', 'alternative'",104.0,0.2457,1.2685,bright,Złamane serce jest OK Daria Zawiałow,2025/11/30
Złodziej zapalniczek,Pidżama Porno,Styropian (Reedycja),37.0,2016-04-01,2016,8,"'punk rock', 'Pidzama Porno', 'rock', 'polish', 'alternative'","'rock', 'alternative'",141.0,0.2862,1.1386,energetic,Złodziej zapalniczek Pidżama Porno,2025/11/30
a thousand years,Christina Perri,a thousand years,68.0,2011-11-04,2011,12,"'female vocalists', 'pop', 'singer-songwriter', 'indie', 'rock'","'pop', 'rock'",141.0,0.1104,0.855,energetic,a thousand years Christina Perri,2025/11/30
abcdefu,GAYLE,abcdefu,76.0,2021-08-13,2021,3,"'pop', 'female vocalists', 'USA', 'pop rock', 'seen live'",'pop',122.0,0.2176,1.13,energetic,abcdefu GAYLE,2025/11/30
act ii: date @ 8,4batz,act ii: date @ 8,73.0,2024-03-08,2024,0,"'rnb', 'rap', 'soul', 'Hip-Hop', 'hip hop'","'rap', 'soul', 'Hip-Hop'",137.0,0.2114,1.1423,energetic,act ii: date @ 8 4batz,2025/11/30
act ii: date @ 8 (feat. Drake) - remix,4batz,act ii: date @ 8 (feat. Drake) [remix],73.0,2024-03-08,2024,0,"'rnb', 'rap', 'soul', 'Hip-Hop', 'hip hop'","'rap', 'soul', 'Hip-Hop'",137.0,0.2114,1.1423,energetic,act ii: date @ 8 (feat. Drake) - remix 4batz,2025/11/30
all-american bitch,Olivia Rodrigo,GUTS,78.0,2023-09-08,2023,1,"'pop', 'pop rock', 'seen live', 'rock', 'indie pop'","'pop', 'rock', 'indie pop'",104.0,0.2574,0.9871,bright,all-american bitch Olivia Rodrigo,2025/11/30
arms,Christina Perri,lovestrong.,70.0,2018-10-25,2018,5,"'female vocalists', 'pop', 'singer-songwriter', 'indie', 'rock'","'pop', 'rock'",144.0,0.2073,1.0038,energetic,arms Christina Perri,2025/11/30
august,Taylor Swift,folklore,83.0,1996-04-01,1996,27,"'country', 'pop', 'female vocalists', 'singer-songwriter', 'acoustic'","'country', 'pop'",120.0,0.0941,1.0065,neutral,august Taylor Swift,2025/11/30
bad guy,Billie Eilish,"WHEN WE ALL FALL ASLEEP, WHERE DO WE GO?",84.0,2019-03-29,2019,4,"'electropop', 'pop', 'dance-pop', 'indie pop', '2019'","'electropop', 'pop', 'dance-pop', 'indie pop'",134.0,0.1448,1.2836,energetic,bad guy Billie Eilish,2025/11/30
bad idea right?,Olivia Rodrigo,GUTS,82.0,2023-09-08,2023,1,"'pop', 'pop rock', 'seen live', 'rock', 'indie pop'","'pop', 'rock', 'indie pop'",131.0,0.2315,1.1744,energetic,bad idea right? Olivia Rodrigo,2025/11/30
ballad of a homeschooled girl,Olivia Rodrigo,GUTS,73.0,2023-09-08,2023,1,"'pop', 'pop rock', 'seen live', 'rock', 'indie pop'","'pop', 'rock', 'indie pop'",120.0,0.2936,1.0605,bright,ballad of a homeschooled girl Olivia Rodrigo,2025/11/30
bye,Ariana Grande,eternal sunshine,74.0,2000-03-21,2000,24,"'pop', 'rnb', 'female vocalists', 'Ariana Grande', 'american'",'pop',110.0,0.2697,1.0595,bright,bye Ariana Grande,2025/11/30
"było, minęło",sanah,Kaprysy,66.0,2024-06-13,2024,0,"'polish', 'electronic', 'indie pop', 'seen live', 'pop'","'electronic', 'indie pop', 'pop'",106.0,0.2389,1.2521,neutral,"było, minęło sanah",2025/11/30
che t'o dico a fa',Angelina Mango,poké melodrama,55.0,2024-05-31,2024,0,"'pop', 'italian'",'pop',110.0,0.2231,1.1592,neutral,che t'o dico a fa' Angelina Mango,2025/11/30
crossing field,LiSA,LANDSPACE,71.0,2013-10-30,2013,10,"'j-pop', 'Hip-Hop', 'japanese', 'k-pop', 'blackpink'","'j-pop', 'Hip-Hop', 'k-pop'",120.0,0.1779,1.0256,bright,crossing field LiSA,2025/11/30
diament,Zalia,diament,44.0,2022-09-09,2022,2,"'poland', 'polish', 'piotr krasko w swojej mazurskiej posiadlosci', 'indie', 'pop'",'pop',112.0,0.2585,1.1023,bright,diament Zalia,2025/11/30
distance,Christina Perri,lovestrong.,55.0,2020-04-08,2020,3,"'female vocalists', 'pop', 'singer-songwriter', 'indie', 'rock'","'pop', 'rock'",148.0,0.1817,0.8321,energetic,distance Christina Perri,2025/11/30
drivers license,Olivia Rodrigo,SOUR,87.0,2021-05-21,2021,2,"'pop', 'pop rock', 'seen live', 'rock', 'indie pop'","'pop', 'rock', 'indie pop'",144.0,0.1838,0.9419,energetic,drivers license Olivia Rodrigo,2025/11/30
edamame,bbno$,eat ya veggies,80.0,2021-10-08,2021,3,"'rap', 'Hip-Hop', 'hip hop', 'seen live', 'Canadian'","'rap', 'Hip-Hop'",106.0,0.2967,1.3553,bright,edamame bbno$,2025/11/30
etc. (na disco),sanah,Irenka,55.0,2021-05-06,2021,2,"'party', 'polish', 'greatest polish hits', 'playlista rmf fm'",,141.0,0.2378,1.1189,energetic,etc. (na disco) sanah,2025/11/30
exes,Tate McRae,THINK LATER,84.0,2023-12-08,2023,1,"'pop', 'seen live', 'Canadian', 'electronic', 'electropop'","'pop', 'electronic', 'electropop'",137.0,0.2519,1.2277,energetic,exes Tate McRae,2025/11/30
favorite,Isabel LaRosa,favorite,79.0,2024-03-29,2024,0,"'pop', 'hyperpop', 'electropop', 'female vocalists', 'USA'","'pop', 'electropop'",131.0,0.2692,1.167,energetic,favorite Isabel LaRosa,2025/11/30
feelslikeimfallinginlove - Single Version,Coldplay,feelslikeimfallinginlove,76.0,2024-06-21,2024,0,,,122.0,0.1289,0.9744,energetic,feelslikeimfallinginlove - Single Version Coldplay,2025/11/30
fukumean,Gunna,a Gift & a Curse,83.0,2023-06-16,2023,1,"'rap', 'trap', 'Hip-Hop', 'atlanta', 'hip hop'","'rap', 'trap', 'Hip-Hop'",131.0,0.2713,1.3725,energetic,fukumean Gunna,2025/11/30
get him back!,Olivia Rodrigo,GUTS,80.0,2023-09-08,2023,1,"'pop', 'pop rock', 'seen live', 'rock', 'indie pop'","'pop', 'rock', 'indie pop'",108.0,0.2319,1.1468,bright,get him back! Olivia Rodrigo,2025/11/30
golden hour,JVKE,this is what ____ feels like (Vol. 1-4),78.0,2022-10-03,2022,2,"'indie pop', 'indie', 'pop', 'alternative', 'USA'","'indie pop', 'pop', 'alternative'",125.0,0.2474,0.8378,energetic,golden hour JVKE,2025/11/30
good 4 u,Olivia Rodrigo,SOUR,85.0,2021-05-21,2021,3,"'pop', 'pop rock', 'seen live', 'rock', 'indie pop'","'pop', 'rock', 'indie pop'",110.0,0.1027,1.0953,neutral,good 4 u Olivia Rodrigo,2025/11/30
greedy,Tate McRae,THINK LATER,90.0,2023-09-15,2023,1,"'pop', 'seen live', 'Canadian', 'electronic', 'electropop'","'pop', 'electronic', 'electropop'",110.0,0.275,1.2016,bright,greedy Tate McRae,2025/11/30
hip hip hura!,sanah,Kaprysy,60.0,2024-06-13,2024,0,"'polish', 'electronic', 'indie pop', 'seen live', 'pop'","'electronic', 'indie pop', 'pop'",102.0,0.1088,1.0552,neutral,hip hip hura! sanah,2025/11/30
i like the way you kiss me,Artemas,i like the way you kiss me,85.0,2024-03-19,2024,0,"'coldwave', 'post-punk', 'synthpop', 'new wave', 'darkwave'","'coldwave', 'synthpop', 'new wave'",152.0,0.3077,1.1512,energetic,i like the way you kiss me Artemas,2025/11/30
i wish i hated you,Ariana Grande,eternal sunshine,72.0,2024-03-08,2024,0,"'pop', 'rnb', 'female vocalists', 'Ariana Grande', 'american'",'pop',131.0,0.2273,0.9618,energetic,i wish i hated you Ariana Grande,2025/11/30
imperfect for you,Ariana Grande,eternal sunshine,72.0,2024-03-08,2024,0,"'pop', 'rnb', 'female vocalists', 'Ariana Grande', 'american'",'pop',148.0,0.2818,1.0669,energetic,imperfect for you Ariana Grande,2025/11/30
kolońska i szlugi,sanah,Irenka (FINAL Edition),51.0,2021-10-28,2021,2,"'electropop', 'pop', 'polish', 'greatest polish hits', 'playlista rmf fm'","'electropop', 'pop'",102.0,0.2602,1.0419,neutral,kolońska i szlugi sanah,2025/11/30
la noia,Angelina Mango,la noia,64.0,2024-02-07,2024,0,"'pop', 'urban', 'italian', 'dance pop', 'electropop'","'pop', 'dance pop', 'electropop'",112.0,0.141,1.1904,neutral,la noia Angelina Mango,2025/11/30
lacy,Olivia Rodrigo,GUTS,82.0,2023-09-08,2023,1,"'pop', 'pop rock', 'seen live', 'rock', 'indie pop'","'pop', 'rock', 'indie pop'",104.0,0.2035,0.9851,neutral,lacy Olivia Rodrigo,2025/11/30
letting you go - demo,CLAY,holy silence 'fore the spring (deluxe),34.0,2022-12-09,2022,1,"'metal', 'metalcore', 'pop', 'alternative metal', 'indie'","'metal', 'metalcore', 'pop'",131.0,0.179,0.9247,energetic,letting you go - demo CLAY,2025/11/30
logical,Olivia Rodrigo,GUTS,74.0,2023-09-08,2023,1,"'pop', 'pop rock', 'seen live', 'rock', 'indie pop'","'pop', 'rock', 'indie pop'",112.0,0.1516,0.9668,neutral,logical Olivia Rodrigo,2025/11/30
love is embarrassing,Olivia Rodrigo,GUTS,77.0,2023-09-08,2023,1,"'pop', 'pop rock', 'seen live', 'rock', 'indie pop'","'pop', 'rock', 'indie pop'",106.0,0.306,1.1685,bright,love is embarrassing Olivia Rodrigo,2025/11/30
love nwantiti (ah ah ah),CKay,CKay The First,78.0,2019-08-30,2019,5,"'rnb', 'afrobeat', 'nigerian', 'nigeria', 'african'",,125.0,0.2481,1.2247,energetic,love nwantiti (ah ah ah) CKay,2025/11/30
making the bed,Olivia Rodrigo,GUTS,76.0,2023-09-08,2023,1,"'pop', 'pop rock', 'seen live', 'rock', 'indie pop'","'pop', 'rock', 'indie pop'",134.0,0.21,1.004,energetic,making the bed Olivia Rodrigo,2025/11/30
melodrama,Angelina Mango,poké melodrama,52.0,2024-05-24,2024,0,"'pop', 'urban', 'italian', 'dance pop', 'electropop'","'pop', 'dance pop', 'electropop'",122.0,0.227,1.2722,energetic,melodrama Angelina Mango,2025/11/30
najlepszy dzień w moim życiu,sanah,najlepszy dzień w moim życiu,53.0,2022-12-01,2022,1,,,144.0,0.154,0.9288,energetic,najlepszy dzień w moim życiu sanah,2025/11/30
neonowe laczki,bryska,jestem bryska (mini album),31.0,2021-11-12,2021,3,"'polish', 'pop', 'indie pop', 'indie', 'female vocalists'","'pop', 'indie pop'",110.0,0.2731,1.3454,neutral,neonowe laczki bryska,2025/11/30
niepoprawny numer,Julia Pośnik,niepoprawny numer,53.0,2024-04-11,2024,0,"'booba', 'milkers', 'polish', 'Tik Tok', 'piotr krasko w swojej mazurskiej posiadlosci'",,148.0,0.2995,1.218,energetic,niepoprawny numer Julia Pośnik,2025/11/30
och i ach,Sylwia Grzeszczak,och i ach,65.0,2024-05-17,2024,0,"'pop', 'polish', 'female vocalists', 'alternative', 'seen live'","'pop', 'alternative'",,0.2633,1.097,unknown,och i ach Sylwia Grzeszczak,2025/11/30
ordinary things (feat. Nonna),Ariana Grande,eternal sunshine,72.0,2025-03-28,2025,0,"'pop', 'rnb', 'female vocalists', 'Ariana Grande', 'american'",'pop',115.0,0.2241,1.089,neutral,ordinary things (feat. Nonna) Ariana Grande,2025/11/30
ostatnia nadzieja,sanah,UCZTA,49.0,2022-04-14,2022,1,"'polish', 'electronic', 'indie pop', 'seen live', 'pop'","'electronic', 'indie pop', 'pop'",106.0,0.2116,1.1055,neutral,ostatnia nadzieja sanah,2025/11/30
redrum,21 Savage,american dream,84.0,2024-01-12,2024,0,"'trap', 'Hip-Hop', 'rap', 'hip hop', 'atlanta'","'trap', 'Hip-Hop', 'rap'",115.0,0.1864,1.3175,neutral,redrum 21 Savage,2025/11/30
skanah,sanah,skanah,38.0,2023-08-07,2023,0,,,110.0,0.1246,1.136,bright,skanah sanah,2025/11/30
taki mały ja,kuqe 2115,taki mały ja,67.0,2024-08-23,2024,0,"'pop', 'rap', 'polish', 'pop rap', 'poland'","'pop', 'rap', 'pop rap'",128.0,0.1968,1.2088,energetic,taki mały ja kuqe 2115,2025/11/30
ten Stan,sanah,Irenka,56.0,2021-05-06,2021,2,"'polish', 'greatest polish hits', 'playlista rmf fm'",,112.0,0.1659,1.014,neutral,ten Stan sanah,2025/11/30
the grudge,Olivia Rodrigo,GUTS,78.0,2023-09-08,2023,1,"'pop', 'pop rock', 'seen live', 'rock', 'indie pop'","'pop', 'rock', 'indie pop'",131.0,0.1709,1.0148,energetic,the grudge Olivia Rodrigo,2025/11/30
uguale a me (feat. Marco Mengoni),Angelina Mango,poké melodrama,46.0,2024-05-31,2024,0,,,141.0,0.2363,1.072,energetic,uguale a me (feat. Marco Mengoni) Angelina Mango,2025/11/30
unravel,Ado,Ado's Utattemita Album,60.0,2023-12-13,2023,1,"'cover', 'post-hardcore', 'J-rock'",'J-rock',134.0,0.288,1.0658,energetic,unravel Ado,2025/11/30
vampire,Olivia Rodrigo,GUTS,87.0,2023-09-08,2023,1,"'pop', 'pop rock', 'seen live', 'rock', 'indie pop'","'pop', 'rock', 'indie pop'",137.0,0.1732,1.0298,energetic,vampire Olivia Rodrigo,2025/11/30
we can't be friends (wait for your love),Ariana Grande,eternal sunshine,89.0,2024-03-08,2024,0,"'pop', 'rnb', 'female vocalists', 'Ariana Grande', 'american'",'pop',117.0,0.1651,1.0706,neutral,we can't be friends (wait for your love) Ariana Grande,2025/11/30
"yes, and? (with Mariah Carey) - Remix",Ariana Grande,"yes, and?",49.0,2024-02-16,2024,0,"'pop', 'rnb', 'female vocalists', 'Ariana Grande', 'american'",'pop',120.0,0.2515,1.171,bright,"yes, and? (with Mariah Carey) - Remix Ariana Grande",2025/11/30
you broke me first,Tate McRae,you broke me first,86.0,2021-03-26,2021,2,"'pop', 'seen live', 'Canadian', 'electronic', 'electropop'","'pop', 'electronic', 'electropop'",125.0,0.1866,1.0218,energetic,you broke me first Tate McRae,2025/11/30
¿Porqué te vas?,Jeanette,Porque Te Vas,77.0,2011-03-11,2011,13,"'pop', 'spanish', 'female vocalists', 'german', 'pop rock'",'pop',170.0,0.2018,1.1347,energetic,¿Porqué te vas? Jeanette,2025/11/30
Òlavur Riddarós,Valravn,Valravn,8.0,2007-06-08,2007,17,,,161.0,0.2204,1.3189,energetic,Òlavur Riddarós Valravn,2025/11/30
Śnieżna kulka,Alicja Janosz Dzieciom,Alicja Janosz Dzieciom,6.0,2020-03-29,2020,4,,,112.0,0.1356,1.0307,neutral,Śnieżna kulka Alicja Janosz Dzieciom,2025/11/30
Śpiewaj tak jak on,Sonia Jarema,Piosenki Krystyny Kwiatkowskiej,20.0,2018-01-01,2018,5,,,165.0,0.1672,1.1534,energetic,Śpiewaj tak jak on Sonia Jarema,2025/11/30
Świecę we wszystkich kierunkach,KARAŚ/ROGUCKI,Ostatni Bastion Romantyzmu,38.0,2020-02-14,2020,3,,,128.0,0.2236,1.0101,energetic,Świecę we wszystkich kierunkach KARAŚ/ROGUCKI,2025/11/30
"Świt (feat. Daria Zawiałow, KROL & Igo)",Męskie Granie Orkiestra,Męskie Granie 2020,43.0,2020-12-04,2020,3,"'seen live', 'polish', 'rock', 'alternative rock', 'polish rock'","'rock', 'alternative rock'",106.0,0.2757,1.1303,bright,"Świt (feat. Daria Zawiałow, KROL & Igo) Męskie Granie Orkiestra",2025/11/30
"Świt (feat. Daria Zawiałow, Król & Igo)",Męskie Granie Orkiestra,"Świt (feat. Daria Zawiałow, Król & Igo)",49.0,2020-07-01,2020,4,,,106.0,0.2757,1.1303,bright,"Świt (feat. Daria Zawiałow, Król & Igo) Męskie Granie Orkiestra",2025/11/30
Żurawie origami,Mela Koteluk,Migracje,46.0,2014-11-17,2014,10,"'polish', 'songs with animals in title', '2014 single', 'herrdz'",,100.0,0.2259,1.0598,neutral,Żurawie origami Mela Koteluk,2025/11/30
Медина,Jah Khalib,E.G.O.,59.0,2018-03-16,2018,6,,,88.0,0.1891,1.1137,neutral,Медина Jah Khalib,2025/11/30
朝が来る,Aimer,朝が来る,51.0,2022-01-10,2022,2,"'Soundtrack', 'anime', 'J-rock'","'Soundtrack', 'anime', 'J-rock'",110.0,0.219,0.9863,neutral,朝が来る Aimer,2025/11/30
22 godziny,Muchy,Szaroróżowe,28.0,2021-07-16,2021,4,"'polish', 'alternative', 'alternative rock', 'indie rock', 'indie'","'alternative', 'alternative rock', 'indie rock'",105.0,0.2279,1.0796,neutral,22 godziny Muchy,2025/11/30
Układ,Artur Rojek,Kundel,25.0,2020-03-13,2020,5,"'polish', 'alternative', 'alternative rock', 'rock', 'melancholic'","'alternative', 'alternative rock', 'rock'",123.0,0.2484,1.1153,energetic,Układ Artur Rojek,2025/11/30
Kamienie,Farben Lehre,Stacja wolność,25.0,2018-09-01,2018,7,"'punk rock', 'polish', 'punk', 'polish punk', 'rock'","'punk', 'rock'",94.0,0.194,1.1172,neutral,Kamienie Farben Lehre,2025/11/30
Dzieciak,Zenek Grabowski,Rezyliencja I - Tak 3mać!,39.0,2022-11-24,2022,3,'rock','rock',108.0,0.2615,1.0508,bright,Dzieciak Zenek Grabowski,2025/11/30
Słońce,Happysad,Podróże z i pod prąd,41.0,2005,2005,20,"'rock', 'polish', 'alternative', 'polish rock', 'punk rock'","'rock', 'alternative'",110.0,0.2221,0.9802,neutral,Słońce Happysad,2025/11/30
Syreny,Artur Rojek,Składam się z ciągłych powtórzeń,48.0,2014-04-04,2014,11,"'polish', 'alternative', 'alternative rock', 'rock', 'melancholic'","'alternative', 'alternative rock', 'rock'",120.0,0.237,0.9352,neutral,Syreny Artur Rojek,2025/11/30
Odrobinę więcej,Artur Rojek,Odrobinę więcej,32.0,2023-12-01,2023,2,"'polish', 'alternative', 'alternative rock', 'rock', 'melancholic'","'alternative', 'alternative rock', 'rock'",120.0,0.319,1.1851,neutral,Odrobinę więcej Artur Rojek,2025/11/30
Brzeg,Przebiśniegi,Letnie myśli,43.0,2024-06-14,2024,1,"'polish', 'indie', 'indie pop', 'alternative', 'indie rock'","'indie pop', 'alternative', 'indie rock'",108.0,0.1549,1.0711,neutral,Brzeg Przebiśniegi,2025/11/30
Pięknie płyniesz,Dawid Podsiadło,Pięknie płyniesz,61.0,2024-12-04,2024,1,"'polish', 'indie', 'folk', 'rock', 'pop'","'rock', 'pop'",152.0,0.3713,1.0659,energetic,Pięknie płyniesz Dawid Podsiadło,2025/11/30
Loteria,Hurrockaine,Amantes Amentes,23.0,2021-02-14,2021,4,"'metal', 'rock', 'huragan rock', 'Grunge', 'female fronted'","'metal', 'rock', 'Grunge'",136.0,0.3067,1.0745,energetic,Loteria Hurrockaine,2025/11/30
Wyspa,Transsexdisco,Surreal,34.0,2017-03-24,2017,8,"'rock', 'polish', 'punk', 'pop rock', 'mru'","'rock', 'punk'",140.0,0.2533,1.0506,energetic,Wyspa Transsexdisco,2025/11/30
W transie,Transsexdisco,Surreal,29.0,2017-03-24,2017,8,"'rock', 'polish', 'punk', 'pop rock', 'mru'","'rock', 'punk'",136.0,0.2528,0.9879,energetic,W transie Transsexdisco,2025/11/30
Fazy snu,WASABI,Fazy snu,1.0,2025-03-07,2025,0,"'emocore', 'alternative', 'female vocalists', 'russian alternative', 'emo'",'alternative',110.0,0.2481,1.0815,neutral,Fazy snu WASABI,2025/11/30
Nie znikam,Transsexdisco,Surreal,21.0,2017-03-24,2017,8,"'rock', 'polish', 'punk', 'pop rock', 'mru'","'rock', 'punk'",92.0,0.3537,1.0587,neutral,Nie znikam Transsexdisco,2025/11/30
Letnie myśli,Przebiśniegi,Letnie myśli,52.0,2024-06-14,2024,1,"'polish', 'indie', 'indie pop', 'alternative', 'indie rock'","'indie pop', 'alternative', 'indie rock'",129.0,0.1443,1.1497,energetic,Letnie myśli Przebiśniegi,2025/11/30
Piwnica u Dowgierdów,Żurkowski,Lipcowi,11.0,2022-07-01,2022,3,"'poland', 'rock', 'polskie', 'polish', 'piotr krasko w swojej mazurskiej posiadlosci'",'rock',129.0,0.2321,0.9906,energetic,Piwnica u Dowgierdów Żurkowski,2025/11/30
Lusterka,Sw@da,#INDAWOODS,36.0,2024-11-29,2024,1,"'electronic', 'polish', 'Belarusian', 'phonk', 'piotr krasko w swojej mazurskiej posiadlosci'",'electronic',115.0,0.3253,1.0515,neutral,Lusterka Sw@da,2025/11/30
Himalaje,Mela Koteluk,Himalaje,34.0,2025-03-14,2025,0,"'polish', 'indie', 'alternative', 'female vocalists', 'singer-songwriter'",'alternative',110.0,0.1513,1.0673,neutral,Himalaje Mela Koteluk,2025/11/30
Dziwna (feat. Artur Rojek),Daria Zawiałow,Dziwna (feat. Artur Rojek),59.0,2025-04-16,2025,0,"'pop', 'polish', 'alternative', 'indie pop', 'female vocalists'","'pop', 'alternative', 'indie pop'",161.0,0.1864,1.1064,energetic,Dziwna (feat. Artur Rojek) Daria Zawiałow,2025/11/30
Kontra,Power Of Trinity,Ultramagnetic,12.0,2018-09-07,2018,7,"'reggae', 'rock', 'polish', 'polish reggae', 'Raggacore'","'reggae', 'rock', 'Raggacore'",129.0,0.2574,1.0494,energetic,Kontra Power Of Trinity,2025/11/30
Gambino,Daria ze Śląska,Tu była,50.0,2023-04-21,2023,2,"'polish', 'pop', 'indie pop', 'alternative', 'silesia'","'pop', 'indie pop', 'alternative'",115.0,0.2267,1.179,neutral,Gambino Daria ze Śląska,2025/11/30
Dla Ciebie,Męskie Granie Orkiestra,Męskie Granie 2022,39.0,2022-11-25,2022,3,,,133.0,0.1437,0.9428,energetic,Dla Ciebie Męskie Granie Orkiestra,2025/11/30
Mała śmierć,Lordofon,Mała śmierć,44.0,2025-10-10,2025,0,"'indie', 'Hip-Hop', 'polish', 'hip hop', 'indie rock'","'Hip-Hop', 'indie rock'",117.0,0.1644,1.108,neutral,Mała śmierć Lordofon,2025/11/30
samoloty,Dawid Podsiadło,samoloty i nadprzestrzenie,61.0,2025-05-23,2025,0,"'polish', 'indie', 'folk', 'rock', 'pop'","'rock', 'pop'",126.0,0.2538,1.0308,energetic,samoloty Dawid Podsiadło,2025/11/30
"Nie mówię tak, nie mówię nie",Wiktor Dyduła,"Nie mówię tak, nie mówię nie",58.0,2025-03-18,2025,0,"'alternative', 'indie', 'indie rock', 'poland', 'polish'","'alternative', 'indie rock'",110.0,0.3277,1.1375,neutral,"Nie mówię tak, nie mówię nie Wiktor Dyduła",2025/11/30
Reprezentant,Transsexdisco,Surreal,24.0,2017-03-24,2017,8,"'rock', 'polish', 'punk', 'pop rock', 'mru'","'rock', 'punk'",91.0,0.2508,1.007,neutral,Reprezentant Transsexdisco,2025/11/30
Pryzmat,Hurrockaine,Amantes Amentes,26.0,2021-02-14,2021,4,"'metal', 'rock', 'huragan rock', 'Grunge', 'female fronted'","'metal', 'rock', 'Grunge'",140.0,0.2985,1.0985,energetic,Pryzmat Hurrockaine,2025/11/30
Poniedziałek,Power Of Trinity,Legorock,25.0,2014-09-08,2014,11,"'reggae', 'rock', 'polish', 'polish reggae', 'Raggacore'","'reggae', 'rock', 'Raggacore'",129.0,0.1976,1.0794,energetic,Poniedziałek Power Of Trinity,2025/11/30
Supernova,Hurrockaine,Amantes Amentes,22.0,2021-02-14,2021,4,"'metal', 'rock', 'huragan rock', 'Grunge', 'female fronted'","'metal', 'rock', 'Grunge'",126.0,0.3454,1.0073,energetic,Supernova Hurrockaine,2025/11/30
Aureola,Daria ze Śląska,Aureola,46.0,2025-07-04,2025,0,"'polish', 'pop', 'indie pop', 'alternative', 'silesia'","'pop', 'indie pop', 'alternative'",115.0,0.1457,1.2192,neutral,Aureola Daria ze Śląska,2025/11/30
Mimo wszystko - wersja radiowa,T.Love,Mimo wszystko,37.0,2025-08-07,2025,0,"'rock', 'polish', 'polish rock', 'alternative', 'alternative rock'","'rock', 'alternative', 'alternative rock'",161.0,0.201,1.1047,energetic,Mimo wszystko - wersja radiowa T.Love,2025/11/30
Piękny Świat,Gibbs,DOPEHOUSE MIXTAPE,60.0,2022-08-25,2022,3,,,120.0,0.2213,1.1584,neutral,Piękny Świat Gibbs,2025/11/30
Kalkuta nocą,Sw@da,Kalkuta Nocą,25.0,2025-08-28,2025,0,"'electronic', 'polish', 'Belarusian', 'phonk', 'piotr krasko w swojej mazurskiej posiadlosci'",'electronic',126.0,0.2783,1.1592,energetic,Kalkuta nocą Sw@da,2025/11/30
Ostatni,Gibbs,DOPEHOUSE MIXTAPE,58.0,2022-08-25,2022,3,,,101.0,0.2732,1.0541,neutral,Ostatni Gibbs,2025/11/30
Nastolatek,Krzysztof Zalewski,ZGŁOWY,39.0,2024-09-27,2024,1,"'polish', 'rock', 'alternative rock', 'hard rock', 'alternative'","'rock', 'alternative rock', 'hard rock', 'alternative'",105.0,0.2404,1.1223,neutral,Nastolatek Krzysztof Zalewski,2025/11/30
Pod powierzchnią,Jacko Brango,Pod powierzchnią,25.0,2025-03-13,2025,0,"'poland', 'polish', 'polskie'",,144.0,0.2179,1.016,energetic,Pod powierzchnią Jacko Brango,2025/11/30
Po blady świt,Wiktoria Kida,Po blady świt,55.0,2025-08-05,2025,0,,,123.0,0.2116,1.1439,energetic,Po blady świt Wiktoria Kida,2025/11/30
zanim spadnie deszcz,Kuban,zanim spadnie deszcz,58.0,2025-01-24,2025,0,"'rap', 'cloud rap', 'kuban', 'Hip-Hop', 'polish'","'rap', 'Hip-Hop'",117.0,0.2641,1.1245,neutral,zanim spadnie deszcz Kuban,2025/11/30
Wszystko,Błażej Król,Popiół,40.0,2025-09-26,2025,0,"'indietronica', 'synthpop', 'indie pop', 'polish', 'ambient pop'","'indietronica', 'synthpop', 'indie pop'",92.0,0.2315,1.0836,neutral,Wszystko Błażej Król,2025/11/30
Deszcz,Sosnowski,The Hand Luggage Studio (reedycja),23.0,2019-10-04,2019,6,"'Progressive', 'electronica', 'Progressive House', 'electronic', 'minimal'","'Progressive', 'electronica', 'Progressive House', 'electronic', 'minimal'",115.0,0.2397,1.004,neutral,Deszcz Sosnowski,2025/11/30
Mój Dom,Stach Bukowski,Mój Dom,29.0,2025-09-26,2025,0,"'rock', 'polish', 'indie'",'rock',120.0,0.2962,0.9978,neutral,Mój Dom Stach Bukowski,2025/11/30
mosty,Dawid Podsiadło,tylko haj.,55.0,2025-06-06,2025,0,"'polish', 'indie', 'folk', 'rock', 'pop'","'rock', 'pop'",99.0,0.1961,0.9634,neutral,mosty Dawid Podsiadło,2025/11/30
Koniec Lata - L.U.C. Remix,L.U.C.,Chłopi Remixed,32.0,2025-01-31,2025,0,,,110.0,0.1785,1.0894,neutral,Koniec Lata - L.U.C. Remix L.U.C.,2025/11/30
Burza,Kwiat Jabłoni,Burza,49.0,2024-10-17,2024,1,"'folk', 'polish', 'indie', 'pop', 'indie folk'","'pop', 'indie folk'",115.0,0.2265,1.1513,neutral,Burza Kwiat Jabłoni,2025/11/30
Cicho idę,Irmina Wolniak,Cicho idę,51.0,2025-10-21,2025,0,,,117.0,0.1393,1.0172,neutral,Cicho idę Irmina Wolniak,2025/11/30
Piołun,Szepty Starych Drzew,Piołun,41.0,2025-10-09,2025,0,,,148.0,0.1392,0.9692,energetic,Piołun Szepty Starych Drzew,2025/11/30
Trzy razy bardziej,Hania Kuzimowicz,Trzy razy bardziej,37.0,2025-11-21,2025,0,,,126.0,0.0541,1.0894,energetic,Trzy razy bardziej Hania Kuzimowicz,2025/11/30
Ushuaia,Jasiek Piwowarczyk,Ushuaia,43.0,2025-11-21,2025,0,,,98.0,0.0598,1.0967,bright,Ushuaia Jasiek Piwowarczyk,2025/11/30
Sexy doll,Kasia Lins,Obywatelka K.L.,49.0,2025-11-13,2025,0,"'jazz', 'folk', 'soul', 'alternative', 'polish'","'jazz', 'soul', 'alternative'",92.0,0.2177,0.9482,neutral,Sexy doll Kasia Lins,2025/11/30
Smalltalks,Kukon,YOGA EP,51.0,2025-10-31,2025,0,"'rap', 'Hip-Hop', 'polish hip-hop', 'polish', 'piekny syf'","'rap', 'Hip-Hop'",108.0,0.2973,1.0771,neutral,Smalltalks Kukon,2025/11/30
Mezzo Rotto (feat. BigMama),Alessandra Amoroso,Mezzo Rotto (feat. BigMama),57.0,2024-05-31,2024,1,"'soul', 'female vocalists', 'italian', 'pop', 'alternative'","'soul', 'pop', 'alternative'",126.0,0.286,1.2987,energetic,Mezzo Rotto (feat. BigMama) Alessandra Amoroso,2025/12/05
Cento Occhi,BigMama,Sangue,31.0,2024-03-08,2024,1,"'J-rock', 'japanese', 'emo', 'punk', 'rock'","'J-rock', 'punk', 'rock'",123.0,0.2835,1.2352,energetic,Cento Occhi BigMama,2025/12/05
Tarantella,Gabry Ponte,Tarantella,66.0,2024-03-29,2024,1,"'dance', 'Italodance', 'electronic', 'eurodance', 'italian'","'electronic', 'eurodance'",140.0,0.2574,1.2364,energetic,Tarantella Gabry Ponte,2025/12/05
Heavy Is the Crown,Linkin Park,From Zero (Deluxe Edition),78.0,2024-11-15,2024,1,"'Nu Metal', 'alternative rock', 'metal', 'alternative metal', 'rap rock'","'Nu Metal', 'alternative rock', 'metal'",129.0,0.2681,1.0346,energetic,Heavy Is the Crown Linkin Park,2025/12/05
Ma che Hit,BigMama,Ma che Hit,23.0,2023-02-24,2023,2,"'J-rock', 'japanese', 'emo', 'punk', 'rock'","'J-rock', 'punk', 'rock'",120.0,0.3009,1.5291,neutral,Ma che Hit BigMama,2025/12/05
Si mette male,Alessandra Amoroso,Si mette male,42.0,2025-06-13,2025,0,"'soul', 'female vocalists', 'italian', 'pop', 'alternative'","'soul', 'pop', 'alternative'",117.0,0.2823,1.3861,bright,Si mette male Alessandra Amoroso,2025/12/05
Ready For Your Love,Felix Jaehn,Ready For Your Love,52.0,2024-07-05,2024,1,"'House', 'electronic', 'german', 'dance', 'Melodic House'","'House', 'electronic'",129.0,0.2758,1.2051,energetic,Ready For Your Love Felix Jaehn,2025/12/05
Viento,Gabry Ponte,Viento,61.0,2024-06-14,2024,1,"'dance', 'Italodance', 'electronic', 'eurodance', 'italian'","'electronic', 'eurodance'",133.0,0.3011,1.1832,energetic,Viento Gabry Ponte,2025/12/05
King of the Jungle,SHANGUY,King of the Jungle,37.0,2018-06-15,2018,7,"'dance', 'french', 'italian', 'electronic', 'EDM'",'electronic',115.0,0.3092,1.3213,neutral,King of the Jungle SHANGUY,2025/12/05
Disease,Lady Gaga,Disease,73.0,2025-03-07,2025,0,"'pop', 'electropop', 'midtempo bass', 'futurepop', 'dance-pop'","'pop', 'electropop', 'futurepop', 'dance-pop'",101.0,0.2317,1.0814,bright,Disease Lady Gaga,2025/12/05
He's A Pirate (Save Me),Gabry Ponte,He's A Pirate (Save Me),63.0,2024-08-02,2024,1,"'dance', 'Italodance', 'electronic', 'eurodance', 'italian'","'electronic', 'eurodance'",144.0,0.3089,1.1381,energetic,He's A Pirate (Save Me) Gabry Ponte,2025/12/05
Outsiders,Franz Ferdinand,You Could Have It So Much Better,45.0,2005-10-03,2005,20,"'indie rock', 'indie', 'rock', 'alternative', 'britpop'","'indie rock', 'rock', 'alternative', 'britpop'",115.0,0.2675,1.2319,bright,Outsiders Franz Ferdinand,2025/12/05
MALAVITA,Coma_Cose,MALAVITA,52.0,2025-03-07,2025,0,"'italian', 'indie', 'pop', 'itpop', 'hip hop'",'pop',112.0,0.2589,1.2727,bright,MALAVITA Coma_Cose,2025/12/05
Khoye Yahaan (Official Sunburn Goa 2024 Anthem),KSHMR,Khoye Yahaan (Official Sunburn Goa 2024 Anthem),33.0,2024-10-31,2024,1,"'big room', 'House', 'american', 'electronic', 'big room house'","'House', 'electronic'",136.0,0.2727,1.1627,energetic,Khoye Yahaan (Official Sunburn Goa 2024 Anthem) KSHMR,2025/12/05
Siren Song,MARUV,Siren Song,43.0,2019-02-13,2019,6,"'pop', 'electronic', 'Ukrainian', 'Ukraine', 'dance'","'pop', 'electronic'",115.0,0.3007,1.1661,bright,Siren Song MARUV,2025/12/05
Cut the Bridge,Linkin Park,From Zero (Deluxe Edition),70.0,2024-11-15,2024,1,"'alternative rock', 'alternative metal', 'Nu Metal', 'metal', 'Grunge'","'alternative rock', 'Nu Metal', 'metal', 'Grunge'",152.0,0.3198,1.1554,energetic,Cut the Bridge Linkin Park,2025/12/05
Evil Eye,Franz Ferdinand,"Right Thoughts, Right Words, Right Action",56.0,2013-08-26,2013,12,"'indie rock', 'indie', 'rock', 'alternative', 'britpop'","'indie rock', 'rock', 'alternative', 'britpop'",,,,,Evil Eye Franz Ferdinand,2025/12/05
Drunk Groove,MARUV,Black Water,58.0,2018-09-28,2018,7,"'pop', 'electronic', 'Ukrainian', 'Ukraine', 'dance'","'pop', 'electronic'",112.0,0.1925,1.2783,bright,Drunk Groove MARUV,2025/12/05
Freaks,Timmy Trumpet,Freaks,73.0,2014-07-31,2014,11,"'House', 'electronic', 'electro house', 'australian', 'trumpet'","'House', 'electronic', 'electro house'",129.0,0.2319,1.2719,energetic,Freaks Timmy Trumpet,2025/12/05
Born Again (feat. Doja Cat & RAYE),LISA,Born Again (feat. Doja Cat & RAYE),79.0,2025-02-28,2025,0,"'Disco', 'edu e marco', 'raye', 'pop', 'doja cat'","'Disco', 'pop'",115.0,0.164,1.1873,bright,Born Again (feat. Doja Cat & RAYE) LISA,2025/12/05
Guantanamera (She's Hot),Pitbull,I Am Armando - Armando Reloaded,64.0,2010,2010,15,"'Hip-Hop', 'rap', 'Reggaeton', 'hip hop', 'Crunk'","'Hip-Hop', 'rap', 'Crunk'",120.0,0.1514,1.1591,neutral,Guantanamera (She's Hot) Pitbull,2025/12/05
UNHEALTHY (feat. Shania Twain),Anne-Marie,UNHEALTHY (Deluxe),59.0,2023-05-18,2023,2,"'pop', 'rnb', 'british', 'electronic', 'female vocalists'","'pop', 'electronic'",120.0,0.2539,1.0661,neutral,UNHEALTHY (feat. Shania Twain) Anne-Marie,2025/12/05
Focus On Me,MARUV,Black Water,39.0,2018-09-28,2018,7,"'pop', 'electronic', 'Ukrainian', 'Ukraine', 'dance'","'pop', 'electronic'",117.0,0.3236,1.2013,bright,Focus On Me MARUV,2025/12/05
Two Faced,Linkin Park,From Zero (Deluxe Edition),72.0,2024-11-15,2024,1,"'Nu Metal', 'alternative metal', 'rap metal', 'metal', 'american'","'Nu Metal', 'metal'",123.0,0.1271,1.0597,energetic,Two Faced Linkin Park,2025/12/05
The Dark Of The Matinée,Franz Ferdinand,Franz Ferdinand,61.0,2004-02-16,2004,21,"'indie rock', 'indie', 'rock', 'alternative', 'britpop'","'indie rock', 'rock', 'alternative', 'britpop'",115.0,0.1513,0.987,neutral,The Dark Of The Matinée Franz Ferdinand,2025/12/05
Hey Baby (Drop It to the Floor) (feat. T-Pain),Pitbull,Planet Pit (Deluxe Version),79.0,2011-06-17,2011,14,"'Hip-Hop', 'rap', 'Reggaeton', 'hip hop', 'Crunk'","'Hip-Hop', 'rap', 'Crunk'",129.0,0.0847,1.0658,energetic,Hey Baby (Drop It to the Floor) (feat. T-Pain) Pitbull,2025/12/05
Je m'en fous,RIDSA,Je m'en fous - Single,57.0,2016-04-15,2016,9,"'french', 'french hip-hop', 'male vocalists', 'rappers', '10s'",,123.0,0.048,1.1683,neutral,Je m'en fous RIDSA,2025/12/05
Ta fête,Stromae,racine carrée,60.0,2013-01-01,2013,12,"'electronic', 'dance', 'belgian', 'french', 'electronica'","'electronic', 'electronica'",129.0,0.1018,1.0568,energetic,Ta fête Stromae,2025/12/05
Nic na siłę,Transsexdisco,Surreal,26.0,2017-03-24,2017,8,"'rock', 'polish', 'punk', 'pop rock', 'mru'","'rock', 'punk'",98.0,0.3101,1.0561,neutral,Nic na siłę Transsexdisco,2025/12/05
Nothing Breaks Like a Heart - Spotify Singles,Damiano David,Nothing Breaks Like a Heart - Spotify Singles,66.0,2025-09-11,2025,0,"'pop', 'singer-songwriter', 'italian', 'rock', 'pop rock'","'pop', 'rock'",110.0,0.2694,0.9409,neutral,Nothing Breaks Like a Heart - Spotify Singles Damiano David,2025/12/05
Droga,Leniwiec,Droga,34.0,2011-04-18,2011,14,"'punk rock', 'ska', 'punk', 'polish', 'reggae'","'ska', 'punk', 'reggae'",85.0,0.2488,1.1453,bright,Droga Leniwiec,2025/12/05
Up From the Bottom,Linkin Park,Up From the Bottom,75.0,2025-05-16,2025,0,"'post-hardcore', 'rock', 'instrumental', 'groovy', 'electronic rock'","'rock', 'instrumental', 'electronic rock'",108.0,0.3258,1.0944,neutral,Up From the Bottom Linkin Park,2025/12/05
Na noże,Ania Leon,Czas się bać!,25.0,2024-10-31,2024,1,"'pop', 'polish', 'dark pop', 'female vocalists', 'Opener Festival'",'pop',120.0,0.2717,1.1002,neutral,Na noże Ania Leon,2025/12/05
Do It Again,Ray Dalton,Do It Again,55.0,2023-03-17,2023,2,"'soul', 'indie', 'alternative', 'rnb', 'USA'","'soul', 'alternative'",129.0,0.2917,1.1182,energetic,Do It Again Ray Dalton,2025/12/05
Fallen Leaves,Billy Talent,Billy Talent II,67.0,2006-06-23,2006,19,"'punk rock', 'rock', 'alternative rock', 'punk', 'alternative'","'rock', 'alternative rock', 'punk', 'alternative'",123.0,0.1434,1.0827,energetic,Fallen Leaves Billy Talent,2025/12/05
Get Up (Rattle) [feat. Far East Movement] - Vocal Edit,Bingo Players,Get Up (Rattle) [feat. Far East Movement],71.0,2012-12-08,2012,13,"'House', 'electronic', 'techno', 'dirty house', 'electro'","'House', 'electronic', 'techno', 'electro'",129.0,0.079,1.0755,energetic,Get Up (Rattle) [feat. Far East Movement] - Vocal Edit Bingo Players,2025/12/05
Wellerman - Sea Shanty,Nathan Evans,Wellerman - The Album,71.0,2021-01-21,2021,4,"'Scottish', 'folk', 'sea shanty', 'british', 'pop'",'pop',96.0,0.2209,1.2479,neutral,Wellerman - Sea Shanty Nathan Evans,2025/12/05
Introit (pieśń na wejście),Leniwiec,Rozpaczliwie Wolny - Piosenki Edwarda Stachury,28.0,2013-07-03,2013,12,"'punk rock', 'ska', 'punk', 'polish', 'reggae'","'ska', 'punk', 'reggae'",98.0,0.3016,1.0854,neutral,Introit (pieśń na wejście) Leniwiec,2025/12/05
Beautiful Madness,Michael Patrick Kelly,Beautiful Madness,51.0,2020-05-01,2020,5,"'irish', 'singer-songwriter', ' ', 'kelly family', 'mom pop'",,91.0,0.2437,1.1821,neutral,Beautiful Madness Michael Patrick Kelly,2025/12/05
Désolée (Paris/Paname),SHANGUY,Désolée (Paris/Paname),39.0,2019-12-06,2019,6,"'dance', 'french', 'italian', 'electronic', 'EDM'",'electronic',123.0,0.2342,1.1864,energetic,Désolée (Paris/Paname) SHANGUY,2025/12/05
Good Things Go,Linkin Park,From Zero (Deluxe Edition),67.0,2024-11-15,2024,1,"'pop', 'alternative rock', 'pop rock', 'rap rock', 'Nu Metal'","'pop', 'alternative rock', 'Nu Metal'",126.0,0.2768,1.0179,energetic,Good Things Go Linkin Park,2025/12/05
Shadows Of The Night - GIGI DAG Mix,Gigi D'Agostino,Shadows Of The Night (GIGI DAG Mix),57.0,2024-04-05,2024,1,"'dance', 'electronic', 'trance', 'eurodance', 'techno'","'electronic', 'trance', 'eurodance', 'techno'",133.0,0.2837,1.1218,energetic,Shadows Of The Night - GIGI DAG Mix Gigi D'Agostino,2025/12/05
"Oh, Natalie",UNKLFNKL,"Oh, Natalie",35.0,2024-11-01,2024,1,"'Romanian', 'romania'",,108.0,0.2868,1.3319,neutral,"Oh, Natalie UNKLFNKL",2025/12/05
Pasja,Farben Lehre,Achtung 2012,24.0,2012-09-11,2012,13,"'punk rock', 'polish', 'punk', 'polish punk', 'rock'","'punk', 'rock'",167.0,0.2448,1.1912,energetic,Pasja Farben Lehre,2025/12/05
Shakerando,Rhove,Shakerando,54.0,2021-12-15,2021,4,"'italian', 'trap', 'hip hop', 'rap', 'Italy'","'trap', 'rap'",136.0,0.2866,1.3707,energetic,Shakerando Rhove,2025/12/05
Jestem,Prawie Idealni,Jestem,28.0,2025-02-28,2025,0,"'poland', 'polish', 'polskie'",,152.0,0.1396,1.3071,energetic,Jestem Prawie Idealni,2025/12/05
Espresso Macchiato,Tommy Cash,Espresso Macchiato,69.0,2024-12-07,2024,1,"'Hip-Hop', 'rap', 'estonian', 'trap', 'experimental'","'Hip-Hop', 'rap', 'trap'",120.0,0.135,1.1173,neutral,Espresso Macchiato Tommy Cash,2025/12/05
APT.,ROSÉ,rosie,88.0,2024-10-18,2024,1,"'pop rock', 'rock', 'pop', 'peter', 'song of the year'","'rock', 'pop'",148.0,0.2684,1.2079,energetic,APT. ROSÉ,2025/12/05
Ordinary,Alex Warren,"You'll Be Alright, Kid (Chapter 1)",91.0,2025-02-07,2025,0,"'Love', 'folk', 'Ballad', 'pop', 'spotify'",'pop',112.0,0.2725,1.0319,neutral,Ordinary Alex Warren,2025/12/05
DtMF,Bad Bunny,DeBÍ TiRAR MáS FOToS,91.0,2025-01-05,2025,0,"'latin', 'vocal', 'melodic', 'Reggaeton', 'Moderate'","'latin', 'vocal'",112.0,0.1873,1.1541,neutral,DtMF Bad Bunny,2025/12/05
back to friends,sombr,I Barely Know Her,92.0,2024-12-27,2024,1,"'WSUM 91.7 FM Madison', 'rock and roll over', 'The Morning Show', 'alternative rock', 'Musik'",'alternative rock',123.0,0.3417,0.9581,energetic,back to friends sombr,2025/12/05
Golden,HUNTR/X,KPop Demon Hunters (Soundtrack from the Netflix Film),99.0,2025-06-20,2025,0,"'k-pop', 'Soundtrack', 'Kpop', 'Korean', 'netflix'","'k-pop', 'Soundtrack'",123.0,0.1107,1.102,energetic,Golden HUNTR/X,2025/12/05
luther (with sza),Kendrick Lamar,GNX,85.0,2024-11-21,2024,1,"'Trap Soul', 'pop rap', 'trap', 'rnb', 'Regalia'","'pop rap', 'trap'",140.0,0.1428,0.9943,energetic,luther (with sza) Kendrick Lamar,2025/12/05
That’s So True,Gracie Abrams,The Secret of Us (Deluxe),90.0,2024-10-18,2024,1,"'peter', 'female vocalist', 'singer-songwriter', 'love at first listen', 'my top songs'",,108.0,0.3172,1.0687,neutral,That’s So True Gracie Abrams,2025/12/05
WILDFLOWER,Billie Eilish,HIT ME HARD AND SOFT,93.0,2024-05-17,2024,1,"'peter', 'edu e marco', 'pop', 'dream pop', 'indie folk'","'pop', 'dream pop', 'indie folk'",148.0,0.1405,0.8487,energetic,WILDFLOWER Billie Eilish,2025/12/05
Sailor Song,Gigi Perez,"At The Beach, In Every Life",87.0,2024-07-26,2024,1,"'WSUM 91.7 FM Madison', 'my top songs', 'rock and roll over', 'indie folk', 'Versus Verses'",'indie folk',96.0,0.1213,0.9259,neutral,Sailor Song Gigi Perez,2025/12/05
BAILE INoLVIDABLE,Bad Bunny,DeBÍ TiRAR MáS FOToS,90.0,2025-01-05,2025,0,"'salsa', 'instrumental', 'loud', 'Reggaeton', 'spoken'",'instrumental',120.0,0.1527,1.1908,neutral,BAILE INoLVIDABLE Bad Bunny,2025/12/05
Timeless (feat Playboi Carti),The Weeknd,Hurry Up Tomorrow,91.0,2025-01-31,2025,0,"'pop rap', 'trap', 'cloud rap', 'plugg', 'alternative rnb'","'pop rap', 'trap'",120.0,0.3029,1.2235,neutral,Timeless (feat Playboi Carti) The Weeknd,2025/12/05
Messy,Lola Young,This Wasn't Meant For You Anyway,84.0,2024-05-30,2024,1,"'indie rock', 'rock', 'indie pop', 'Neo-Psychedelia', 'british'","'indie rock', 'rock', 'indie pop'",110.0,0.2696,1.1468,neutral,Messy Lola Young,2025/12/05
Iris,The Goo Goo Dolls,Dizzy up the Girl,93.0,1998,1998,27,,,103.0,0.1306,0.955,bright,Iris The Goo Goo Dolls,2025/12/05
La Plena - W Sound 05,W Sound,La Plena (W Sound 05),89.0,2025-02-19,2025,0,'Urbano Latino',,99.0,0.2582,1.3755,neutral,La Plena - W Sound 05 W Sound,2025/12/05
"All The Stars (with SZA) - From ""Black Panther: The Album""",Kendrick Lamar,Black Panther The Album Music From And Inspired By,90.0,2018-02-09,2018,7,"'sza', 'spotify top 100 vol 1', 'kendrick lamar'",,98.0,0.3307,1.1805,neutral,"All The Stars (with SZA) - From ""Black Panther: The Album"" Kendrick Lamar",2025/12/05
NUEVAYoL,Bad Bunny,DeBÍ TiRAR MáS FOToS,89.0,2025-01-05,2025,0,"'dembow', 'Reggaeton', 'instrumental', 'loud', 'Moderate'",'instrumental',117.0,0.1836,1.4771,neutral,NUEVAYoL Bad Bunny,2025/12/05
Love Me Not,Ravyn Lenae,Bird's Eye,89.0,2024-08-09,2024,1,"'pop soul', 'rock', 'pop rock', 'soul', 'alexcore'","'rock', 'soul'",115.0,0.2088,1.1358,neutral,Love Me Not Ravyn Lenae,2025/12/05
EoO,Bad Bunny,DeBÍ TiRAR MáS FOToS,88.0,2025-01-05,2025,0,"'Reggaeton', 'spanish', 'banger', 'king of pop', 'rey del pop'",,101.0,0.1942,1.3156,neutral,EoO Bad Bunny,2025/12/05
Every Breath You Take,The Police,Synchronicity (Remastered 2003),92.0,1983-06-17,1983,42,"'80s', 'rock', 'classic rock', 'pop', 'The Police'","'rock', 'pop'",117.0,0.1649,1.1427,neutral,Every Breath You Take The Police,2025/12/05
VOY A LLeVARTE PA PR,Bad Bunny,DeBÍ TiRAR MáS FOToS,87.0,2025-01-05,2025,0,"'Reggaeton', 'groovy', 'loud', 'instrumental', 'spoken'",'instrumental',133.0,0.2146,1.4569,energetic,VOY A LLeVARTE PA PR Bad Bunny,2025/12/05
Pink Pony Club,Chappell Roan,The Rise and Fall of a Midwest Princess,84.0,2023-09-22,2023,2,"'pop', 'synthpop', 'indie pop', 'indie', 'pop rock'","'pop', 'synthpop', 'indie pop'",108.0,0.1763,1.087,neutral,Pink Pony Club Chappell Roan,2025/12/05
undressed,sombr,I Barely Know Her,88.0,2025-08-22,2025,0,"'rock', 'indie rock', 'sad', 'american', 'good left undone'","'rock', 'indie rock'",115.0,0.2989,1.0252,neutral,undressed sombr,2025/12/05
No One Noticed,The Marías,Submarine,90.0,2024-05-31,2024,1,"'dream pop', 'Neo-Psychedelia', 'bedroom pop', 'Sophisti-Pop', 'singer-songwriter'","'dream pop', 'Sophisti-Pop'",98.0,0.242,0.973,neutral,No One Noticed The Marías,2025/12/05
Abracadabra,Lady Gaga,MAYHEM,81.0,2025-02-03,2025,0,"'pop', 'electropop', 'dark pop', 'Mayhem', 'House'","'pop', 'electropop', 'House'",126.0,0.1155,1.134,energetic,Abracadabra Lady Gaga,2025/12/05
VeLDÁ,Bad Bunny,DeBÍ TiRAR MáS FOToS,87.0,2025-01-05,2025,0,"'Reggaeton', 'latin', 'party', 'sweet', 'emotional'",'latin',120.0,0.2361,1.3816,bright,VeLDÁ Bad Bunny,2025/12/05
Sports car,Tate McRae,So Close To What,86.0,2025-02-20,2025,0,"'pop', 'So Close to What', 'electropop', 'rnb', 'dance-pop'","'pop', 'electropop', 'dance-pop'",108.0,0.3166,1.2291,neutral,Sports car Tate McRae,2025/12/05
See You Again (feat. Kali Uchis),"Tyler, The Creator",Flower Boy,89.0,2017-07-21,2017,8,"'rap', 'rnb', 'Neo-Soul', 'pop rap', 'alternative rnb'","'rap', 'Neo-Soul', 'pop rap'",133.0,0.1597,1.0197,energetic,"See You Again (feat. Kali Uchis) Tyler, The Creator",2025/12/05
Don’t Say You Love Me,Jin,Echo,87.0,2025-05-16,2025,0,"'jin', 'DSYLM', 'echo', 'bts', 'JIN of bts'",,112.0,0.2767,0.9971,neutral,Don’t Say You Love Me Jin,2025/12/05
like JENNIE,JENNIE,Ruby,88.0,2025-03-07,2025,0,"'funk mandelao', 'jennie', 'funk automotivo', 'funk', 'brazilian funk'",'funk',129.0,0.2154,1.1541,energetic,like JENNIE JENNIE,2025/12/05
Taste,Sabrina Carpenter,Short n' Sweet,87.0,2024-08-23,2024,1,"'pop', 'pop rock', 'Sabrina Carpenter', '2024', 'taste'",'pop',112.0,0.1964,1.0725,bright,Taste Sabrina Carpenter,2025/12/05
tv off (feat. lefty gunplay),Kendrick Lamar,GNX,85.0,2024-11-22,2024,1,"'hyphy', 'G-funk', 'Ratchet Music', 'hardcore hip hop', 'west coast hip hop'","'hyphy', 'G-funk', 'hardcore hip hop'",99.0,0.2683,1.4681,bright,tv off (feat. lefty gunplay) Kendrick Lamar,2025/12/05
capaz (merengueton),Alleh,LA CIUDAD,84.0,2024-12-24,2024,1,"'merengueton', 'Reggaeton'",,126.0,0.2886,1.4695,energetic,capaz (merengueton) Alleh,2025/12/05
Qué Pasaría...,Rauw Alejandro,Cosa Nuestra,88.0,2024-11-15,2024,1,'Reggaeton',,105.0,0.2573,1.3352,neutral,Qué Pasaría... Rauw Alejandro,2025/12/05
blue,yung kai,"stay with the ocean, i'll find you",84.0,2024-08-02,2024,1,"'chill', 'melodic', 'soft', 'Love', 'rnb'",,98.0,0.1708,0.9313,neutral,blue yung kai,2025/12/05
Dom Nad Wodą,Pezet,Muzyka Komercyjna (Deluxe),65.0,2022-12-23,2022,3,"'Hip-Hop', 'rap', 'polish', 'Polski Hip Hop', 'polish hip-hop'","'Hip-Hop', 'rap'",91.0,0.2674,1.1589,neutral,Dom Nad Wodą Pezet,2025/12/05
KOCHASZ?,Sobel,NAPISZ JAK BĘDZIESZ,63.0,2025-04-24,2025,0,"'polish', 'Hip-Hop', 'poland', 'trap', 'rap'","'Hip-Hop', 'trap', 'rap'",120.0,0.257,1.0725,bright,KOCHASZ? Sobel,2025/12/05
dopóki się nie znüdzisz,MIÜ,dopóki się nie znüdzisz,75.0,2025-08-08,2025,0,"'Hip-Hop', 'rap', 'polish', 'poland', 'polskie'","'Hip-Hop', 'rap'",115.0,0.2359,1.2642,bright,dopóki się nie znüdzisz MIÜ,2025/12/05
CASABLANCA,Sentino,King Sento 2,65.0,2025-05-01,2025,0,"'german', 'rap', 'Deutschrap', 'german hiphop', 'hip hop'",'rap',129.0,0.2967,1.2722,energetic,CASABLANCA Sentino,2025/12/05
KAMIKAZE,Mata,2039: ZŁOTE PIASKI,74.0,2025-08-14,2025,0,"'polish', 'Hip-Hop', 'poland', 'Polish RAP', 'rap'","'Hip-Hop', 'rap'",91.0,0.257,1.3726,neutral,KAMIKAZE Mata,2025/12/05
CAŁE LATO,Sobel,NAPISZ JAK BĘDZIESZ,69.0,2025-04-24,2025,0,"'polish', 'Hip-Hop', 'poland', 'trap', 'rap'","'Hip-Hop', 'trap', 'rap'",99.0,0.2223,1.0939,neutral,CAŁE LATO Sobel,2025/12/05
Multisport,Kaz Bałagane,A nie mówiłem?,65.0,2024-10-04,2024,1,"'rap', 'Hip-Hop', 'polish', 'polish hip-hop', 'trap'","'rap', 'Hip-Hop', 'trap'",140.0,0.2359,1.2856,energetic,Multisport Kaz Bałagane,2025/12/05
up! up! up!,Mata,intro + up! up! up!,63.0,2025-01-20,2025,0,"'polish', 'Hip-Hop', 'poland', 'Polish RAP', 'rap'","'Hip-Hop', 'rap'",161.0,0.1988,1.0638,energetic,up! up! up! Mata,2025/12/05
CHA CHA,Sobel,NAPISZ JAK BĘDZIESZ,64.0,2025-04-24,2025,0,"'polish', 'Hip-Hop', 'poland', 'trap', 'rap'","'Hip-Hop', 'trap', 'rap'",110.0,0.1165,1.1655,bright,CHA CHA Sobel,2025/12/05
Miss Dior,MODELKI,Miss Dior,65.0,2025-04-03,2025,0,"'pop', 'polish', 'booba', 'hip-hopolo', 'piotr krasko w swojej mazurskiej posiadlosci'",'pop',129.0,0.2295,1.2901,energetic,Miss Dior MODELKI,2025/12/05
Z TYŁU GŁOWY,Sobel,NAPISZ JAK BĘDZIESZ,61.0,2025-04-24,2025,0,"'polish', 'Hip-Hop', 'poland', 'trap', 'rap'","'Hip-Hop', 'trap', 'rap'",96.0,0.2541,1.1698,neutral,Z TYŁU GŁOWY Sobel,2025/12/05
Show Me Love,WizTheMc,YEBO,85.0,2025-02-07,2025,0,"'Chill House', 'House', 'afrohouse'",'House',144.0,0.3076,1.2826,energetic,Show Me Love WizTheMc,2025/12/05
Santa Cruz,Ekipa,Santa Cruz,65.0,2025-06-08,2025,0,"'pop', 'rap', 'poland', 'hip hop', 'Polish RAP'","'pop', 'rap'",123.0,0.1883,1.3166,energetic,Santa Cruz Ekipa,2025/12/05
TAK TO LATA (feat. Tuszol),Bungee,TAK TO LATA (feat. Tuszol),68.0,2025-07-03,2025,0,"'rap', 'polish'",'rap',140.0,0.2643,1.2594,energetic,TAK TO LATA (feat. Tuszol) Bungee,2025/12/05
Sophia Loren,Tymek,Popularne,63.0,2021-08-12,2021,4,"'Hip-Hop', 'psy', 'trap', 'rap', 'electronic'","'Hip-Hop', 'trap', 'rap', 'electronic'",126.0,0.2765,1.0972,energetic,Sophia Loren Tymek,2025/12/05
300 BANIEK,Otsochodzi,TTHE GRIND (DELUXE),60.0,2025-01-30,2025,0,"'rap', 'pop rap', 'polish', 'Hip-Hop', 'boom bap'","'rap', 'pop rap', 'Hip-Hop'",148.0,0.2444,1.3609,energetic,300 BANIEK Otsochodzi,2025/12/05
Ground Zero,PRO8L3M,Ground Zero Mixtape,66.0,2018-03-16,2018,7,"'rap', 'Hip-Hop', 'polish', 'hip hop', 'Polish RAP'","'rap', 'Hip-Hop'",144.0,0.2558,1.1787,energetic,Ground Zero PRO8L3M,2025/12/05
NIENAWIDZĘ BYĆ W KLUBIE,GOMBAO 33,NIENAWIDZĘ BYĆ W KLUBIE,61.0,2025-02-14,2025,0,"'polish', 'poland', 'polskie'",,120.0,0.271,1.2007,neutral,NIENAWIDZĘ BYĆ W KLUBIE GOMBAO 33,2025/12/05
Bad Dreams,Teddy Swims,I've Tried Everything But Therapy (Part 2),80.0,2024-09-13,2024,1,"'pop', 'american', 'linedance catalan', 'pan', 'gtst'",'pop',126.0,0.2911,1.0457,energetic,Bad Dreams Teddy Swims,2025/12/05
VHS,PRO8L3M,PRO8L3M,67.0,2016-06-02,2016,9,"'rap', 'Hip-Hop', 'polish', 'hip hop', 'Polish RAP'","'rap', 'Hip-Hop'",123.0,0.2628,1.3965,energetic,VHS PRO8L3M,2025/12/05
Bailando,Bajorson,Bailando,67.0,2025-11-18,2025,0,"'rap', 'hip hop', 'poland', 'polish', 'polskie'",'rap',140.0,0.1999,1.2652,energetic,Bailando Bajorson,2025/12/05
Molly,PRO8L3M,PRO8L3M,66.0,2016-06-02,2016,9,"'rap', 'Hip-Hop', 'polish', 'hip hop', 'Polish RAP'","'rap', 'Hip-Hop'",140.0,0.2458,1.3161,energetic,Molly PRO8L3M,2025/12/05
CZEMU NIE ŚPISZ?,bambi,TRAP OR DIE,55.0,2024-10-10,2024,1,"'Soundtrack', 'Disney', 'musical', 'pop', 'melodic hard rock'","'Soundtrack', 'Disney', 'pop'",133.0,0.2078,1.283,energetic,CZEMU NIE ŚPISZ? bambi,2025/12/05
KIEROWNIK,Kizo,KIEROWNIK,65.0,2025-02-05,2025,0,"'polish', 'rap', 'Hip-Hop', 'hip hop', 'Gangsta Rap'","'rap', 'Hip-Hop', 'Gangsta Rap'",152.0,0.315,1.2759,energetic,KIEROWNIK Kizo,2025/12/05
The Days - NOTION Remix,Chrystal,The Days (NOTION Remix),86.0,2024-11-08,2024,1,"'deep house', 'House', 'UK Garage'","'deep house', 'House', 'UK Garage'",140.0,0.2525,1.1209,energetic,The Days - NOTION Remix Chrystal,2025/12/05
Schodki,Mata,100 dni do matury,65.0,2020-01-17,2020,5,"'polish', 'Hip-Hop', 'poland', 'Polish RAP', 'rap'","'Hip-Hop', 'rap'",157.0,0.1675,1.2289,energetic,Schodki Mata,2025/12/05
Miłość jest ślepa,sanah,Kaprysy,63.0,2024-06-13,2024,1,"'polish', 'indie pop', 'indie', 'female vocalists', 'pop'","'indie pop', 'pop'",157.0,0.2428,1.1437,energetic,Miłość jest ślepa sanah,2025/12/05
kyoto,Kuban,FUGAZI,69.0,2025-02-28,2025,0,"'rap', 'cloud rap', 'kuban', 'Hip-Hop', 'polish'","'rap', 'Hip-Hop'",123.0,0.2286,1.1593,energetic,kyoto Kuban,2025/12/05
LOLA,Żabson,HOLLYWOOD SMILE,62.0,2025-03-20,2025,0,"'rap', 'Hip-Hop', 'frogson', 'quequality', 'Rap undergroun hip-hop'","'rap', 'Hip-Hop'",144.0,0.3388,1.1846,energetic,LOLA Żabson,2025/12/05
„Tak to leciało!”,Otsochodzi,TTHE GRIND,64.0,2024-04-04,2024,1,"'rap', 'pop rap', 'polish', 'Hip-Hop', 'boom bap'","'rap', 'pop rap', 'Hip-Hop'",136.0,0.2313,1.5203,energetic,„Tak to leciało!” Otsochodzi,2025/12/05
WOW,Fagata,WOW,61.0,2025-03-28,2025,0,"'poland', 'polish', 'sexy', 'rap', 'booba'",'rap',161.0,0.2152,1.466,energetic,WOW Fagata,2025/12/05
TU CON CHI FAI L'AMORE,The Kolors,TU CON CHI FAI L'AMORE,62.0,2025-02-12,2025,0,"'italian', 'funk', 'pop', 'electronic', 'electronic rock'","'funk', 'pop', 'electronic', 'electronic rock'",133.0,0.2362,1.2292,energetic,TU CON CHI FAI L'AMORE The Kolors,2025/12/05
BATTITO,Fedez,BATTITO,63.0,2025-02-12,2025,0,"'italian', 'pop rap', 'hip house', 'pop', 'Hip-Hop'","'pop rap', 'hip house', 'pop', 'Hip-Hop'",140.0,0.3054,1.1917,energetic,BATTITO Fedez,2025/12/05
Balorda nostalgia,Olly,Balorda nostalgia,69.0,2025-02-12,2025,0,"'italian', 'hip hop', 'Italy', 'italian pop', 'Rapper'",,110.0,0.2208,0.9796,bright,Balorda nostalgia Olly,2025/12/05
CUORICINI,Coma_Cose,CUORICINI,58.0,2025-02-12,2025,0,"'italian', 'indie', 'pop', 'itpop', 'hip hop'",'pop',133.0,0.2963,1.0956,energetic,CUORICINI Coma_Cose,2025/12/05
Ora che non ho più te,Cesare Cremonini,ALASKA BABY,68.0,2024-11-28,2024,1,"'italian', 'pop', 'italian pop', 'cantautori', 'singer-songwriter'",'pop',117.0,0.2555,1.0706,neutral,Ora che non ho più te Cesare Cremonini,2025/12/05
Grazie ma no grazie,Willie Peyote,Grazie ma no grazie,50.0,2025-02-12,2025,0,"'rap', 'hip hop', 'Hip-Hop', 'italian', 'Cantautore'","'rap', 'Hip-Hop'",115.0,0.2534,1.2332,neutral,Grazie ma no grazie Willie Peyote,2025/12/05
Baller,Abor & Tynna,Bittersüß,66.0,2025-02-14,2025,0,"'pop', 'electronic', 'austrian', 'electropop', 'Hip-Hop'","'pop', 'electronic', 'electropop', 'Hip-Hop'",140.0,0.2442,1.2541,energetic,Baller Abor & Tynna,2025/12/05
il ritmo delle cose.,Rkomi,il ritmo delle cose.,55.0,2025-02-12,2025,0,"'rap', 'hip hop', 'trap', 'italian', 'Hip-Hop'","'rap', 'trap', 'Hip-Hop'",112.0,0.2895,1.1877,neutral,il ritmo delle cose. Rkomi,2025/12/05
American Idiot,Green Day,American Idiot,82.0,2004-09-21,2004,21,"'punk rock', 'rock', 'punk', 'alternative', 'green day'","'rock', 'punk', 'alternative'",123.0,0.2247,1.0544,energetic,American Idiot Green Day,2025/12/05
Bara Bada Bastu,KAJ,Bara Bada Bastu,67.0,2025-02-21,2025,0,"'pop', 'All', 'synthpop', 'electronic', 'humour'","'pop', 'synthpop', 'electronic'",105.0,0.101,1.0849,neutral,Bara Bada Bastu KAJ,2025/12/05
Puoi (feat. Pinguini Tattici Nucleari),Fulminacci,Infinito +1,59.0,2024-01-12,2024,1,"'pop', 'indie', 'italian', 'italian male vocalists', 'sanremo 2021'",'pop',99.0,0.2464,1.2465,bright,Puoi (feat. Pinguini Tattici Nucleari) Fulminacci,2025/12/05
Somebody Told Me,The Killers,Hot Fuss,83.0,2004,2004,21,"'rock', 'indie rock', 'indie', 'alternative', 'The Killers'","'rock', 'indie rock', 'alternative'",136.0,0.2837,0.9654,energetic,Somebody Told Me The Killers,2025/12/05
RAGNI,Tananai,CALMOCOBRA,55.0,2024-10-17,2024,1,"'italian', 'indie', 'indie pop', 'urban', 'alternative hip-hop'",'indie pop',117.0,0.2543,1.0354,bright,RAGNI Tananai,2025/12/05
"La Mia Parola (feat. Guè, Joshua, Tormento)",Shablo,"La Mia Parola (feat. Guè, Joshua, Tormento)",59.0,2025-07-03,2025,0,"'argentinian', 'hip hop', 'argentina', 'jazz', 'argentinan'",'jazz',123.0,0.2661,1.2219,energetic,"La Mia Parola (feat. Guè, Joshua, Tormento) Shablo",2025/12/05
Gives You Hell,The All-American Rejects,When The World Comes Down,70.0,2008-01-01,2008,17,"'rock', 'alternative', 'pop rock', 'alternative rock', 'catchy'","'rock', 'alternative', 'alternative rock'",99.0,0.1713,1.0791,bright,Gives You Hell The All-American Rejects,2025/12/05
Non ti dimentico,Modà,Non ti dimentico,54.0,2025-02-12,2025,0,"'italian', 'pop rock', 'pop', 'rock', 'love song'","'pop', 'rock'",120.0,0.2584,0.9941,neutral,Non ti dimentico Modà,2025/12/05
DAMME 'NA MANO,Tony Effe,DAMME 'NA MANO,52.0,2025-02-12,2025,0,"'trap', 'italian', 'Hip-Hop', 'rap', 'hip hop'","'trap', 'Hip-Hop', 'rap'",126.0,0.1937,0.9854,energetic,DAMME 'NA MANO Tony Effe,2025/12/05
50 Special,Lùnapop,...Squérez?,60.0,1999-11-30,1999,26,"'italian', 'pop', 'italian pop', 'italiana', '00s'",'pop',161.0,0.2493,1.008,energetic,50 Special Lùnapop,2025/12/05
Romantico Ma Muori,Pinguini Tattici Nucleari,Romantico Ma Muori,53.0,2024-09-13,2024,1,"'italian', 'indie', 'singer-songwriter', 'pop', 'podcast'",'pop',161.0,0.2527,1.1776,energetic,Romantico Ma Muori Pinguini Tattici Nucleari,2025/12/05
NERO GOTICO,CLARA,PRIMO,52.0,2024-02-16,2024,1,"'pop', 'italian', 'urban', 'electropop', 'dance pop'","'pop', 'electropop', 'dance pop'",148.0,0.3197,1.2077,energetic,NERO GOTICO CLARA,2025/12/05
Per due come noi,Olly,Per due come noi,71.0,2024-10-25,2024,1,"'italian', 'hip hop', 'Italy', 'italian pop', 'Rapper'",,98.0,0.1901,1.0499,bright,Per due come noi Olly,2025/12/05
Gdy samotnie pędzę,Stach Bukowski,Kino sercowo-rozrywkowe,25.0,2023-10-27,2023,2,"'polish', 'rock', 'indie'",'rock',123.0,0.2543,1.0998,energetic,Gdy samotnie pędzę Stach Bukowski,2025/12/05
Cabriolet Panorama,The Kolors,Cabriolet Panorama,49.0,2021-04-29,2021,4,"'italian', 'funk', 'pop', 'electronic', 'electronic rock'","'funk', 'pop', 'electronic', 'electronic rock'",115.0,0.282,1.3316,bright,Cabriolet Panorama The Kolors,2025/12/05
San Luca (feat. Luca Carboni),Cesare Cremonini,ALASKA BABY,34.0,2025-11-21,2025,0,"'italian', 'pop', 'italian pop', 'cantautori', 'singer-songwriter'",'pop',140.0,0.1737,0.9256,energetic,San Luca (feat. Luca Carboni) Cesare Cremonini,2025/12/05
La tana del granchio,Bresh,La tana del granchio,59.0,2025-02-12,2025,0,"'rap', 'hip hop', 'Hip-Hop', 'italian', 'trap'","'rap', 'Hip-Hop', 'trap'",117.0,0.2214,1.0118,neutral,La tana del granchio Bresh,2025/12/05
Romance Isn't Dead,Chris Noah,Romance Isn't Dead,25.0,2025-01-10,2025,0,"'latvian', 'Eurovision'",,105.0,0.0603,1.0528,bright,Romance Isn't Dead Chris Noah,2025/12/05
Oh Mamma Mia (feat. Rose Villain),Guè,Tropico Del Capricorno,63.0,2025-01-10,2025,0,"'rap', 'Hip-Hop', 'italian', 'Gangsta Rap', 'italian hip-hop'","'rap', 'Hip-Hop', 'Gangsta Rap'",101.0,0.3216,1.365,neutral,Oh Mamma Mia (feat. Rose Villain) Guè,2025/12/05
Logico #1,Cesare Cremonini,Logico,38.0,2014-05-06,2014,11,"'italian', 'pop', 'italian pop', 'cantautori', 'singer-songwriter'",'pop',108.0,0.2543,0.8749,neutral,Logico #1 Cesare Cremonini,2025/12/05
Baciami baciami,Fulminacci,Infinito +1,54.0,2024-01-12,2024,1,"'pop', 'indie', 'italian', 'italian male vocalists', 'sanremo 2021'",'pop',144.0,0.2645,1.1068,energetic,Baciami baciami Fulminacci,2025/12/05
Dimmi tu quando sei pronto per fare l'amore,Vale LP,Dimmi tu quando sei pronto per fare l'amore,41.0,2024-11-27,2024,1,"'Elenco 49 artisti per audizioni Sanremo Giovani 2023', 'Italy'",,112.0,0.2773,1.1618,neutral,Dimmi tu quando sei pronto per fare l'amore Vale LP,2025/12/05
Zostań,Igo,Zostań,45.0,2025-03-13,2025,0,"'synthpop', 'electronic', 'latvian', 'chinese', 'rock'","'synthpop', 'electronic', 'rock'",120.0,0.2395,1.1036,neutral,Zostań Igo,2025/12/05
Pumped Up Kicks,Foster The People,Torches,85.0,2011-05-23,2011,14,"'indie', 'indie pop', 'catchy', 'summer', 'happy'",'indie pop',129.0,0.0657,1.1268,energetic,Pumped Up Kicks Foster The People,2025/12/05
BELLA BALLA,Questo e Quello,BELLA BALLA,18.0,2024-11-12,2024,1,'San Marino',,110.0,0.2194,1.1503,neutral,BELLA BALLA Questo e Quello,2025/12/05
Za Daleko,Mrozu,Złote Bloki,53.0,2022-03-31,2022,3,"'polish', 'pop', 'r&b', 'rnb', ""r'n'b""",'pop',99.0,0.2017,1.1883,neutral,Za Daleko Mrozu,2025/12/05
"You're Gonna Go Far, Kid",The Offspring,"Rise And Fall, Rage And Grace",82.0,2008-06-17,2008,17,"'punk rock', 'rock', 'punk', 'The Offspring', 'dance fucker dance'","'rock', 'punk'",126.0,0.244,1.0505,energetic,"You're Gonna Go Far, Kid The Offspring",2025/12/05
Islanda,Pinguini Tattici Nucleari,Islanda,66.0,2024-12-06,2024,1,"'italian', 'indie', 'singer-songwriter', 'pop', 'podcast'",'pop',117.0,0.2682,1.054,neutral,Islanda Pinguini Tattici Nucleari,2025/12/05
We Don't Have To Dance,Andy Black,The Shadow Side,63.0,2016-03-18,2016,9,"'rock', 'alternative rock', 'emo', 'indie', 'USA'","'rock', 'alternative rock'",148.0,0.1915,1.067,energetic,We Don't Have To Dance Andy Black,2025/12/05
Teenagers,My Chemical Romance,The Black Parade,82.0,2006-10-20,2006,19,"'rock', 'punk rock', 'emo', 'alternative', 'my chemical romance'","'rock', 'alternative'",115.0,0.1323,0.9844,neutral,Teenagers My Chemical Romance,2025/12/05
Pink Skies,Giant Rooks,How Have You Been?,47.0,2024-02-02,2024,1,"'german', 'alternative', 'indie pop', 'indie', 'pop'","'alternative', 'indie pop', 'pop'",91.0,0.2907,1.0698,neutral,Pink Skies Giant Rooks,2025/12/05
Lonely,Palaye Royale,The Bastards,63.0,2020-05-29,2020,5,"'alternative rock', 'alternative', 'glam rock', 'Canadian', 'rock'","'alternative rock', 'alternative', 'glam rock', 'rock'",148.0,0.1642,1.0297,energetic,Lonely Palaye Royale,2025/12/05
Boulevard of Broken Dreams,Green Day,Boulevard of Broken Dreams,80.0,2024-10-25,2024,1,"'rock', 'punk rock', 'green day', 'punk', 'alternative'","'rock', 'punk', 'alternative'",167.0,0.1521,0.9832,energetic,Boulevard of Broken Dreams Green Day,2025/12/05
PRONTO COME VA,The Kolors,PRONTO COME VA,62.0,2025-05-16,2025,0,"'italian', 'funk', 'pop', 'electronic', 'electronic rock'","'funk', 'pop', 'electronic', 'electronic rock'",126.0,0.161,1.2598,energetic,PRONTO COME VA The Kolors,2025/12/05
Mamma Maria,Ricchi E Poveri,Mamma Maria,57.0,1998,1998,27,"'italian', 'pop', '80s', '70s', 'italian pop'",'pop',136.0,0.1636,1.1527,energetic,Mamma Maria Ricchi E Poveri,2025/12/05
Ma quale idea,Pino D'Angiò,...Balla!,63.0,2011-03-15,2011,14,"'italian', 'Disco', 'Italo Disco', 'funk', 'Italy'","'Disco', 'funk'",115.0,0.1932,1.3541,neutral,Ma quale idea Pino D'Angiò,2025/12/05
Thnks fr th Mmrs,Fall Out Boy,Infinity On High,80.0,2007-01-01,2007,18,"'rock', 'pop punk', 'alternative', 'punk rock', 'emo'","'rock', 'pop punk', 'alternative'",152.0,0.1933,1.0295,energetic,Thnks fr th Mmrs Fall Out Boy,2025/12/05
Mr. Brightside,The Killers,Hot Fuss,89.0,2004,2004,21,"'rock', 'indie rock', 'indie', 'alternative', 'alternative rock'","'rock', 'indie rock', 'alternative', 'alternative rock'",148.0,0.3129,0.9438,energetic,Mr. Brightside The Killers,2025/12/05
ALTROVE,Ultimo,ALTROVE,62.0,2024-05-17,2024,1,"'italian', 'singer-songwriter', 'rap', 'acoustic', 'piano pop'",'rap',115.0,0.2846,1.0417,neutral,ALTROVE Ultimo,2025/12/05
505,Arctic Monkeys,Favourite Worst Nightmare,87.0,2007-04-22,2007,18,"'indie rock', 'indie', 'british', 'rock', 'alternative'","'indie rock', 'rock', 'alternative'",140.0,0.2167,1.0172,energetic,505 Arctic Monkeys,2025/12/05
Fuorionda,Jovanotti,Il corpo umano VOL. 1,39.0,2025-01-30,2025,0,"'italian', 'rap', 'pop', 'singer-songwriter', 'Hip-Hop'","'rap', 'pop', 'Hip-Hop'",126.0,0.2619,1.3165,energetic,Fuorionda Jovanotti,2025/12/05
CENERE,Lazza,SIRIO,60.0,2022-04-07,2022,3,"'italian', 'rap', 'trap', 'Hip-Hop', 'alternative hip-hop'","'rap', 'trap', 'Hip-Hop'",120.0,0.2538,1.0866,neutral,CENERE Lazza,2025/12/05
"Sugar, We're Goin Down",Fall Out Boy,From Under The Cork Tree,79.0,2005-05-03,2005,20,"'pop punk', 'rock', 'alternative', 'emo', 'Fall Out Boy'","'pop punk', 'rock', 'alternative'",108.0,0.2477,1.0559,neutral,"Sugar, We're Goin Down Fall Out Boy",2025/12/05
Tear in My Heart,Twenty One Pilots,Blurryface,75.0,2015-05-15,2015,10,"'alternative', 'indie', 'rock', '2015', 'indie pop'","'alternative', 'rock', 'indie pop'",120.0,0.2404,1.0693,bright,Tear in My Heart Twenty One Pilots,2025/12/05
SPA CABARET,bnkr44,TOCCA IL CIELO,45.0,2025-03-20,2025,0,"'indie', 'rap', 'Italy', 'italian pop', 'italian male vocalists'",'rap',103.0,0.3029,1.2171,bright,SPA CABARET bnkr44,2025/12/05
"Dear Maria, Count Me In",All Time Low,"So Wrong, It's Right",79.0,2007-09-25,2007,18,"'pop punk', 'All Time Low', 'alternative', 'punk rock', 'rock'","'pop punk', 'alternative', 'rock'",91.0,0.0822,1.0111,neutral,"Dear Maria, Count Me In All Time Low",2025/12/05
Bam Bam Bira,KUKU$,Bam Bam Bira,37.0,2025-04-05,2025,0,"'rap', 'croatian', 'Croatia', 'trap', 'hrvatska'","'rap', 'trap'",110.0,0.3092,1.2368,neutral,Bam Bam Bira KUKU$,2025/12/05
Softcore,The Neighbourhood,Hard To Imagine The Neighbourhood Ever Changing,86.0,2018-11-02,2018,7,"'synthpop', 'alternative', 'indie pop', 'shoegaze', 'alternative rnb'","'synthpop', 'alternative', 'indie pop', 'shoegaze'",94.0,0.2871,0.9964,neutral,Softcore The Neighbourhood,2025/12/05
All My Friends,A Day To Remember,Big Ole Album Vol. 1,64.0,2025-03-21,2025,0,"'post-hardcore', 'pop punk', 'hardcore', 'screamo', 'emocore'","'pop punk', 'hardcore'",112.0,0.1736,1.0777,bright,All My Friends A Day To Remember,2025/12/05
No Stress,Marco Mengoni,MATERIA (TERRA),41.0,2021-12-03,2021,4,"'pop', 'italian', 'X factor', 'italian pop', 'Italians do it better'",'pop',120.0,0.2834,1.2405,neutral,No Stress Marco Mengoni,2025/12/05
SUPEREROI,Mr.Rain,SUPEREROI,54.0,2024-03-01,2024,1,,,136.0,0.2461,1.0252,energetic,SUPEREROI Mr.Rain,2025/12/05
Ballada znad rzeki,Daria Zawiałow,Dziewczyna Pop,38.0,2023-10-20,2023,2,"'pop', 'polish', 'indie pop', 'alternative', 'indie'","'pop', 'indie pop', 'alternative'",117.0,0.1213,0.906,neutral,Ballada znad rzeki Daria Zawiałow,2025/12/05
TANGO,Tananai,"RAVE, ECLISSI",63.0,2022-11-24,2022,3,"'italian', 'indie', 'indie pop', 'urban', 'alternative hip-hop'",'indie pop',129.0,0.2198,0.99,energetic,TANGO Tananai,2025/12/05
Pakiet Platinium,Taco Hemingway,1-800-OŚWIECENIE,52.0,2023-09-21,2023,2,"'rap', 'Hip-Hop', 'polish', 'alternative rap', 'conscious hip-hop'","'rap', 'Hip-Hop', 'alternative rap'",133.0,0.1881,1.3107,energetic,Pakiet Platinium Taco Hemingway,2025/12/05
Immortals,Fall Out Boy,American Beauty/American Psycho,77.0,2015-01-16,2015,10,"'rock', 'Soundtrack', 'pop rock', 'pop punk', 'big hero 6'","'rock', 'Soundtrack', 'pop punk'",108.0,0.1646,1.1381,bright,Immortals Fall Out Boy,2025/12/05
Szybkie tempo,Wiktor Dyduła,Szybkie tempo,48.0,2025-04-04,2025,0,"'alternative', 'indie', 'poland', 'indie rock', 'poland indie'","'alternative', 'indie rock'",123.0,0.2685,1.2053,energetic,Szybkie tempo Wiktor Dyduła,2025/12/05
Scarabocchi,Olly,TUTTA VITA,70.0,2024-10-25,2024,1,"'italian', 'hip hop', 'Italy', 'italian pop', 'Rapper'",,120.0,0.1845,1.1297,bright,Scarabocchi Olly,2025/12/05
Na Na Na (Na Na Na Na Na Na Na Na Na),My Chemical Romance,Danger Days: The True Lives of the Fabulous Killjoys,71.0,2010-11-19,2010,15,"'punk rock', 'alternative', 'rock', 'punk', 'alternative rock'","'alternative', 'rock', 'punk', 'alternative rock'",110.0,0.0837,0.9962,bright,Na Na Na (Na Na Na Na Na Na Na Na Na) My Chemical Romance,2025/12/05
To nie jest kraj dla kabrioletów,Dwa Sławy,Dobrze by było,33.0,2025-01-23,2025,0,"'rap', 'Hip-Hop', 'polish', 'underground', 'underground rap'","'rap', 'Hip-Hop', 'underground rap'",136.0,0.2901,1.319,energetic,To nie jest kraj dla kabrioletów Dwa Sławy,2025/12/05
paolo,maniviola,paolo,18.0,2024-12-06,2024,1,,,98.0,0.2349,1.4635,neutral,paolo maniviola,2025/12/05
Bad Feeling (Oompa Loompa),Jagwar Twin,Bad Feeling (Oompa Loompa),66.0,2025-03-28,2025,0,"'american', 'pop', 'pixel', 'USA', 'vocaloid'",'pop',96.0,0.2424,1.2977,bright,Bad Feeling (Oompa Loompa) Jagwar Twin,2025/12/05
Movimento lento (feat. Federico Rossi),Annalisa,Nuda10 (Deluxe Edition),54.0,2021-05-28,2021,4,"'pop', 'italian', 'female vocalists', 'sanremo', 'amici'",'pop',99.0,0.2702,1.3367,bright,Movimento lento (feat. Federico Rossi) Annalisa,2025/12/05
Saturday Sun,Vance Joy,Nation of Two,68.0,2018-02-23,2018,7,"'folk', 'indie', 'australian', 'singer-songwriter', 'acoustic'",,133.0,0.2615,1.0626,energetic,Saturday Sun Vance Joy,2025/12/05
Greek Tragedy,The Wombats,Glitterbug,62.0,2021-01-15,2021,4,"'indie', 'indie rock', 'british', 'britpop', 'rock'","'indie rock', 'britpop', 'rock'",94.0,0.2888,1.0156,neutral,Greek Tragedy The Wombats,2025/12/05
DISCO PARADISE,Fedez,DISCO PARADISE,58.0,2023-05-25,2023,2,"'italian', 'pop rap', 'hip house', 'pop', 'Hip-Hop'","'pop rap', 'hip house', 'pop', 'Hip-Hop'",123.0,0.2914,1.2656,energetic,DISCO PARADISE Fedez,2025/12/05
Lost The Game,Two Feet,Pink,59.0,2020-03-13,2020,5,"'indie', 'blues rock', 'electronic', 'american', 'Jazz and Blues'","'blues rock', 'electronic'",91.0,0.2163,0.965,neutral,Lost The Game Two Feet,2025/12/05
La Nuova Stella Di Broadway,Cesare Cremonini,La Teoria Dei Colori,68.0,2012-01-01,2012,13,"'italian', 'pop', 'italian pop', 'cantautori', 'singer-songwriter'",'pop',140.0,0.1554,0.9117,energetic,La Nuova Stella Di Broadway Cesare Cremonini,2025/12/05
COSA TI AMO A FARE?,Rocco Hunt,RAGAZZO DI GIÙ,37.0,2025-04-25,2025,0,"'rap', 'hip hop', 'italian', 'Hip-Hop', 'Italians do it better'","'rap', 'Hip-Hop'",101.0,0.3196,1.1614,neutral,COSA TI AMO A FARE? Rocco Hunt,2025/12/05
July,Betcha,Feels Like We’ve Been Here Before,55.0,2020-10-16,2020,5,"'alternative', 'indie', 'my top songs', 'rock', 'United States'","'alternative', 'rock'",99.0,0.3167,1.0592,neutral,July Betcha,2025/12/05
HIPERNOVA,Mr.Rain,HIPERNOVA,28.0,2025-01-17,2025,0,,,101.0,0.2847,1.0606,bright,HIPERNOVA Mr.Rain,2025/12/05
Bezalkoholove,Janek Górka,Bezalkoholove,23.0,2024-11-29,2024,1,,,129.0,0.1594,0.9505,energetic,Bezalkoholove Janek Górka,2025/12/05
The Middle,Jimmy Eat World,Bleed American,81.0,2001-07-17,2001,24,"'rock', 'alternative rock', 'alternative', 'emo', 'Jimmy Eat World'","'rock', 'alternative rock', 'alternative'",161.0,0.2253,1.1072,energetic,The Middle Jimmy Eat World,2025/12/05
I'll Take It,Sophia Stel,Object Permanence (Deluxe Edition),58.0,2025-03-07,2025,0,"'electronic', 'Canadian', 'shoegaze', 'experimental', 'art pop'","'electronic', 'shoegaze'",129.0,0.1565,0.9493,energetic,I'll Take It Sophia Stel,2025/12/05
mona melody,shama,loki,28.0,2025-02-19,2025,0,"'polish', 'rock', 'blues', 'folk', 'female vocalists'","'rock', 'blues'",126.0,0.2195,1.1334,energetic,mona melody shama,2025/12/05
William,doggone,William,53.0,2025-04-11,2025,0,,,117.0,0.2467,1.0371,neutral,William doggone,2025/12/05
My Endeavour,Ruby Roberts,Somersault Queen,63.0,2025-07-23,2025,0,,,88.0,0.2629,1.0182,neutral,My Endeavour Ruby Roberts,2025/12/05
300 dreams,After,300 dreams,59.0,2025-03-14,2025,0,"'alternative dance', 'baggy', 'trip hop', 'pop rock', 'frutiger aero'","'alternative dance', 'baggy', 'trip hop'",99.0,0.2698,1.103,bright,300 dreams After,2025/12/05
21st Century Cool Girl,Chloe Qisha,21st Century Cool Girl,54.0,2025-01-22,2025,0,"'alternative pop', 'pop', 'malaysia', 'indie pop', 'electropop'","'pop', 'indie pop', 'electropop'",117.0,0.2526,1.0524,neutral,21st Century Cool Girl Chloe Qisha,2025/12/05
Foxglove,Babble Hume,Mulberry Tree,37.0,2025-05-02,2025,0,,,108.0,0.3226,1.0268,neutral,Foxglove Babble Hume,2025/12/05
piano in the sky,Mikayla Geier,HOT POT!,55.0,2025-10-29,2025,0,"'singer-songwriter', 'Canadian', 'indie pop', 'chamber folk', 'female vocalist'",'indie pop',126.0,0.3048,1.1058,energetic,piano in the sky Mikayla Geier,2025/12/05
you're such a good girl?,bartek turski,you're such a good girl?,48.0,2025-06-06,2025,0,,,136.0,0.1533,1.003,energetic,you're such a good girl? bartek turski,2025/12/05
That Ass!,Sofia Gobbi,That Ass!,18.0,2025-05-16,2025,0,"'indie', 'rock', 'singer-songwriter', 'pop'","'rock', 'pop'",126.0,0.2459,1.0996,energetic,That Ass! Sofia Gobbi,2025/12/05
East Coast Summers,Kaleb Cohen,East Coast Summers,54.0,2025-05-02,2025,0,,,133.0,0.2478,1.1471,energetic,East Coast Summers Kaleb Cohen,2025/12/05
idk,Allison Eide,idk,54.0,2025-07-18,2025,0,"'pop', 'christian'",'pop',101.0,0.2544,1.156,bright,idk Allison Eide,2025/12/05
Backwards,James Arp,Backwards,17.0,2025-09-26,2025,0,,,99.0,0.2065,0.973,neutral,Backwards James Arp,2025/12/05
Knock Me Off My Feet,oskar med k,Knock Me Off My Feet,70.0,2025-01-03,2025,0,'electronic','electronic',126.0,0.311,1.477,energetic,Knock Me Off My Feet oskar med k,2025/12/05
Killed For Sport,Baby Nova,Killed For Sport,34.0,2025-01-22,2025,0,"'pop', 'Canadian', 'dream pop', 'indie', 'canada'","'pop', 'dream pop'",123.0,0.2027,0.9657,energetic,Killed For Sport Baby Nova,2025/12/05
use me!!!!!!!,Olga Myko,WHEN A GIRL CRIES,76.0,2025-08-29,2025,0,'pop','pop',120.0,0.1888,0.9087,neutral,use me!!!!!!! Olga Myko,2025/12/05
Onions,LUKAS OSCAR,Onions,30.0,2025-08-29,2025,0,,,144.0,0.2442,1.0717,energetic,Onions LUKAS OSCAR,2025/12/05
KEEP IT COOL,Eileen Alister,KEEP IT COOL,28.0,2025-09-26,2025,0,"'singer-songwriter', 'pop', 'my top songs', 'switzerland'",'pop',126.0,0.2931,1.2319,energetic,KEEP IT COOL Eileen Alister,2025/12/05
Who are you?,Saga Faye,East of the Sun...,68.0,2024-11-28,2024,1,'indie',,108.0,0.2771,0.9584,neutral,Who are you? Saga Faye,2025/12/05
eYeSiGht,Min Taka,eYeSiGht,45.0,2025-01-10,2025,0,"'dutch', 'indie pop', 'turkish', 'pop', 'netherlands'","'indie pop', 'pop'",110.0,0.1979,1.2096,neutral,eYeSiGht Min Taka,2025/12/05
The Actor,Folk Bitch Trio,Now Would Be A Good Time,52.0,2025-07-25,2025,0,"'folk', 'Garage Rock', 'australian', 'Garage Punk', 'punk rock'",,115.0,0.1261,0.8505,neutral,The Actor Folk Bitch Trio,2025/12/05
LIAR,TERE!,LIAR,23.0,2025-11-27,2025,0,,,129.0,0.2038,1.2468,energetic,LIAR TERE!,2025/12/05
Subliminals,Saint Ludo,Subliminals,61.0,2025-10-01,2025,0,,,152.0,0.2772,1.4022,energetic,Subliminals Saint Ludo,2025/12/05
Hey You,The Belair Lip Bombs,Hey You,51.0,2025-08-13,2025,0,"'rock', 'surf rock', 'indie rock', 'Surf', 'indie'","'rock', 'indie rock', 'Surf'",161.0,0.2645,0.9374,energetic,Hey You The Belair Lip Bombs,2025/12/07
Rivet Gun,Mother Soki,Rivet Gun,55.0,2025-04-25,2025,0,"'Minnesota', 'dream pop', 'United States'",'dream pop',112.0,0.1398,0.9443,neutral,Rivet Gun Mother Soki,2025/12/07
Bunna Summa,BunnaB,Bunna Summa (Ice Cream Summer Deluxe),64.0,2025-04-16,2025,0,"'atlanta', 'hip hop', 'Trap Queen', 'rap', 'viral rap'",'rap',148.0,0.2575,1.0815,energetic,Bunna Summa BunnaB,2025/12/07
To The Sandals,Dove Ellis,To The Sandals,49.0,2025-09-10,2025,0,"'indie', 'singer-songwriter', 'indie rock', 'irish', 'chamber pop'","'indie rock', 'chamber pop'",136.0,0.0978,0.8022,energetic,To The Sandals Dove Ellis,2025/12/07
East Texas and You,Solon Holt,East Texas and You,63.0,2025-09-19,2025,0,'United States',,133.0,0.3167,0.9448,energetic,East Texas and You Solon Holt,2025/12/07
Lullaby,JayDon,Me My Songs & I,66.0,2025-10-10,2025,0,"'rnb', 'pop', 'Hip-Hop'","'pop', 'Hip-Hop'",178.0,0.1912,1.2583,energetic,Lullaby JayDon,2025/12/07
Funny Music,Gelli Haha,Switcheroo,41.0,2025-06-27,2025,0,"'upcoming album 2025', 'rutracker', 'pop', 'electronic', 'synthpop'","'pop', 'electronic', 'synthpop'",133.0,0.2649,1.1884,energetic,Funny Music Gelli Haha,2025/12/07
Collect 200,Collect 200,Collect 200,64.0,2025-04-25,2025,0,"'electronic', 'dance'",'electronic',126.0,0.2669,1.2616,energetic,Collect 200 Collect 200,2025/12/07
SEEK,DC3,SEEK,45.0,2025-06-06,2025,0,"'heavy metal', 'hard rock', 'rock', '80s', 'sst'","'heavy metal', 'hard rock', 'rock'",110.0,0.2505,1.292,bright,SEEK DC3,2025/12/07
AT&T,Liquid Mike,Hell Is An Airport,53.0,2025-09-12,2025,0,"'power pop', 'indie rock', 'indie', 'punk', 'Michigan'","'power pop', 'indie rock', 'punk'",126.0,0.3106,1.0766,energetic,AT&T Liquid Mike,2025/12/07
other boys are boring,panicbaby,other boys are boring,64.0,2025-09-26,2025,0,"'indie', 'indie pop'",'indie pop',110.0,0.1833,0.9492,neutral,other boys are boring panicbaby,2025/12/07
Too Pretty For Buffalo,Baby Nova,Too Pretty For Buffalo,47.0,2025-03-06,2025,0,"'pop', 'Canadian', 'dream pop', 'indie', 'canada'","'pop', 'dream pop'",152.0,0.2831,0.9983,energetic,Too Pretty For Buffalo Baby Nova,2025/12/07
Heavy,Florence Road,Heavy,55.0,2025-03-14,2025,0,"'indie rock', 'indie pop', 'rock', 'power pop', 'irish'","'indie rock', 'indie pop', 'rock', 'power pop'",129.0,0.25,0.9627,energetic,Heavy Florence Road,2025/12/07
blue,MUD/O,It's enough to say I tried,27.0,2025-09-05,2025,0,"'dream pop', 'indie pop', 'indie folk', 'dreampop'","'dream pop', 'indie pop', 'indie folk'",144.0,0.0678,0.7429,energetic,blue MUD/O,2025/12/07
CRUISING TO SELF SOOTHE,Ecca Vandal,CRUISING TO SELF SOOTHE,55.0,2025-02-27,2025,0,"'electronic', 'Hip-Hop', 'punk', 'soul', 'alternative rock'","'electronic', 'Hip-Hop', 'punk', 'soul', 'alternative rock'",120.0,0.2852,0.9921,neutral,CRUISING TO SELF SOOTHE Ecca Vandal,2025/12/07
Creature Skin,Ella Ion,Map // Creature Skin,32.0,2025-05-07,2025,0,,,99.0,0.1491,1.0063,neutral,Creature Skin Ella Ion,2025/12/07
"Almost, So Close, Maybe",Mercer Henderson,"Almost, So Close, Maybe",56.0,2025-02-28,2025,0,"'pop', 'indie', 'singer-songwriter', 'indie pop', 'san francisco'","'pop', 'indie pop'",133.0,0.31,1.0937,energetic,"Almost, So Close, Maybe Mercer Henderson",2025/12/07
Give Me A Sign (feat. Caroline Kingsbury),MARIS,Give Me A Sign (feat. Caroline Kingsbury),46.0,2025-03-14,2025,0,"'pop', 'jazz', 'singer-songwriter', 'electronic', 'dance'","'pop', 'jazz', 'electronic'",108.0,0.2033,1.0714,neutral,Give Me A Sign (feat. Caroline Kingsbury) MARIS,2025/12/07
Stars Above,Swoosh,Stars Above,49.0,2025-05-02,2025,0,"'jungle', 'Drum and bass', 'electronic', 'electronica', 'Garage Rock'","'electronic', 'electronica'",129.0,0.2558,1.2478,energetic,Stars Above Swoosh,2025/12/07
Call U Back,TTSSFU,Call U Back,51.0,2025-07-16,2025,0,"'indie', 'shoegaze', 'indie rock', 'alternative', 'post-punk'","'shoegaze', 'indie rock', 'alternative'",148.0,0.2765,1.0439,energetic,Call U Back TTSSFU,2025/12/07
planet you forgot me,Leyla Ebrahimi,planet you forgot me,52.0,2025-01-16,2025,0,"'Iranian', 'indie', 'singer-songwriter', 'alternative', 'indie pop'","'alternative', 'indie pop'",108.0,0.1651,0.999,neutral,planet you forgot me Leyla Ebrahimi,2025/12/07
All I Really Want,Yes Boone,All I Really Want,56.0,2025-09-11,2025,0,"'electronic', 'House', 'australian', 'dance'","'electronic', 'House'",126.0,0.2711,1.2008,energetic,All I Really Want Yes Boone,2025/12/07
Apollo,Jelly Crystal,Apollo,38.0,2025-01-10,2025,0,"'electronic', 'swedish', 'indie pop', 'art pop'","'electronic', 'indie pop'",157.0,0.2189,0.9719,energetic,Apollo Jelly Crystal,2025/12/07
Tiara,WHYLUCAS,ORANGE,18.0,2025-06-27,2025,0,"'singapore', 'singer-songwriter', 'pop', 'male vocalist', 'chuang asia'",'pop',112.0,0.1199,1.1571,bright,Tiara WHYLUCAS,2025/12/07
Baddiez,Swank Mami,Baddiez,39.0,2025-07-30,2025,0,"'experimental', 'electronic', 'uk bass'",'electronic',129.0,0.2517,1.4117,energetic,Baddiez Swank Mami,2025/12/07
lightspeed,VALÉ,lightspeed,30.0,2025-06-20,2025,0,"'colombian', 'latin', 'pop', 'alternative pop', 'singer songwriter'","'latin', 'pop'",112.0,0.1808,1.1215,neutral,lightspeed VALÉ,2025/12/07
Sedona,Anna Bates,Sedona,44.0,2025-02-14,2025,0,"'folk', 'indie', 'USA', 'indie pop'",'indie pop',120.0,0.0952,0.9318,neutral,Sedona Anna Bates,2025/12/07
Dave's TV,The Thing,The Thing,47.0,2025-08-06,2025,0,"'free jazz', 'jazz', 'Avant-Garde', 'saxophone', 'improvisation'","'free jazz', 'jazz', 'Avant-Garde'",157.0,0.2827,0.9695,energetic,Dave's TV The Thing,2025/12/07
Nkosi's Fantasia,Miki Ikhifa,Nkosi's Fantasia: Chapter One,48.0,2023-12-31,2023,2,"'saxophone', 'jazz'",'jazz',157.0,0.1712,1.2011,energetic,Nkosi's Fantasia Miki Ikhifa,2025/12/07
coming around,fliss,coming around,52.0,2025-07-30,2025,0,"'UK', 'indie'",,115.0,0.2381,1.0143,neutral,coming around fliss,2025/12/07
Can You Fix Your Heart?,HU,Can You Fix Your Heart,35.0,2025-07-18,2025,0,"'techno', 'japanese', 'ambient', 'experimental', 'italian'","'techno', 'ambient'",152.0,0.3151,1.3975,energetic,Can You Fix Your Heart? HU,2025/12/07
You Could Hate Me,Sophia Stel,Object Permanence (Deluxe Edition),42.0,2025-03-07,2025,0,"'electronic', 'Canadian', 'shoegaze', 'experimental', 'art pop'","'electronic', 'shoegaze'",126.0,0.0817,1.0641,energetic,You Could Hate Me Sophia Stel,2025/12/07
I Want It All,Ullah,I Want It All,38.0,2025-01-17,2025,0,,,152.0,0.2261,0.9393,energetic,I Want It All Ullah,2025/12/07
NEW AGE,sleepazoid,NEW AGE,46.0,2025-09-18,2025,0,"'Grunge', 'indie', 'alternative', 'alternative rock', 'post-punk'","'Grunge', 'alternative', 'alternative rock'",105.0,0.2708,1.0105,neutral,NEW AGE sleepazoid,2025/12/07
Syd Sweeney,Smut,Tomorrow Comes Crashing,16.0,2025-04-08,2025,0,"'dubstep', 'hardcore', 'punk', 'metalcore', 'hardcore punk'","'dubstep', 'hardcore', 'punk', 'metalcore', 'hardcore punk'",152.0,0.1818,0.9843,energetic,Syd Sweeney Smut,2025/12/07
Nausicaä (Love Will Be Revealed),Cameron Winter,Heavy Metal,65.0,2024-12-06,2024,1,"'The Blind Pig Show with Jack Anderson', 'WSUM 91.7 FM Madison', 'soft rock', 'soul', 'singer-songwriter'","'soft rock', 'soul'",88.0,0.1714,1.0251,neutral,Nausicaä (Love Will Be Revealed) Cameron Winter,2025/12/07
WHAT A FEELING,Glazyhaze,SONIC,37.0,2025-03-21,2025,0,"'shoegaze', 'dream pop', 'dreampop', 'indie pop', 'indie rock'","'shoegaze', 'dream pop', 'indie pop', 'indie rock'",120.0,0.2004,0.825,neutral,WHAT A FEELING Glazyhaze,2025/12/07
Skins,The Orchestra (For Now),Skins,40.0,2025-01-28,2025,0,"'Crank wave', 'Progressive rock', 'alternative rock', 'experimental', 'post-punk'","'Progressive rock', 'alternative rock'",157.0,0.1892,0.9772,energetic,Skins The Orchestra (For Now),2025/12/07
I Don't Go Out,googly eyes,I Don't Go Out,37.0,2025-08-15,2025,0,"'electronic', 'folk', 'pop', 'indie pop', 'folktronica'","'electronic', 'pop', 'indie pop', 'folktronica'",129.0,0.2933,1.0519,energetic,I Don't Go Out googly eyes,2025/12/07
Woman Lake,snuggle,Goodbyehouse,45.0,2025-09-12,2025,0,"'Lo-Fi', 'indie pop', 'art pop', 'electronic', 'alternative pop'","'Lo-Fi', 'indie pop', 'electronic'",123.0,0.2262,0.9685,energetic,Woman Lake snuggle,2025/12/07
Shoulders,Jo The Man The Music,Shoulders,39.0,2025-11-14,2025,0,,,117.0,0.2979,1.0376,neutral,Shoulders Jo The Man The Music,2025/12/07
ME TRAES BN MAL,eydrey,ME TRAES BN MAL,40.0,2025-08-08,2025,0,"'pop', 'folk', 'USA', 'mexican'",'pop',133.0,0.3544,1.144,energetic,ME TRAES BN MAL eydrey,2025/12/07
Glide,ALZZY,Glide,33.0,2025-06-20,2025,0,,,172.0,0.2672,1.2726,energetic,Glide ALZZY,2025/12/07
Say Ciao,Niah Steiner,Romantica,37.0,2025-06-20,2025,0,,,129.0,0.3377,1.1043,energetic,Say Ciao Niah Steiner,2025/12/07
Storming Out,Seago,Storming Out,30.0,2025-04-30,2025,0,"'funk_add_to_lidarr_batch_23', 'indie'",,117.0,0.2759,1.1341,neutral,Storming Out Seago,2025/12/07
You Don't Know,Nico Play,You Don't Know,55.0,2025-01-14,2025,0,'mexican',,103.0,0.1937,0.89,neutral,You Don't Know Nico Play,2025/12/07
Keep On Keeping On,Tommy WÁ,Somewhere Only We Go,37.0,2025-08-08,2025,0,"'folk', 'singer-songwriter', 'vocal', 'indie folk', 'african'","'vocal', 'indie folk'",129.0,0.1221,0.9251,energetic,Keep On Keeping On Tommy WÁ,2025/12/07
Hotel TV,Folk Bitch Trio,Now Would Be A Good Time,46.0,2025-07-25,2025,0,"'folk', 'Garage Rock', 'australian', 'Garage Punk', 'punk rock'",,115.0,0.1377,0.8215,neutral,Hotel TV Folk Bitch Trio,2025/12/07
when you leave,woody,"highs, lows & stargazing",30.0,2025-10-31,2025,0,"'electronic', 'pluggnb', 'Drum and bass', 'minimal', 'liquid funk'","'electronic', 'minimal', 'liquid funk'",120.0,0.3209,1.1836,neutral,when you leave woody,2025/12/07
Even if it's a Lie (I Don't Mind),Yndling,Time Time Time (I'm in the Palm of Your Hand),45.0,2025-11-06,2025,0,"'dream pop', 'electronic', 'shoegaze', 'indie pop', 'synth pop'","'dream pop', 'electronic', 'shoegaze', 'indie pop'",108.0,0.2215,1.0359,neutral,Even if it's a Lie (I Don't Mind) Yndling,2025/12/07
i love you,Olivia C. Dacal,i love you,39.0,2025-05-16,2025,0,"'pop', 'latin', 'rnb', 'singer-songwriter', 'australian'","'pop', 'latin'",110.0,0.1223,0.9525,neutral,i love you Olivia C. Dacal,2025/12/07
Easy Does It,Emily Ann Roberts,Memory Lane,53.0,2025-10-03,2025,0,"'country', 'americana', 'bluegrass', 'USA', 'country pop'","'country', 'americana', 'bluegrass', 'country pop'",103.0,0.1494,0.9701,neutral,Easy Does It Emily Ann Roberts,2025/12/07
To jedzie Psi Patrol,DOBRE PIOSENKI DLA DZIECI,To jedzie Psi Patrol,7.0,2024-11-27,2024,1,,,110.0,0.0628,1.1017,bright,To jedzie Psi Patrol DOBRE PIOSENKI DLA DZIECI,2025/12/17
Roots of the Earth (Mose Remix),Liquid Bloom,ReGen Mose (Mose Remix),30.0,2018-03-20,2018,7,"'psychedelic', 'world fusion', 'chillout', 'psybient', 'shaman'",'psychedelic',105.0,0.2283,1.1533,neutral,Roots of the Earth (Mose Remix) Liquid Bloom,2025/12/17
Prophecy,Mose,Medicine Women,32.0,2018-04-21,2018,7,"'Sludge', 'doom metal', 'Doom', 'sludge metal', 'Sludge Doom'","'Sludge', 'doom metal'",99.0,0.2162,1.3447,neutral,Prophecy Mose,2025/12/17
Shante Ishta,Mose,Medicine Women,43.0,2018-04-21,2018,7,"'Sludge', 'doom metal', 'Doom', 'sludge metal', 'Sludge Doom'","'Sludge', 'doom metal'",98.0,0.1739,1.3315,neutral,Shante Ishta Mose,2025/12/17
Vida,Mose,Vida,27.0,2017-09-22,2017,8,"'Sludge', 'doom metal', 'Doom', 'sludge metal', 'Sludge Doom'","'Sludge', 'doom metal'",99.0,0.2109,1.2626,neutral,Vida Mose,2025/12/17
Wanderlust - Mose Remix,Lannka,Wanderlust,26.0,2017-09-04,2017,8,'deep house','deep house',103.0,0.1645,1.4883,neutral,Wanderlust - Mose Remix Lannka,2025/12/17
"Hej, jak się masz?",Maniucha Bikont,Porządki,13.0,2024-11-06,2024,1,"'folk', 'polish', 'traditional', 'folklore', 'Ukraine'",,123.0,0.0499,0.8995,neutral,"Hej, jak się masz? Maniucha Bikont",2025/12/17
No Man's Woman,Sinéad O'Connor,Faith and Courage,36.0,2000-05-05,2000,25,"'female vocalists', 'irish', 'alternative', 'singer-songwriter', 'rock'","'alternative', 'rock'",91.0,0.182,1.0767,neutral,No Man's Woman Sinéad O'Connor,2025/12/17
Dzwonisz,Bovska,Jestem wierszem,30.0,2025-04-14,2025,0,"'polish', 'electronic', 'alternative', 'pop', 'experimental'","'electronic', 'alternative', 'pop'",140.0,0.2162,0.9823,energetic,Dzwonisz Bovska,2025/12/17
Prywatna wyspa,Lordofon,Niesamowita Trupa Pana Hiroszimy,49.0,2025-06-20,2025,0,"'indie', 'Hip-Hop', 'polish', 'hip hop', 'indie rock'","'Hip-Hop', 'indie rock'",108.0,0.216,1.215,neutral,Prywatna wyspa Lordofon,2025/12/17
Moc Jeszcze Nie,Koci Domek Gabi,Moc Jeszcze Nie,35.0,2024-08-02,2024,1,,,108.0,0.0399,1.3311,bright,Moc Jeszcze Nie Koci Domek Gabi,2025/12/17
Sweet Sounds Of Heaven (feat. Lady Gaga) - Edit,The Rolling Stones,Sweet Sounds Of Heaven,41.0,2023-09-28,2023,2,"'classic rock', 'rock', 'british', '60s', 'blues'","'rock', 'blues'",129.0,0.2851,0.9429,energetic,Sweet Sounds Of Heaven (feat. Lady Gaga) - Edit The Rolling Stones,2025/12/17
Jestem wierszem,Bovska,Jestem wierszem,25.0,2025-09-19,2025,0,"'polish', 'electronic', 'alternative', 'pop', 'experimental'","'electronic', 'alternative', 'pop'",112.0,0.2013,1.124,neutral,Jestem wierszem Bovska,2025/12/17
Tsunami,Bovska,Jestem wierszem,35.0,2025-01-16,2025,0,"'polish', 'electronic', 'alternative', 'pop', 'experimental'","'electronic', 'alternative', 'pop'",129.0,0.204,0.896,energetic,Tsunami Bovska,2025/12/17
W oceanie,Maniucha Bikont,Porządki,13.0,2024-11-06,2024,1,"'folk', 'polish', 'traditional', 'folklore', 'Ukraine'",,101.0,0.3223,0.9633,neutral,W oceanie Maniucha Bikont,2025/12/17
Una Mattina,Ludovico Einaudi,Una Mattina,73.0,2004-01-01,2004,21,"'piano', 'Classical', 'contemporary classical', 'instrumental', 'ambient'","'Classical', 'contemporary classical', 'instrumental', 'ambient'",144.0,0.0145,0.4365,neutral,Una Mattina Ludovico Einaudi,2025/12/17
Dreams,The Cranberries,"Everybody Else Is Doing It, So Why Can't We?",83.0,1993-03-01,1993,32,"'rock', '90s', 'alternative', 'female vocalists', 'irish'","'rock', 'alternative'",129.0,0.1979,1.0016,energetic,Dreams The Cranberries,2025/12/17
Ode To My Family,The Cranberries,No Need To Argue (The Complete Sessions 1994-1995),73.0,1994,1994,31,"'rock', 'alternative', 'alternative rock', 'female vocalists', 'irish'","'rock', 'alternative', 'alternative rock'",126.0,0.1834,0.9701,energetic,Ode To My Family The Cranberries,2025/12/17
Light Of Love,Florence + The Machine,Light Of Love,46.0,2020-04-17,2020,5,,,133.0,0.1668,0.9669,energetic,Light Of Love Florence + The Machine,2025/12/17
Komary,Kaśka Sochacka,Ta druga,39.0,2025-12-12,2025,0,"'polish', 'indie', 'female vocalists', 'pop', 'alternative'","'pop', 'alternative'",101.0,0.2076,1.0553,neutral,Komary Kaśka Sochacka,2025/12/17
Na straganie,DOBRE PIOSENKI DLA DZIECI,Na straganie,2.0,2024-11-30,2024,1,,,140.0,0.1437,1.1895,energetic,Na straganie DOBRE PIOSENKI DLA DZIECI,2025/12/17
Uno Dos Tres - Contando Karaoke Mix,Saskia Garel,Uno Dos Tres: The Mini Mixes,16.0,2023-01-23,2023,2,,,152.0,0.0934,1.2648,energetic,Uno Dos Tres - Contando Karaoke Mix Saskia Garel,2025/12/17
Czarny,Maniucha Bikont,Porządki,11.0,2024-11-06,2024,1,"'folk', 'polish', 'traditional', 'folklore', 'Ukraine'",,123.0,0.2506,0.8334,energetic,Czarny Maniucha Bikont,2025/12/17
Komar,DOBRE PIOSENKI DLA DZIECI,Komar,7.0,2024-12-21,2024,1,,,136.0,0.1199,1.3888,energetic,Komar DOBRE PIOSENKI DLA DZIECI,2025/12/17
Fire Gathering (Mose Remix),Liquid Bloom,ReGen Mose (Mose Remix),29.0,2018-03-20,2018,7,"'psychedelic', 'world fusion', 'chillout', 'psybient', 'shaman'",'psychedelic',108.0,0.1516,1.2405,neutral,Fire Gathering (Mose Remix) Liquid Bloom,2025/12/17
What's Up?,4 Non Blondes,"Bigger, Better, Faster, More !",86.0,1992-01-01,1992,33,"'90s', 'rock', 'female vocalists', 'pop', 'alternative'","'rock', 'pop', 'alternative'",133.0,0.144,0.9737,energetic,What's Up? 4 Non Blondes,2025/12/17
Zombie,The Cranberries,No Need To Argue (The Complete Sessions 1994-1995),84.0,1994,1994,31,"'rock', 'alternative', '90s', 'alternative rock', 'female vocalists'","'rock', 'alternative', 'alternative rock'",167.0,0.1966,0.9948,energetic,Zombie The Cranberries,2025/12/17
Chcę,Bovska,Jestem wierszem,21.0,2025-09-19,2025,0,"'polish', 'electronic', 'alternative', 'pop', 'experimental'","'electronic', 'alternative', 'pop'",129.0,0.1994,1.1315,energetic,Chcę Bovska,2025/12/17
"It Must Have Been Love - From the Film ""Pretty Woman""",Roxette,It Must Have Been Love,82.0,1990-05-20,1990,35,"'1990', 'pan', 'Roxette', 'top songs', 'c major'",,108.0,0.1278,1.0697,neutral,"It Must Have Been Love - From the Film ""Pretty Woman"" Roxette",2025/12/17
June,Florence + The Machine,High As Hope,49.0,2018-06-29,2018,7,,,144.0,0.198,0.9012,energetic,June Florence + The Machine,2025/12/17
Hunger,Florence + The Machine,High As Hope,61.0,2018-06-29,2018,7,,,115.0,0.1712,0.951,neutral,Hunger Florence + The Machine,2025/12/17
Delegacja,Bovska,Jestem wierszem,20.0,2025-09-19,2025,0,"'polish', 'electronic', 'alternative', 'pop', 'experimental'","'electronic', 'alternative', 'pop'",120.0,0.2278,1.0933,neutral,Delegacja Bovska,2025/12/17
Niebo było różowe,Kaśka Sochacka,Ministory,65.0,2021-11-26,2021,4,"'polish', 'indie', 'female vocalists', 'pop', 'alternative'","'pop', 'alternative'",108.0,0.1742,1.008,neutral,Niebo było różowe Kaśka Sochacka,2025/12/17
Gaz do dechy,Koci Domek Gabi,Koci Domek Gabi (Oficjalna Playlista),38.0,2022-04-15,2022,3,,,136.0,0.0699,1.1958,energetic,Gaz do dechy Koci Domek Gabi,2025/12/17
Szczęśliwe czasy,Maniucha Bikont,Porządki,8.0,2024-11-06,2024,1,"'folk', 'polish', 'traditional', 'folklore', 'Ukraine'",,140.0,0.3224,1.1044,energetic,Szczęśliwe czasy Maniucha Bikont,2025/12/17
Dam dyla,Maniucha Bikont,Porządki,9.0,2024-11-06,2024,1,"'folk', 'polish', 'traditional', 'folklore', 'Ukraine'",,123.0,0.3433,1.276,energetic,Dam dyla Maniucha Bikont,2025/12/17
Płonie las,Bovska,Jestem wierszem,28.0,2024-05-08,2024,1,"'polish', 'electronic', 'alternative', 'pop', 'experimental'","'electronic', 'alternative', 'pop'",115.0,0.165,1.0612,neutral,Płonie las Bovska,2025/12/17
Two Weeks,FKA twigs,LP1,56.0,2014-08-11,2014,11,"'trip-hop', 'electronic', 'experimental', 'dream pop', 'alternative rnb'","'trip-hop', 'electronic', 'dream pop'",110.0,0.2541,1.0457,neutral,Two Weeks FKA twigs,2025/12/17
Do diabła z przysłowiami,Kayah,Skała,10.0,2009-09-11,2009,16,"'polish', 'female vocalists', 'pop', 'polskie', 'female'",'pop',133.0,0.1501,0.9295,energetic,Do diabła z przysłowiami Kayah,2025/12/17
Shape of You,Ed Sheeran,÷ (Deluxe),89.0,2017-03-03,2017,8,"'pop', '2017', 'dancehall', 'Ed Sheeran', '2010s'","'pop', 'dancehall'",129.0,0.2489,1.2432,energetic,Shape of You Ed Sheeran,2025/12/17
MAMONY MILION,Kacperczyk,MAMONY MILION,52.0,2025-10-17,2025,0,"'alternative', 'poland', 'polish', 'polskie', 'piotr krasko w swojej mazurskiej posiadlosci'",'alternative',157.0,0.2618,1.0584,energetic,MAMONY MILION Kacperczyk,2025/12/17
London,Bovska,Jestem wierszem,21.0,2025-09-19,2025,0,"'polish', 'electronic', 'alternative', 'pop', 'experimental'","'electronic', 'alternative', 'pop'",148.0,0.205,1.0026,energetic,London Bovska,2025/12/17
Chciałabym,Bovska,Jestem wierszem,18.0,2025-09-19,2025,0,"'polish', 'electronic', 'alternative', 'pop', 'experimental'","'electronic', 'alternative', 'pop'",105.0,0.2276,1.1603,neutral,Chciałabym Bovska,2025/12/17
Himalaje,Bovska,Jestem wierszem,33.0,2025-09-12,2025,0,"'polish', 'electronic', 'alternative', 'pop', 'experimental'","'electronic', 'alternative', 'pop'",115.0,0.1734,0.9219,neutral,Himalaje Bovska,2025/12/17
Bałaganiara,Bovska,Jestem wierszem,31.0,2025-09-19,2025,0,"'polish', 'electronic', 'alternative', 'pop', 'experimental'","'electronic', 'alternative', 'pop'",117.0,0.2353,1.1645,neutral,Bałaganiara Bovska,2025/12/17
Złota sukienka,Bovska,Jestem wierszem,23.0,2025-06-19,2025,0,"'polish', 'electronic', 'alternative', 'pop', 'experimental'","'electronic', 'alternative', 'pop'",126.0,0.2395,1.0991,energetic,Złota sukienka Bovska,2025/12/17
Gimnazjum mrok,Maniucha Bikont,Porządki,12.0,2024-11-06,2024,1,"'folk', 'polish', 'traditional', 'folklore', 'Ukraine'",,115.0,0.1645,0.9455,neutral,Gimnazjum mrok Maniucha Bikont,2025/12/17
Asinamali,Tumi and the Volume,Pick a Dream,17.0,2010-04-12,2010,15,"'Hip-Hop', 'Jazz Hop', 'funk', 'jazz', 'hip hop'","'Hip-Hop', 'funk', 'jazz'",99.0,0.2182,1.3792,neutral,Asinamali Tumi and the Volume,2025/12/17
Nikt nie płacze wiecznie,Bovska,Jestem wierszem,27.0,2025-09-19,2025,0,"'polish', 'electronic', 'alternative', 'pop', 'experimental'","'electronic', 'alternative', 'pop'",120.0,0.196,1.2028,neutral,Nikt nie płacze wiecznie Bovska,2025/12/17
La Marelle / Amarelinha,Dom La Nena,Ramages,50.0,2020-02-28,2020,5,"'singer-songwriter', 'brazilian', 'brasil', 'female vocalist', 'cello'",'brazilian',117.0,0.1371,1.11,neutral,La Marelle / Amarelinha Dom La Nena,2025/12/17
Samiec beta,Lordofon,Niesamowita Trupa Pana Hiroszimy,45.0,2025-10-10,2025,0,"'indie', 'Hip-Hop', 'polish', 'hip hop', 'indie rock'","'Hip-Hop', 'indie rock'",120.0,0.2631,1.5595,neutral,Samiec beta Lordofon,2025/12/17
Posypkowe święto,Koci Domek Gabi,Koci Domek Gabi (Oficjalna Playlista),36.0,2022-04-15,2022,3,,,96.0,0.0459,1.2024,bright,Posypkowe święto Koci Domek Gabi,2025/12/17
Serce mi wydoroślało,Maniucha Bikont,Porządki,13.0,2024-11-06,2024,1,"'folk', 'polish', 'traditional', 'folklore', 'Ukraine'",,123.0,0.2279,0.9306,energetic,Serce mi wydoroślało Maniucha Bikont,2025/12/17
Smutna Maniuszka,Maniucha Bikont,Porządki,7.0,2024-11-06,2024,1,"'folk', 'polish', 'traditional', 'folklore', 'Ukraine'",,112.0,0.0456,1.0235,neutral,Smutna Maniuszka Maniucha Bikont,2025/12/17
Dziś nieczynne,Maniucha Bikont,Porządki,7.0,2024-11-06,2024,1,"'folk', 'polish', 'traditional', 'folklore', 'Ukraine'",,144.0,0.1836,1.0057,energetic,Dziś nieczynne Maniucha Bikont,2025/12/17
Dziś w programie (1),Maniucha Bikont,Porządki,7.0,2024-11-06,2024,1,"'folk', 'polish', 'traditional', 'folklore', 'Ukraine'",,120.0,0.1834,0.8924,neutral,Dziś w programie (1) Maniucha Bikont,2025/12/17
Dziś w programie (2),Maniucha Bikont,Porządki,6.0,2024-11-06,2024,1,"'folk', 'polish', 'traditional', 'folklore', 'Ukraine'",,120.0,0.1871,0.8825,neutral,Dziś w programie (2) Maniucha Bikont,2025/12/17
Trava Murava,Sw@da,#INDAWOODS,27.0,2024-11-29,2024,1,"'polish', 'electronic', 'phonk', 'Belarusian', 'podlachian'",'electronic',115.0,0.2038,1.2582,neutral,Trava Murava Sw@da,2025/12/17
Cura Corazón,Mose,Cura Corazón,46.0,2020-04-28,2020,5,"'Sludge', 'doom metal', 'Doom', 'sludge metal', 'Sludge Doom'","'Sludge', 'doom metal'",103.0,0.1953,1.2463,neutral,Cura Corazón Mose,2025/12/17
Semilla Pura (Mose Remix),The Hanuman Project,Semilla Pura (Mose Remix),25.0,2020-01-15,2020,5,,,144.0,0.1405,1.0782,energetic,Semilla Pura (Mose Remix) The Hanuman Project,2025/12/17
Tonantzin - Live,Poranguí,Poranguí (Live),30.0,2019-03-01,2019,6,"'psydub', 'world', 'chillout', 'psychedelic', 'brazil'","'world', 'psychedelic'",129.0,0.1877,1.2563,energetic,Tonantzin - Live Poranguí,2025/12/17
Linger,The Cranberries,"Everybody Else Is Doing It, So Why Can't We?",86.0,1993-03-01,1993,32,"'rock', '90s', 'female vocalists', 'alternative', 'irish'","'rock', 'alternative'",126.0,0.1677,0.922,energetic,Linger The Cranberries,2025/12/17
Shake It Out,Florence + The Machine,Ceremonials (Original Deluxe Version),72.0,2011-01-01,2011,14,,,108.0,0.0655,0.9696,neutral,Shake It Out Florence + The Machine,2025/12/17
Te Nande,Curawaka,Call of the Wild,40.0,2021-03-26,2021,4,"'brazil', 'folk', 'seen live ohyes', 'new age'",'new age',120.0,0.1699,1.0373,neutral,Te Nande Curawaka,2025/12/17
Losing My Religion,R.E.M.,Out Of Time (25th Anniversary Edition),86.0,1991-03-12,1991,34,"'rock', '90s', 'alternative rock', 'alternative', 'REM'","'rock', 'alternative rock', 'alternative'",126.0,0.0373,0.9691,neutral,Losing My Religion R.E.M.,2025/12/17
Your Song,Lady Gaga,Your Song,53.0,2018-03-30,2018,7,"'pop', 'dance', 'electronic', 'female vocalists', 'female vocalist'","'pop', 'electronic'",129.0,0.2125,0.8951,energetic,Your Song Lady Gaga,2025/12/17
Between Two Lungs,Florence + The Machine,Lungs (Deluxe Version),47.0,2009,2009,16,,,101.0,0.163,1.0413,neutral,Between Two Lungs Florence + The Machine,2025/12/17
Under Pressure - Remastered 2011,Queen,Hot Space (2011 Remaster),82.0,1982-05-03,1982,43,"'rock', 'my top songs', '80s', 'classic rock', 'Pop-Rock'",'rock',115.0,0.1526,0.987,neutral,Under Pressure - Remastered 2011 Queen,2025/12/17
Wake Me Up,Avicii,True,86.0,2013-09-16,2013,12,"'dance', 'electronic', '2013', 'pop', 'Avicii'","'electronic', 'pop'",123.0,0.0457,1.035,bright,Wake Me Up Avicii,2025/12/17
Zombie - Acoustic Version,The Cranberries,Something Else,69.0,2017-04-28,2017,8,"'rock', 'alternative', 'alternative rock', 'female vocalists', 'irish'","'rock', 'alternative', 'alternative rock'",167.0,0.2086,0.8887,energetic,Zombie - Acoustic Version The Cranberries,2025/12/17
Syn okiennika,Kacperczyk,Pokolenie Końca Świata,48.0,2023-06-23,2023,2,"'alternative', 'poland', 'polish', 'polskie', 'piotr krasko w swojej mazurskiej posiadlosci'",'alternative',110.0,0.1917,1.1277,neutral,Syn okiennika Kacperczyk,2025/12/17
Choreomania,Florence + The Machine,Dance Fever,56.0,2022-05-13,2022,3,,,157.0,0.2266,1.2182,energetic,Choreomania Florence + The Machine,2025/12/17
"Frida (mai, mai, mai)",The Kolors,"Frida (mai, mai, mai)",37.0,2018-02-07,2018,7,"'funk', 'italian', 'electronic', 'pop', 'pop rock'","'funk', 'electronic', 'pop'",152.0,0.2152,1.0249,energetic,"Frida (mai, mai, mai) The Kolors",2025/12/17
Titanium (feat. Sia),David Guetta,Nothing but the Beat (Ultimate Edition),84.0,2012-12-07,2012,13,"'dance', 'electronic', 'House', 'pop', 'love at first listen'","'electronic', 'House', 'pop'",126.0,0.2503,1.0531,energetic,Titanium (feat. Sia) David Guetta,2025/12/17
King,Florence + The Machine,King,61.0,2022-05-13,2022,3,,,105.0,0.2162,0.9895,neutral,King Florence + The Machine,2025/12/17
Co tam jak się masz,Daria ze Śląska,Na południu bez zmian,51.0,2024-05-24,2024,1,"'polish', 'pop', 'indie pop', 'alternative', 'silesia'","'pop', 'indie pop', 'alternative'",140.0,0.2459,1.0303,energetic,Co tam jak się masz Daria ze Śląska,2025/12/17
Francoise Hardy,Lordofon,Passé,49.0,2023-06-09,2023,2,"'indie', 'Hip-Hop', 'polish', 'hip hop', 'indie rock'","'Hip-Hop', 'indie rock'",140.0,0.1353,1.1018,energetic,Francoise Hardy Lordofon,2025/12/17
Opowiadaj mi tak,Zbigniew Wodecki,Zacznij od Bacha (The Best),48.0,2004-01-29,2004,21,"'polish', 'pop', 'polskie', 'rock', 'male vocalists'","'pop', 'rock'",172.0,0.1408,0.9977,energetic,Opowiadaj mi tak Zbigniew Wodecki,2025/12/17
"Hiroszima, mon amour",Lordofon,Niesamowita Trupa Pana Hiroszimy,46.0,2025-10-10,2025,0,"'indie', 'Hip-Hop', 'polish', 'hip hop', 'indie rock'","'Hip-Hop', 'indie rock'",117.0,0.2593,1.1586,bright,"Hiroszima, mon amour Lordofon",2025/12/17
Początek,Męskie Granie Orkiestra,Początek,56.0,2018-05-23,2018,4,"'polish', 'rock', 'alternative rock', 'polish rock', 'Supergroup'","'rock', 'alternative rock'",,,,,Początek Męskie Granie Orkiestra,2025/12/17
Brzydala,Domowe Melodie,3,36.0,2015-04-01,2015,7,"'polish', 'acoustic', 'piano', 'female vocalists', 'alternative'",'alternative',157.0,0.0825,1.041,energetic,Brzydala Domowe Melodie,2025/12/17
Kaonashi,Daria Zawiałow,Wojny i Noce,38.0,2021-06-11,2021,1,"'polish', 'pop', 'indie pop', 'alternative', 'indie'","'pop', 'indie pop', 'alternative'",99.0,0.1903,1.1629,neutral,Kaonashi Daria Zawiałow,2025/12/17
MAMMAMIA,Måneskin,MAMMAMIA,68.0,2023-01-20,2023,0,"'rock', 'glam rock', 'italian', 'alternative rock', 'Italy'","'rock', 'glam rock', 'alternative rock'",144.0,0.2285,1.1845,energetic,MAMMAMIA Måneskin,2025/12/17
Ptaki - MTV Unplugged,Krzysztof Zalewski,Ptaki - MTV Unplugged,31.0,2021-11-23,2021,1,"'polish', 'rock', 'alternative rock', 'hard rock', 'alternative'","'rock', 'alternative rock', 'hard rock', 'alternative'",126.0,0.2261,1.1208,energetic,Ptaki - MTV Unplugged Krzysztof Zalewski,2025/12/17
Rower,Lech Janerka,Plagiaty,33.0,2002-02-13,2002,20,"'polish', 'alternative', 'rock', 'alternative rock', 'poetry'","'alternative', 'rock', 'alternative rock'",123.0,0.1663,1.2105,energetic,Rower Lech Janerka,2025/12/17
Only Thing We Know,Alle Farben,Only Thing We Know,44.0,2018-06-08,2018,4,"'electronic', 'minimal', 'minimal techno', 'Berlin', 'german'","'electronic', 'minimal', 'minimal techno'",120.0,0.0809,1.2912,neutral,Only Thing We Know Alle Farben,2025/12/17
Cool Me Down,Gromee,Cool Me Down,37.0,2021-04-23,2021,1,"'polish', 'electronic', 'Eurovision', 'House', 'Eurovision Song Contest'","'electronic', 'House'",126.0,0.2328,1.3168,energetic,Cool Me Down Gromee,2025/12/17
Throwback,Michael Patrick Kelly,B.O.A.T.S,46.0,2021-06-11,2021,1,"'irish', 'singer-songwriter', ' ', 'kelly family', 'Kelly Familiy'",,172.0,0.2697,1.1558,energetic,Throwback Michael Patrick Kelly,2025/12/17
Secrets,P!nk,Beautiful Trauma,49.0,2017-10-13,2017,5,"'pop', 'pop rock', 'female vocalists', 'rock', 'female'","'pop', 'rock'",120.0,0.2848,1.131,neutral,Secrets P!nk,2025/12/17
Tuesday,Burak Yeter,Tuesday (feat. Danelle Sandoval),73.0,2016-09-02,2016,6,"'House', 'turkish', 'electronic', 'turkey', 'electro'","'House', 'electronic', 'electro'",99.0,0.2609,1.273,neutral,Tuesday Burak Yeter,2025/12/17
I Kissed A Girl - Rock Remix,Katy Perry,One Of The Boys,52.0,2008-06-17,2008,14,"'pop', 'female vocalists', 'pop rock', 'indie', 'rock'","'pop', 'rock'",129.0,0.2994,1.04,energetic,I Kissed A Girl - Rock Remix Katy Perry,2025/12/17
Powiedziałem jej o Tobie,Strachy Na Lachy,Piekło,24.0,2021-10-01,2021,1,"'rock', 'polish', 'alternative', 'alternative rock', 'punk rock'","'rock', 'alternative', 'alternative rock'",136.0,0.2056,1.1154,energetic,Powiedziałem jej o Tobie Strachy Na Lachy,2025/12/17
La Louze,SHANGUY,La Louze,44.0,2017-12-08,2017,5,"'dance', 'french', 'electronic', 'italian', 'EDM'",'electronic',120.0,0.2416,1.1653,neutral,La Louze SHANGUY,2025/12/17
Tourner Dans Le Vide,Indila,Mini World,74.0,2014-01-01,2014,8,"'french', 'pop', 'female vocalist', 'female vocalists', 'indie'",'pop',120.0,0.1244,1.0856,neutral,Tourner Dans Le Vide Indila,2025/12/17
Head Shoulders Knees & Toes (feat. Norma Jean Martine),Ofenbach,Head Shoulders Knees & Toes (feat. Norma Jean Martine),65.0,2022-09-02,2022,0,"'electronic', 'dance', 'pop', 'french', 'House'","'electronic', 'pop', 'House'",126.0,0.2379,1.2867,energetic,Head Shoulders Knees & Toes (feat. Norma Jean Martine) Ofenbach,2025/12/17
Alors on danse - Radio Edit,Stromae,Cheese,79.0,2010-01-01,2010,12,"'electronic', 'dance', 'belgian', 'french', 'electronica'","'electronic', 'electronica'",120.0,0.1475,1.2013,neutral,Alors on danse - Radio Edit Stromae,2025/12/17
Łuski krokodyla,Strachy Na Lachy,Piekło,19.0,2021-10-01,2021,1,"'rock', 'polish', 'alternative', 'alternative rock', 'punk rock'","'rock', 'alternative', 'alternative rock'",148.0,0.2328,1.1387,energetic,Łuski krokodyla Strachy Na Lachy,2025/12/17
Jak Dobrze Cię Widzieć - Live,Tabu,Tabu Live Przystanek Woodstock 2014,20.0,2014-12-04,2014,8,"'reggae', 'ska', 'polish reggae', 'polish', 'polish music'","'reggae', 'ska'",98.0,0.1703,1.0912,neutral,Jak Dobrze Cię Widzieć - Live Tabu,2025/12/17
Błąd,Łona I Webber,Nawiasem Mówiąc,46.0,2016-04-22,2016,6,"'Hip-Hop', 'rap', 'polish', 'asfalt', 'hip hop'","'Hip-Hop', 'rap'",117.0,0.1818,1.5224,neutral,Błąd Łona I Webber,2025/12/17
Czułe miejsce,BARANOVSKI,Zbiór,46.0,2019-10-25,2019,3,"'polish', 'electronic', 'piotr krasko w swojej mazurskiej posiadlosci', 'indie', 'indie pop'","'electronic', 'indie pop'",92.0,0.2041,1.1663,neutral,Czułe miejsce BARANOVSKI,2025/12/17
Annuszka,Krzysztof Zalewski,Zabawa,44.0,2020-09-18,2020,2,"'polish', 'rock', 'alternative rock', 'hard rock', 'alternative'","'rock', 'alternative rock', 'hard rock', 'alternative'",99.0,0.2136,1.0582,neutral,Annuszka Krzysztof Zalewski,2025/12/17
Bye Bye Bye,YouNotUs,Bye Bye Bye,43.0,2021-06-11,2021,1,"'germany', 'C', 'EDM', 'german', 'electronic'",'electronic',126.0,0.2899,1.2696,energetic,Bye Bye Bye YouNotUs,2025/12/17
Snajper,Strachy Na Lachy,Piekło,18.0,2021-10-01,2021,1,"'rock', 'polish', 'alternative', 'alternative rock', 'punk rock'","'rock', 'alternative', 'alternative rock'",92.0,0.2155,1.1284,neutral,Snajper Strachy Na Lachy,2025/12/17
Zachmurzony w Tobie,Strachy Na Lachy,Piekło,26.0,2021-10-01,2021,1,"'rock', 'polish', 'alternative', 'alternative rock', 'punk rock'","'rock', 'alternative', 'alternative rock'",144.0,0.2121,1.151,energetic,Zachmurzony w Tobie Strachy Na Lachy,2025/12/17
Jedwab,Róże Europy,Poganie! Kochaj i Obrażaj,49.0,2015-01-01,2015,7,"'rock', 'polish', 'alternative rock', 'polish rock', 'polskie'","'rock', 'alternative rock'",110.0,0.1331,1.0369,neutral,Jedwab Róże Europy,2025/12/17
Stroiciel wiolonczel,Strachy Na Lachy,Piekło,21.0,2021-10-01,2021,1,"'rock', 'polish', 'alternative', 'alternative rock', 'punk rock'","'rock', 'alternative', 'alternative rock'",140.0,0.2527,1.1113,energetic,Stroiciel wiolonczel Strachy Na Lachy,2025/12/17
Take Me Out,Franz Ferdinand,Franz Ferdinand,85.0,2004-02-16,2004,18,"'indie', 'indie rock', 'rock', 'alternative', 'franz ferdinand'","'indie rock', 'rock', 'alternative'",105.0,0.2612,1.0242,neutral,Take Me Out Franz Ferdinand,2025/12/17
POGO,Organek,POGO,25.0,2021-12-03,2021,1,"'blues', 'alternative rock', 'polish', 'rock', 'alternative'","'blues', 'alternative rock', 'rock', 'alternative'",148.0,0.2064,0.817,energetic,POGO Organek,2025/12/17
Hollywood,LA Vision,Hollywood,58.0,2020-05-29,2020,2,'techno','techno',115.0,0.2694,1.1552,neutral,Hollywood LA Vision,2025/12/17
Animals,Martin Garrix,Animals,72.0,2013-06-17,2013,9,"'House', 'electronic', 'dance', 'electropop', 'pop'","'House', 'electronic', 'electropop', 'pop'",129.0,0.2948,1.2828,energetic,Animals Martin Garrix,2025/12/17
Mississippi w Ogniu,Organek,Czarna Madonna,42.0,2016-11-04,2016,6,"'blues', 'alternative rock', 'polish', 'rock', 'alternative'","'blues', 'alternative rock', 'rock', 'alternative'",136.0,0.2376,0.9613,energetic,Mississippi w Ogniu Organek,2025/12/17
Hi-fi - Live,Piotr Rogucki,Męskie granie 2017,35.0,2017-11-10,2017,5,"'polish', 'poezja śpiewana', 'poetry', 'acoustic', 'rock'",'rock',129.0,0.2311,1.0841,energetic,Hi-fi - Live Piotr Rogucki,2025/12/17
Take You Dancing,Jason Derulo,Take You Dancing,72.0,2020-07-22,2020,2,,,112.0,0.3054,1.2824,bright,Take You Dancing Jason Derulo,2025/12/17
Give Me Everything (feat. Nayer),Pitbull,Planet Pit (Deluxe Version),88.0,2011-06-17,2011,11,"'Afrojack', 'Ne-Yo', 'rap', 'hip hop', 'dance'",'rap',129.0,0.0999,1.1297,energetic,Give Me Everything (feat. Nayer) Pitbull,2025/12/17
